position,AA,IMO,start,end,length,center
1,M,I,1,8,8,"(0.0, 0.0)"
2,E,I,1,8,8,"(0.2, -0.34641)"
3,P,I,1,8,8,"(0.6, -0.34641)"
4,H,I,1,8,8,"(0.8, 0.0)"
5,V,I,1,8,8,"(0.8, 0.4)"
6,L,I,1,8,8,"(0.8, 0.8)"
7,G,I,1,8,8,"(0.8, 1.2)"
8,A,I,1,8,8,"(0.8, 1.6)"
9,V,M,9,25,17,"(0.8, 2.0)"
10,L,M,9,25,17,"(1.158968, 2.176471)"
11,Y,M,9,25,17,"(0.8, 2.352941)"
12,W,M,9,25,17,"(1.158968, 2.529412)"
13,L,M,9,25,17,"(0.8, 2.705882)"
14,L,M,9,25,17,"(1.158968, 2.882353)"
15,L,M,9,25,17,"(0.8, 3.058824)"
16,P,M,9,25,17,"(1.158968, 3.235294)"
17,C,M,9,25,17,"(0.8, 3.411765)"
18,A,M,9,25,17,"(1.158968, 3.588235)"
19,L,M,9,25,17,"(0.8, 3.764706)"
20,L,M,9,25,17,"(1.158968, 3.941176)"
21,A,M,9,25,17,"(0.8, 4.117647)"
22,A,M,9,25,17,"(1.158968, 4.294118)"
23,C,M,9,25,17,"(0.8, 4.470588)"
24,L,M,9,25,17,"(1.158968, 4.647059)"
25,L,M,9,25,17,"(0.8, 4.823529)"
26,R,O,26,28,3,"(0.8, 5.223529)"
27,F,O,26,28,3,"(1.14641, 5.423529)"
28,S,O,26,28,3,"(1.34641, 5.077119)"
29,G,M,29,44,16,"(1.34641, 4.677119)"
30,L,M,29,44,16,"(0.993078, 4.489619)"
31,S,M,29,44,16,"(1.34641, 4.302119)"
32,L,M,29,44,16,"(0.993078, 4.114619)"
33,V,M,29,44,16,"(1.34641, 3.927119)"
34,Y,M,29,44,16,"(0.993078, 3.739619)"
35,L,M,29,44,16,"(1.34641, 3.552119)"
36,L,M,29,44,16,"(0.993078, 3.364619)"
37,F,M,29,44,16,"(1.34641, 3.177119)"
38,L,M,29,44,16,"(0.993078, 2.989619)"
39,L,M,29,44,16,"(1.34641, 2.802119)"
40,L,M,29,44,16,"(0.993078, 2.614619)"
41,L,M,29,44,16,"(1.34641, 2.427119)"
42,P,M,29,44,16,"(0.993078, 2.239619)"
43,W,M,29,44,16,"(1.34641, 2.052119)"
44,F,M,29,44,16,"(0.993078, 1.864619)"
45,P,I,45,58,14,"(0.993078, 1.464619)"
46,G,I,45,58,14,"(0.993078, 1.064619)"
47,P,I,45,58,14,"(0.993078, 0.664619)"
48,T,I,45,58,14,"(0.993078, 0.264619)"
49,R,I,45,58,14,"(0.993078, -0.135381)"
50,C,I,45,58,14,"(0.993078, -0.535381)"
51,G,I,45,58,14,"(1.193078, -0.881791)"
52,L,I,45,58,14,"(1.593078, -0.881791)"
53,Q,I,45,58,14,"(1.793078, -0.535381)"
54,G,I,45,58,14,"(1.793078, -0.135381)"
55,H,I,45,58,14,"(1.793078, 0.264619)"
56,T,I,45,58,14,"(1.793078, 0.664619)"
57,G,I,45,58,14,"(1.793078, 1.064619)"
58,R,I,45,58,14,"(1.793078, 1.464619)"
59,L,M,59,84,26,"(1.793078, 1.864619)"
60,L,M,59,84,26,"(2.176074, 1.980004)"
61,R,M,59,84,26,"(1.793078, 2.095388)"
62,A,M,59,84,26,"(2.176074, 2.210773)"
63,L,M,59,84,26,"(1.793078, 2.326158)"
64,L,M,59,84,26,"(2.176074, 2.441542)"
65,G,M,59,84,26,"(1.793078, 2.556927)"
66,L,M,59,84,26,"(2.176074, 2.672312)"
67,S,M,59,84,26,"(1.793078, 2.787696)"
68,L,M,59,84,26,"(2.176074, 2.903081)"
69,L,M,59,84,26,"(1.793078, 3.018465)"
70,F,M,59,84,26,"(2.176074, 3.13385)"
71,L,M,59,84,26,"(1.793078, 3.249235)"
72,V,M,59,84,26,"(2.176074, 3.364619)"
73,A,M,59,84,26,"(1.793078, 3.480004)"
74,H,M,59,84,26,"(2.176074, 3.595388)"
75,L,M,59,84,26,"(1.793078, 3.710773)"
76,A,M,59,84,26,"(2.176074, 3.826158)"
77,L,M,59,84,26,"(1.793078, 3.941542)"
78,Q,M,59,84,26,"(2.176074, 4.056927)"
79,I,M,59,84,26,"(1.793078, 4.172312)"
80,C,M,59,84,26,"(2.176074, 4.287696)"
81,L,M,59,84,26,"(1.793078, 4.403081)"
82,H,M,59,84,26,"(2.176074, 4.518465)"
83,I,M,59,84,26,"(1.793078, 4.63385)"
84,V,M,59,84,26,"(2.176074, 4.749235)"
85,P,O,85,121,37,"(2.176074, 5.149235)"
86,R,O,85,121,37,"(2.176074, 5.549235)"
87,L,O,85,121,37,"(2.176074, 5.949235)"
88,D,O,85,121,37,"(2.176074, 6.349235)"
89,Q,O,85,121,37,"(2.176074, 6.749235)"
90,L,O,85,121,37,"(2.176074, 7.149235)"
91,L,O,85,121,37,"(2.176074, 7.549235)"
92,G,O,85,121,37,"(2.176074, 7.949235)"
93,P,O,85,121,37,"(2.176074, 8.349235)"
94,S,O,85,121,37,"(2.176074, 8.749235)"
95,C,O,85,121,37,"(2.176074, 9.149235)"
96,S,O,85,121,37,"(2.176074, 9.549235)"
97,R,O,85,121,37,"(2.176074, 9.949235)"
98,W,O,85,121,37,"(2.176074, 10.349235)"
99,E,O,85,121,37,"(2.176074, 10.749235)"
100,T,O,85,121,37,"(2.176074, 11.149235)"
101,L,O,85,121,37,"(2.176074, 11.549235)"
102,S,O,85,121,37,"(2.176074, 11.949235)"
103,R,O,85,121,37,"(2.522485, 12.149235)"
104,H,O,85,121,37,"(2.868895, 11.949235)"
105,I,O,85,121,37,"(2.868895, 11.549235)"
106,G,O,85,121,37,"(2.868895, 11.149235)"
107,V,O,85,121,37,"(2.868895, 10.749235)"
108,T,O,85,121,37,"(2.868895, 10.349235)"
109,R,O,85,121,37,"(2.868895, 9.949235)"
110,L,O,85,121,37,"(2.868895, 9.549235)"
111,D,O,85,121,37,"(2.868895, 9.149235)"
112,L,O,85,121,37,"(2.868895, 8.749235)"
113,K,O,85,121,37,"(2.868895, 8.349235)"
114,D,O,85,121,37,"(2.868895, 7.949235)"
115,I,O,85,121,37,"(2.868895, 7.549235)"
116,P,O,85,121,37,"(2.868895, 7.149235)"
117,N,O,85,121,37,"(2.868895, 6.749235)"
118,A,O,85,121,37,"(2.868895, 6.349235)"
119,I,O,85,121,37,"(2.868895, 5.949235)"
120,R,O,85,121,37,"(2.868895, 5.549235)"
121,L,O,85,121,37,"(2.868895, 5.149235)"
122,V,M,122,138,17,"(2.868895, 4.749235)"
123,A,M,122,138,17,"(3.227863, 4.572764)"
124,P,M,122,138,17,"(2.868895, 4.396293)"
125,D,M,122,138,17,"(3.227863, 4.219823)"
126,L,M,122,138,17,"(2.868895, 4.043352)"
127,G,M,122,138,17,"(3.227863, 3.866882)"
128,I,M,122,138,17,"(2.868895, 3.690411)"
129,L,M,122,138,17,"(3.227863, 3.513941)"
130,V,M,122,138,17,"(2.868895, 3.33747)"
131,V,M,122,138,17,"(3.227863, 3.160999)"
132,S,M,122,138,17,"(2.868895, 2.984529)"
133,S,M,122,138,17,"(3.227863, 2.808058)"
134,V,M,122,138,17,"(2.868895, 2.631588)"
135,C,M,122,138,17,"(3.227863, 2.455117)"
136,L,M,122,138,17,"(2.868895, 2.278646)"
137,G,M,122,138,17,"(3.227863, 2.102176)"
138,I,M,122,138,17,"(2.868895, 1.925705)"
139,C,I,139,193,55,"(2.868895, 1.525705)"
140,G,I,139,193,55,"(2.868895, 1.125705)"
141,R,I,139,193,55,"(2.868895, 0.725705)"
142,L,I,139,193,55,"(2.868895, 0.325705)"
143,A,I,139,193,55,"(2.868895, -0.074295)"
144,R,I,139,193,55,"(2.868895, -0.474295)"
145,N,I,139,193,55,"(2.868895, -0.874295)"
146,T,I,139,193,55,"(2.868895, -1.274295)"
147,R,I,139,193,55,"(2.868895, -1.674295)"
148,Q,I,139,193,55,"(2.868895, -2.074295)"
149,S,I,139,193,55,"(2.868895, -2.474295)"
150,P,I,139,193,55,"(2.868895, -2.874295)"
151,H,I,139,193,55,"(2.868895, -3.274295)"
152,P,I,139,193,55,"(2.868895, -3.674295)"
153,R,I,139,193,55,"(2.868895, -4.074295)"
154,E,I,139,193,55,"(3.215305, -4.274295)"
155,L,I,139,193,55,"(3.561715, -4.074295)"
156,D,I,139,193,55,"(3.561715, -3.674295)"
157,D,I,139,193,55,"(3.561715, -3.274295)"
158,D,I,139,193,55,"(3.561715, -2.874295)"
159,E,I,139,193,55,"(3.561715, -2.474295)"
160,R,I,139,193,55,"(3.561715, -2.074295)"
161,D,I,139,193,55,"(3.561715, -1.674295)"
162,V,I,139,193,55,"(3.561715, -1.274295)"
163,D,I,139,193,55,"(3.561715, -0.874295)"
164,A,I,139,193,55,"(3.561715, -0.474295)"
165,S,I,139,193,55,"(3.561715, -0.074295)"
166,P,I,139,193,55,"(3.908125, -0.274295)"
167,T,I,139,193,55,"(4.254535, -0.074295)"
168,A,I,139,193,55,"(4.254535, -0.474295)"
169,G,I,139,193,55,"(4.254535, -0.874295)"
170,L,I,139,193,55,"(4.254535, -1.274295)"
171,Q,I,139,193,55,"(4.254535, -1.674295)"
172,E,I,139,193,55,"(4.254535, -2.074295)"
173,A,I,139,193,55,"(4.254535, -2.474295)"
174,A,I,139,193,55,"(4.254535, -2.874295)"
175,T,I,139,193,55,"(4.254535, -3.274295)"
176,L,I,139,193,55,"(4.254535, -3.674295)"
177,A,I,139,193,55,"(4.254535, -4.074295)"
178,P,I,139,193,55,"(4.600946, -4.274295)"
179,T,I,139,193,55,"(4.947356, -4.074295)"
180,R,I,139,193,55,"(4.947356, -3.674295)"
181,R,I,139,193,55,"(4.947356, -3.274295)"
182,S,I,139,193,55,"(4.947356, -2.874295)"
183,R,I,139,193,55,"(4.947356, -2.474295)"
184,L,I,139,193,55,"(4.947356, -2.074295)"
185,A,I,139,193,55,"(4.947356, -1.674295)"
186,A,I,139,193,55,"(4.947356, -1.274295)"
187,R,I,139,193,55,"(4.947356, -0.874295)"
188,F,I,139,193,55,"(4.947356, -0.474295)"
189,R,I,139,193,55,"(4.947356, -0.074295)"
190,V,I,139,193,55,"(4.947356, 0.325705)"
191,T,I,139,193,55,"(4.947356, 0.725705)"
192,A,I,139,193,55,"(4.947356, 1.125705)"
193,H,I,139,193,55,"(4.947356, 1.525705)"
194,W,M,194,214,21,"(4.947356, 1.925705)"
195,L,M,194,214,21,"(5.320976, 2.068562)"
196,L,M,194,214,21,"(4.947356, 2.21142)"
197,V,M,194,214,21,"(5.320976, 2.354277)"
198,A,M,194,214,21,"(4.947356, 2.497134)"
199,A,M,194,214,21,"(5.320976, 2.639991)"
200,G,M,194,214,21,"(4.947356, 2.782848)"
201,R,M,194,214,21,"(5.320976, 2.925705)"
202,V,M,194,214,21,"(4.947356, 3.068562)"
203,L,M,194,214,21,"(5.320976, 3.21142)"
204,A,M,194,214,21,"(4.947356, 3.354277)"
205,V,M,194,214,21,"(5.320976, 3.497134)"
206,T,M,194,214,21,"(4.947356, 3.639991)"
207,L,M,194,214,21,"(5.320976, 3.782848)"
208,L,M,194,214,21,"(4.947356, 3.925705)"
209,A,M,194,214,21,"(5.320976, 4.068562)"
210,L,M,194,214,21,"(4.947356, 4.21142)"
211,A,M,194,214,21,"(5.320976, 4.354277)"
212,G,M,194,214,21,"(4.947356, 4.497134)"
213,I,M,194,214,21,"(5.320976, 4.639991)"
214,A,M,194,214,21,"(4.947356, 4.782848)"
215,H,O,215,216,2,"(5.147356, 5.129258)"
216,P,O,215,216,2,"(5.547356, 5.129258)"
217,S,M,217,235,19,"(5.747356, 4.782848)"
218,A,M,217,235,19,"(6.114873, 4.624953)"
219,L,M,217,235,19,"(5.747356, 4.467059)"
220,S,M,217,235,19,"(6.114873, 4.309164)"
221,S,M,217,235,19,"(5.747356, 4.151269)"
222,V,M,217,235,19,"(6.114873, 3.993374)"
223,Y,M,217,235,19,"(5.747356, 3.83548)"
224,L,M,217,235,19,"(6.114873, 3.677585)"
225,L,M,217,235,19,"(5.747356, 3.51969)"
226,L,M,217,235,19,"(6.114873, 3.361795)"
227,F,M,217,235,19,"(5.747356, 3.203901)"
228,L,M,217,235,19,"(6.114873, 3.046006)"
229,A,M,217,235,19,"(5.747356, 2.888111)"
230,L,M,217,235,19,"(6.114873, 2.730217)"
231,C,M,217,235,19,"(5.747356, 2.572322)"
232,T,M,217,235,19,"(6.114873, 2.414427)"
233,W,M,217,235,19,"(5.747356, 2.256532)"
234,W,M,217,235,19,"(6.114873, 2.098638)"
235,A,M,217,235,19,"(5.747356, 1.940743)"
236,C,I,236,247,12,"(5.747356, 1.540743)"
237,H,I,236,247,12,"(5.747356, 1.140743)"
238,F,I,236,247,12,"(5.747356, 0.740743)"
239,P,I,236,247,12,"(5.747356, 0.340743)"
240,I,I,236,247,12,"(5.747356, -0.059257)"
241,S,I,236,247,12,"(5.947356, -0.405667)"
242,T,I,236,247,12,"(6.347356, -0.405667)"
243,R,I,236,247,12,"(6.547356, -0.059257)"
244,G,I,236,247,12,"(6.547356, 0.340743)"
245,F,I,236,247,12,"(6.547356, 0.740743)"
246,S,I,236,247,12,"(6.547356, 1.140743)"
247,R,I,236,247,12,"(6.547356, 1.540743)"
248,L,M,248,268,21,"(6.547356, 1.940743)"
249,C,M,248,268,21,"(6.920976, 2.0836)"
250,V,M,248,268,21,"(6.547356, 2.226457)"
251,A,M,248,268,21,"(6.920976, 2.369314)"
252,V,M,248,268,21,"(6.547356, 2.512171)"
253,G,M,248,268,21,"(6.920976, 2.655029)"
254,C,M,248,268,21,"(6.547356, 2.797886)"
255,F,M,248,268,21,"(6.920976, 2.940743)"
256,G,M,248,268,21,"(6.547356, 3.0836)"
257,A,M,248,268,21,"(6.920976, 3.226457)"
258,G,M,248,268,21,"(6.547356, 3.369314)"
259,H,M,248,268,21,"(6.920976, 3.512171)"
260,L,M,248,268,21,"(6.547356, 3.655029)"
261,I,M,248,268,21,"(6.920976, 3.797886)"
262,C,M,248,268,21,"(6.547356, 3.940743)"
263,L,M,248,268,21,"(6.920976, 4.0836)"
264,Y,M,248,268,21,"(6.547356, 4.226457)"
265,C,M,248,268,21,"(6.920976, 4.369314)"
266,Y,M,248,268,21,"(6.547356, 4.512171)"
267,Q,M,248,268,21,"(6.920976, 4.655029)"
268,M,M,248,268,21,"(6.547356, 4.797886)"
269,P,O,269,309,41,"(6.547356, 5.197886)"
270,L,O,269,309,41,"(6.547356, 5.597886)"
271,A,O,269,309,41,"(6.547356, 5.997886)"
272,Q,O,269,309,41,"(6.547356, 6.397886)"
273,A,O,269,309,41,"(6.547356, 6.797886)"
274,L,O,269,309,41,"(6.547356, 7.197886)"
275,L,O,269,309,41,"(6.547356, 7.597886)"
276,P,O,269,309,41,"(6.547356, 7.997886)"
277,P,O,269,309,41,"(6.547356, 8.397886)"
278,A,O,269,309,41,"(6.547356, 8.797886)"
279,G,O,269,309,41,"(6.547356, 9.197886)"
280,I,O,269,309,41,"(6.893766, 9.397886)"
281,W,O,269,309,41,"(7.240176, 9.197886)"
282,A,O,269,309,41,"(7.240176, 8.797886)"
283,R,O,269,309,41,"(7.240176, 8.397886)"
284,V,O,269,309,41,"(7.240176, 7.997886)"
285,L,O,269,309,41,"(7.240176, 7.597886)"
286,G,O,269,309,41,"(7.240176, 7.197886)"
287,L,O,269,309,41,"(7.240176, 6.797886)"
288,K,O,269,309,41,"(7.440176, 7.144296)"
289,D,O,269,309,41,"(7.840176, 7.144296)"
290,F,O,269,309,41,"(8.040176, 6.797886)"
291,V,O,269,309,41,"(8.040176, 7.197886)"
292,G,O,269,309,41,"(8.040176, 7.597886)"
293,P,O,269,309,41,"(8.040176, 7.997886)"
294,T,O,269,309,41,"(8.040176, 8.397886)"
295,N,O,269,309,41,"(8.040176, 8.797886)"
296,C,O,269,309,41,"(8.040176, 9.197886)"
297,S,O,269,309,41,"(8.240176, 9.544296)"
298,S,O,269,309,41,"(8.640176, 9.544296)"
299,P,O,269,309,41,"(8.840176, 9.197886)"
300,H,O,269,309,41,"(8.840176, 8.797886)"
301,A,O,269,309,41,"(8.840176, 8.397886)"
302,L,O,269,309,41,"(8.840176, 7.997886)"
303,V,O,269,309,41,"(8.840176, 7.597886)"
304,L,O,269,309,41,"(8.840176, 7.197886)"
305,N,O,269,309,41,"(8.840176, 6.797886)"
306,T,O,269,309,41,"(8.840176, 6.397886)"
307,G,O,269,309,41,"(8.840176, 5.997886)"
308,L,O,269,309,41,"(8.840176, 5.597886)"
309,D,O,269,309,41,"(8.840176, 5.197886)"
310,W,M,310,329,20,"(8.840176, 4.797886)"
311,P,M,310,329,20,"(8.469366, 4.647886)"
312,V,M,310,329,20,"(8.840176, 4.497886)"
313,Y,M,310,329,20,"(8.469366, 4.347886)"
314,A,M,310,329,20,"(8.840176, 4.197886)"
315,S,M,310,329,20,"(8.469366, 4.047886)"
316,P,M,310,329,20,"(8.840176, 3.897886)"
317,G,M,310,329,20,"(8.469366, 3.747886)"
318,V,M,310,329,20,"(8.840176, 3.597886)"
319,L,M,310,329,20,"(8.469366, 3.447886)"
320,L,M,310,329,20,"(8.840176, 3.297886)"
321,L,M,310,329,20,"(8.469366, 3.147886)"
322,L,M,310,329,20,"(8.840176, 2.997886)"
323,C,M,310,329,20,"(8.469366, 2.847886)"
324,Y,M,310,329,20,"(8.840176, 2.697886)"
325,A,M,310,329,20,"(8.469366, 2.547886)"
326,T,M,310,329,20,"(8.840176, 2.397886)"
327,A,M,310,329,20,"(8.469366, 2.247886)"
328,S,M,310,329,20,"(8.840176, 2.097886)"
329,L,M,310,329,20,"(8.469366, 1.947886)"
330,R,I,330,417,88,"(8.469366, 1.547886)"
331,K,I,330,417,88,"(8.469366, 1.147886)"
332,L,I,330,417,88,"(8.469366, 0.747886)"
333,R,I,330,417,88,"(8.469366, 0.347886)"
334,A,I,330,417,88,"(8.469366, -0.052114)"
335,Y,I,330,417,88,"(8.469366, -0.452114)"
336,R,I,330,417,88,"(8.469366, -0.852114)"
337,P,I,330,417,88,"(8.469366, -1.252114)"
338,S,I,330,417,88,"(8.469366, -1.652114)"
339,G,I,330,417,88,"(8.469366, -2.052114)"
340,Q,I,330,417,88,"(8.469366, -2.452114)"
341,R,I,330,417,88,"(8.469366, -2.852114)"
342,K,I,330,417,88,"(8.469366, -3.252114)"
343,E,I,330,417,88,"(8.469366, -3.652114)"
344,A,I,330,417,88,"(8.469366, -4.052114)"
345,A,I,330,417,88,"(8.469366, -4.452114)"
346,K,I,330,417,88,"(8.815776, -4.652114)"
347,G,I,330,417,88,"(9.162186, -4.452114)"
348,Y,I,330,417,88,"(9.162186, -4.052114)"
349,E,I,330,417,88,"(9.162186, -3.652114)"
350,A,I,330,417,88,"(9.162186, -3.252114)"
351,R,I,330,417,88,"(9.162186, -2.852114)"
352,E,I,330,417,88,"(9.162186, -2.452114)"
353,L,I,330,417,88,"(9.162186, -2.052114)"
354,E,I,330,417,88,"(9.162186, -1.652114)"
355,L,I,330,417,88,"(9.162186, -1.252114)"
356,A,I,330,417,88,"(9.162186, -0.852114)"
357,E,I,330,417,88,"(9.162186, -0.452114)"
358,L,I,330,417,88,"(9.162186, -0.052114)"
359,D,I,330,417,88,"(9.508597, -0.252114)"
360,Q,I,330,417,88,"(9.855007, -0.052114)"
361,W,I,330,417,88,"(9.855007, -0.452114)"
362,P,I,330,417,88,"(9.855007, -0.852114)"
363,Q,I,330,417,88,"(9.855007, -1.252114)"
364,E,I,330,417,88,"(9.855007, -1.652114)"
365,R,I,330,417,88,"(9.855007, -2.052114)"
366,E,I,330,417,88,"(9.855007, -2.452114)"
367,S,I,330,417,88,"(9.855007, -2.852114)"
368,D,I,330,417,88,"(9.855007, -3.252114)"
369,Q,I,330,417,88,"(9.855007, -3.652114)"
370,H,I,330,417,88,"(9.855007, -4.052114)"
371,V,I,330,417,88,"(9.855007, -4.452114)"
372,V,I,330,417,88,"(10.055007, -4.798524)"
373,P,I,330,417,88,"(10.455007, -4.798524)"
374,T,I,330,417,88,"(10.655007, -4.452114)"
375,A,I,330,417,88,"(10.655007, -4.052114)"
376,P,I,330,417,88,"(10.655007, -3.652114)"
377,D,I,330,417,88,"(10.655007, -3.252114)"
378,T,I,330,417,88,"(10.655007, -2.852114)"
379,E,I,330,417,88,"(10.655007, -2.452114)"
380,A,I,330,417,88,"(10.655007, -2.052114)"
381,D,I,330,417,88,"(10.655007, -1.652114)"
382,N,I,330,417,88,"(10.655007, -1.252114)"
383,C,I,330,417,88,"(10.655007, -0.852114)"
384,I,I,330,417,88,"(10.655007, -0.452114)"
385,V,I,330,417,88,"(10.655007, -0.052114)"
386,H,I,330,417,88,"(10.855007, -0.398524)"
387,E,I,330,417,88,"(11.255007, -0.398524)"
388,L,I,330,417,88,"(11.455007, -0.052114)"
389,T,I,330,417,88,"(11.455007, -0.452114)"
390,G,I,330,417,88,"(11.455007, -0.852114)"
391,Q,I,330,417,88,"(11.455007, -1.252114)"
392,S,I,330,417,88,"(11.455007, -1.652114)"
393,S,I,330,417,88,"(11.455007, -2.052114)"
394,V,I,330,417,88,"(11.455007, -2.452114)"
395,L,I,330,417,88,"(11.455007, -2.852114)"
396,R,I,330,417,88,"(11.455007, -3.252114)"
397,R,I,330,417,88,"(11.455007, -3.652114)"
398,P,I,330,417,88,"(11.455007, -4.052114)"
399,V,I,330,417,88,"(11.455007, -4.452114)"
400,R,I,330,417,88,"(11.655007, -4.798524)"
401,P,I,330,417,88,"(12.055007, -4.798524)"
402,K,I,330,417,88,"(12.255007, -4.452114)"
403,R,I,330,417,88,"(12.255007, -4.052114)"
404,A,I,330,417,88,"(12.255007, -3.652114)"
405,E,I,330,417,88,"(12.255007, -3.252114)"
406,P,I,330,417,88,"(12.255007, -2.852114)"
407,R,I,330,417,88,"(12.255007, -2.452114)"
408,E,I,330,417,88,"(12.255007, -2.052114)"
409,A,I,330,417,88,"(12.255007, -1.652114)"
410,S,I,330,417,88,"(12.255007, -1.252114)"
411,P,I,330,417,88,"(12.255007, -0.852114)"
412,L,I,330,417,88,"(12.255007, -0.452114)"
413,H,I,330,417,88,"(12.255007, -0.052114)"
414,S,I,330,417,88,"(12.255007, 0.347886)"
415,L,I,330,417,88,"(12.255007, 0.747886)"
416,G,I,330,417,88,"(12.255007, 1.147886)"
417,H,I,330,417,88,"(12.255007, 1.547886)"
418,L,M,418,438,21,"(12.255007, 1.947886)"
419,I,M,418,438,21,"(12.628627, 2.090743)"
420,M,M,418,438,21,"(12.255007, 2.2336)"
421,D,M,418,438,21,"(12.628627, 2.376457)"
422,Q,M,418,438,21,"(12.255007, 2.519314)"
423,S,M,418,438,21,"(12.628627, 2.662171)"
424,Y,M,418,438,21,"(12.255007, 2.805029)"
425,V,M,418,438,21,"(12.628627, 2.947886)"
426,C,M,418,438,21,"(12.255007, 3.090743)"
427,A,M,418,438,21,"(12.628627, 3.2336)"
428,L,M,418,438,21,"(12.255007, 3.376457)"
429,I,M,418,438,21,"(12.628627, 3.519314)"
430,A,M,418,438,21,"(12.255007, 3.662171)"
431,M,M,418,438,21,"(12.628627, 3.805029)"
432,M,M,418,438,21,"(12.255007, 3.947886)"
433,V,M,418,438,21,"(12.628627, 4.090743)"
434,W,M,418,438,21,"(12.255007, 4.2336)"
435,S,M,418,438,21,"(12.628627, 4.376457)"
436,I,M,418,438,21,"(12.255007, 4.519314)"
437,T,M,418,438,21,"(12.628627, 4.662171)"
438,Y,M,418,438,21,"(12.255007, 4.805029)"
439,H,O,439,440,2,"(12.455007, 5.151439)"
440,S,O,439,440,2,"(12.855007, 5.151439)"
441,W,M,441,456,16,"(13.055007, 4.805029)"
442,L,M,441,456,16,"(12.701674, 4.617529)"
443,T,M,441,456,16,"(13.055007, 4.430029)"
444,F,M,441,456,16,"(12.701674, 4.242529)"
445,V,M,441,456,16,"(13.055007, 4.055029)"
446,L,M,441,456,16,"(12.701674, 3.867529)"
447,L,M,441,456,16,"(13.055007, 3.680029)"
448,L,M,441,456,16,"(12.701674, 3.492529)"
449,W,M,441,456,16,"(13.055007, 3.305029)"
450,A,M,441,456,16,"(12.701674, 3.117529)"
451,C,M,441,456,16,"(13.055007, 2.930029)"
452,L,M,441,456,16,"(12.701674, 2.742529)"
453,I,M,441,456,16,"(13.055007, 2.555029)"
454,W,M,441,456,16,"(12.701674, 2.367529)"
455,T,M,441,456,16,"(13.055007, 2.180029)"
456,V,M,441,456,16,"(12.701674, 1.992529)"
457,R,I,457,461,5,"(12.701674, 1.592529)"
458,S,I,457,461,5,"(12.701674, 1.192529)"
459,R,I,457,461,5,"(13.048085, 0.992529)"
460,H,I,457,461,5,"(13.394495, 1.192529)"
461,Q,I,457,461,5,"(13.394495, 1.592529)"
462,L,M,462,484,23,"(13.394495, 1.992529)"
463,A,M,462,484,23,"(13.772631, 2.122963)"
464,M,M,462,484,23,"(13.394495, 2.253398)"
465,L,M,462,484,23,"(13.772631, 2.383833)"
466,C,M,462,484,23,"(13.394495, 2.514268)"
467,S,M,462,484,23,"(13.772631, 2.644702)"
468,P,M,462,484,23,"(13.394495, 2.775137)"
469,C,M,462,484,23,"(13.772631, 2.905572)"
470,I,M,462,484,23,"(13.394495, 3.036007)"
471,L,M,462,484,23,"(13.772631, 3.166442)"
472,L,M,462,484,23,"(13.394495, 3.296876)"
473,Y,M,462,484,23,"(13.772631, 3.427311)"
474,G,M,462,484,23,"(13.394495, 3.557746)"
475,M,M,462,484,23,"(13.772631, 3.688181)"
476,T,M,462,484,23,"(13.394495, 3.818615)"
477,L,M,462,484,23,"(13.772631, 3.94905)"
478,C,M,462,484,23,"(13.394495, 4.079485)"
479,C,M,462,484,23,"(13.772631, 4.20992)"
480,L,M,462,484,23,"(13.394495, 4.340355)"
481,R,M,462,484,23,"(13.772631, 4.470789)"
482,Y,M,462,484,23,"(13.394495, 4.601224)"
483,V,M,462,484,23,"(13.772631, 4.731659)"
484,W,M,462,484,23,"(13.394495, 4.862094)"
485,A,O,485,512,28,"(13.394495, 5.262094)"
486,M,O,485,512,28,"(13.394495, 5.662094)"
487,D,O,485,512,28,"(13.394495, 6.062094)"
488,L,O,485,512,28,"(13.394495, 6.462094)"
489,R,O,485,512,28,"(13.394495, 6.862094)"
490,P,O,485,512,28,"(13.394495, 7.262094)"
491,E,O,485,512,28,"(13.394495, 7.662094)"
492,L,O,485,512,28,"(13.394495, 8.062094)"
493,P,O,485,512,28,"(13.394495, 8.462094)"
494,T,O,485,512,28,"(13.394495, 8.862094)"
495,T,O,485,512,28,"(13.394495, 9.262094)"
496,L,O,485,512,28,"(13.394495, 9.662094)"
497,G,O,485,512,28,"(13.394495, 10.062094)"
498,P,O,485,512,28,"(13.594495, 10.408504)"
499,V,O,485,512,28,"(13.994495, 10.408504)"
500,S,O,485,512,28,"(14.194495, 10.062094)"
501,L,O,485,512,28,"(14.194495, 9.662094)"
502,R,O,485,512,28,"(14.194495, 9.262094)"
503,Q,O,485,512,28,"(14.194495, 8.862094)"
504,L,O,485,512,28,"(14.194495, 8.462094)"
505,G,O,485,512,28,"(14.194495, 8.062094)"
506,L,O,485,512,28,"(14.194495, 7.662094)"
507,E,O,485,512,28,"(14.194495, 7.262094)"
508,H,O,485,512,28,"(14.194495, 6.862094)"
509,T,O,485,512,28,"(14.194495, 6.462094)"
510,R,O,485,512,28,"(14.194495, 6.062094)"
511,Y,O,485,512,28,"(14.194495, 5.662094)"
512,P,O,485,512,28,"(14.194495, 5.262094)"
513,C,M,513,530,18,"(14.194495, 4.862094)"
514,L,M,513,530,18,"(13.830871, 4.695427)"
515,D,M,513,530,18,"(14.194495, 4.52876)"
516,L,M,513,530,18,"(13.830871, 4.362094)"
517,G,M,513,530,18,"(14.194495, 4.195427)"
518,A,M,513,530,18,"(13.830871, 4.02876)"
519,M,M,513,530,18,"(14.194495, 3.862094)"
520,L,M,513,530,18,"(13.830871, 3.695427)"
521,L,M,513,530,18,"(14.194495, 3.52876)"
522,Y,M,513,530,18,"(13.830871, 3.362094)"
523,T,M,513,530,18,"(14.194495, 3.195427)"
524,L,M,513,530,18,"(13.830871, 3.02876)"
525,T,M,513,530,18,"(14.194495, 2.862094)"
526,F,M,513,530,18,"(13.830871, 2.695427)"
527,W,M,513,530,18,"(14.194495, 2.52876)"
528,L,M,513,530,18,"(13.830871, 2.362094)"
529,L,M,513,530,18,"(14.194495, 2.195427)"
530,L,M,513,530,18,"(13.830871, 2.02876)"
531,R,I,531,574,44,"(13.830871, 1.62876)"
532,Q,I,531,574,44,"(13.830871, 1.22876)"
533,F,I,531,574,44,"(13.830871, 0.82876)"
534,V,I,531,574,44,"(13.830871, 0.42876)"
535,K,I,531,574,44,"(13.830871, 0.02876)"
536,E,I,531,574,44,"(13.830871, -0.37124)"
537,K,I,531,574,44,"(13.830871, -0.77124)"
538,L,I,531,574,44,"(13.830871, -1.17124)"
539,L,I,531,574,44,"(13.830871, -1.57124)"
540,K,I,531,574,44,"(13.830871, -1.97124)"
541,W,I,531,574,44,"(13.830871, -2.37124)"
542,A,I,531,574,44,"(13.830871, -2.77124)"
543,E,I,531,574,44,"(14.177281, -2.97124)"
544,S,I,531,574,44,"(14.523691, -2.77124)"
545,P,I,531,574,44,"(14.523691, -2.37124)"
546,A,I,531,574,44,"(14.523691, -1.97124)"
547,A,I,531,574,44,"(14.523691, -1.57124)"
548,L,I,531,574,44,"(14.523691, -1.17124)"
549,T,I,531,574,44,"(14.523691, -0.77124)"
550,E,I,531,574,44,"(14.523691, -0.37124)"
551,V,I,531,574,44,"(14.523691, 0.02876)"
552,T,I,531,574,44,"(14.870101, -0.17124)"
553,V,I,531,574,44,"(15.216512, 0.02876)"
554,A,I,531,574,44,"(15.216512, -0.37124)"
555,D,I,531,574,44,"(15.216512, -0.77124)"
556,T,I,531,574,44,"(15.216512, -1.17124)"
557,E,I,531,574,44,"(15.216512, -1.57124)"
558,P,I,531,574,44,"(15.216512, -1.97124)"
559,T,I,531,574,44,"(15.216512, -2.37124)"
560,R,I,531,574,44,"(15.216512, -2.77124)"
561,T,I,531,574,44,"(15.416512, -3.11765)"
562,Q,I,531,574,44,"(15.816512, -3.11765)"
563,T,I,531,574,44,"(16.016512, -2.77124)"
564,L,I,531,574,44,"(16.016512, -2.37124)"
565,L,I,531,574,44,"(16.016512, -1.97124)"
566,Q,I,531,574,44,"(16.016512, -1.57124)"
567,S,I,531,574,44,"(16.016512, -1.17124)"
568,L,I,531,574,44,"(16.016512, -0.77124)"
569,G,I,531,574,44,"(16.016512, -0.37124)"
570,E,I,531,574,44,"(16.016512, 0.02876)"
571,L,I,531,574,44,"(16.016512, 0.42876)"
572,V,I,531,574,44,"(16.016512, 0.82876)"
573,K,I,531,574,44,"(16.016512, 1.22876)"
574,G,I,531,574,44,"(16.016512, 1.62876)"
575,V,M,575,595,21,"(16.016512, 2.02876)"
576,Y,M,575,595,21,"(16.390132, 2.171618)"
577,A,M,575,595,21,"(16.016512, 2.314475)"
578,K,M,575,595,21,"(16.390132, 2.457332)"
579,Y,M,575,595,21,"(16.016512, 2.600189)"
580,W,M,575,595,21,"(16.390132, 2.743046)"
581,I,M,575,595,21,"(16.016512, 2.885903)"
582,Y,M,575,595,21,"(16.390132, 3.02876)"
583,V,M,575,595,21,"(16.016512, 3.171618)"
584,C,M,575,595,21,"(16.390132, 3.314475)"
585,A,M,575,595,21,"(16.016512, 3.457332)"
586,G,M,575,595,21,"(16.390132, 3.600189)"
587,M,M,575,595,21,"(16.016512, 3.743046)"
588,F,M,575,595,21,"(16.390132, 3.885903)"
589,I,M,575,595,21,"(16.016512, 4.02876)"
590,V,M,575,595,21,"(16.390132, 4.171618)"
591,V,M,575,595,21,"(16.016512, 4.314475)"
592,S,M,575,595,21,"(16.390132, 4.457332)"
593,F,M,575,595,21,"(16.016512, 4.600189)"
594,A,M,575,595,21,"(16.390132, 4.743046)"
595,G,M,575,595,21,"(16.016512, 4.885903)"
596,R,O,596,596,1,"(16.362922, 5.085903)"
597,L,M,597,617,21,"(16.709332, 4.885903)"
598,V,M,597,617,21,"(17.082952, 4.743046)"
599,V,M,597,617,21,"(16.709332, 4.600189)"
600,Y,M,597,617,21,"(17.082952, 4.457332)"
601,K,M,597,617,21,"(16.709332, 4.314475)"
602,I,M,597,617,21,"(17.082952, 4.171618)"
603,V,M,597,617,21,"(16.709332, 4.02876)"
604,Y,M,597,617,21,"(17.082952, 3.885903)"
605,M,M,597,617,21,"(16.709332, 3.743046)"
606,F,M,597,617,21,"(17.082952, 3.600189)"
607,L,M,597,617,21,"(16.709332, 3.457332)"
608,F,M,597,617,21,"(17.082952, 3.314475)"
609,L,M,597,617,21,"(16.709332, 3.171618)"
610,L,M,597,617,21,"(17.082952, 3.02876)"
611,C,M,597,617,21,"(16.709332, 2.885903)"
612,L,M,597,617,21,"(17.082952, 2.743046)"
613,T,M,597,617,21,"(16.709332, 2.600189)"
614,L,M,597,617,21,"(17.082952, 2.457332)"
615,F,M,597,617,21,"(16.709332, 2.314475)"
616,Q,M,597,617,21,"(17.082952, 2.171618)"
617,V,M,597,617,21,"(16.709332, 2.02876)"
618,Y,I,618,627,10,"(16.709332, 1.62876)"
619,Y,I,618,627,10,"(16.709332, 1.22876)"
620,S,I,618,627,10,"(16.709332, 0.82876)"
621,L,I,618,627,10,"(16.709332, 0.42876)"
622,W,I,618,627,10,"(16.909332, 0.08235)"
623,R,I,618,627,10,"(17.309332, 0.08235)"
624,K,I,618,627,10,"(17.509332, 0.42876)"
625,L,I,618,627,10,"(17.509332, 0.82876)"
626,L,I,618,627,10,"(17.509332, 1.22876)"
627,K,I,618,627,10,"(17.509332, 1.62876)"
628,A,M,628,649,22,"(17.509332, 2.02876)"
629,F,M,628,649,22,"(17.88537, 2.165124)"
630,W,M,628,649,22,"(17.509332, 2.301488)"
631,W,M,628,649,22,"(17.88537, 2.437851)"
632,L,M,628,649,22,"(17.509332, 2.574215)"
633,V,M,628,649,22,"(17.88537, 2.710579)"
634,V,M,628,649,22,"(17.509332, 2.846942)"
635,A,M,628,649,22,"(17.88537, 2.983306)"
636,Y,M,628,649,22,"(17.509332, 3.11967)"
637,T,M,628,649,22,"(17.88537, 3.256033)"
638,M,M,628,649,22,"(17.509332, 3.392397)"
639,L,M,628,649,22,"(17.88537, 3.52876)"
640,V,M,628,649,22,"(17.509332, 3.665124)"
641,L,M,628,649,22,"(17.88537, 3.801488)"
642,I,M,628,649,22,"(17.509332, 3.937851)"
643,A,M,628,649,22,"(17.88537, 4.074215)"
644,V,M,628,649,22,"(17.509332, 4.210579)"
645,Y,M,628,649,22,"(17.88537, 4.346942)"
646,T,M,628,649,22,"(17.509332, 4.483306)"
647,F,M,628,649,22,"(17.88537, 4.61967)"
648,Q,M,628,649,22,"(17.509332, 4.756033)"
649,F,M,628,649,22,"(17.88537, 4.892397)"
650,Q,O,650,679,30,"(17.88537, 5.292397)"
651,D,O,650,679,30,"(17.88537, 5.692397)"
652,F,O,650,679,30,"(17.88537, 6.092397)"
653,P,O,650,679,30,"(17.88537, 6.492397)"
654,A,O,650,679,30,"(17.88537, 6.892397)"
655,Y,O,650,679,30,"(17.88537, 7.292397)"
656,W,O,650,679,30,"(17.88537, 7.692397)"
657,R,O,650,679,30,"(17.88537, 8.092397)"
658,N,O,650,679,30,"(17.88537, 8.492397)"
659,L,O,650,679,30,"(17.88537, 8.892397)"
660,T,O,650,679,30,"(17.88537, 9.292397)"
661,G,O,650,679,30,"(17.88537, 9.692397)"
662,F,O,650,679,30,"(17.88537, 10.092397)"
663,T,O,650,679,30,"(17.88537, 10.492397)"
664,D,O,650,679,30,"(18.08537, 10.838807)"
665,E,O,650,679,30,"(18.48537, 10.838807)"
666,Q,O,650,679,30,"(18.68537, 10.492397)"
667,L,O,650,679,30,"(18.68537, 10.092397)"
668,G,O,650,679,30,"(18.68537, 9.692397)"
669,D,O,650,679,30,"(18.68537, 9.292397)"
670,L,O,650,679,30,"(18.68537, 8.892397)"
671,G,O,650,679,30,"(18.68537, 8.492397)"
672,L,O,650,679,30,"(18.68537, 8.092397)"
673,E,O,650,679,30,"(18.68537, 7.692397)"
674,Q,O,650,679,30,"(18.68537, 7.292397)"
675,F,O,650,679,30,"(18.68537, 6.892397)"
676,S,O,650,679,30,"(18.68537, 6.492397)"
677,V,O,650,679,30,"(18.68537, 6.092397)"
678,S,O,650,679,30,"(18.68537, 5.692397)"
679,E,O,650,679,30,"(18.68537, 5.292397)"
680,L,M,680,696,17,"(18.68537, 4.892397)"
681,F,M,680,696,17,"(19.044339, 4.715926)"
682,S,M,680,696,17,"(18.68537, 4.539456)"
683,S,M,680,696,17,"(19.044339, 4.362985)"
684,I,M,680,696,17,"(18.68537, 4.186514)"
685,L,M,680,696,17,"(19.044339, 4.010044)"
686,V,M,680,696,17,"(18.68537, 3.833573)"
687,P,M,680,696,17,"(19.044339, 3.657103)"
688,G,M,680,696,17,"(18.68537, 3.480632)"
689,F,M,680,696,17,"(19.044339, 3.304161)"
690,F,M,680,696,17,"(18.68537, 3.127691)"
691,L,M,680,696,17,"(19.044339, 2.95122)"
692,L,M,680,696,17,"(18.68537, 2.77475)"
693,A,M,680,696,17,"(19.044339, 2.598279)"
694,C,M,680,696,17,"(18.68537, 2.421809)"
695,I,M,680,696,17,"(19.044339, 2.245338)"
696,L,M,680,696,17,"(18.68537, 2.068867)"
697,Q,I,697,813,117,"(18.68537, 1.668867)"
698,L,I,697,813,117,"(18.68537, 1.268867)"
699,H,I,697,813,117,"(18.68537, 0.868867)"
700,Y,I,697,813,117,"(18.68537, 0.468867)"
701,F,I,697,813,117,"(18.68537, 0.068867)"
702,H,I,697,813,117,"(18.68537, -0.331133)"
703,R,I,697,813,117,"(18.68537, -0.731133)"
704,P,I,697,813,117,"(18.68537, -1.131133)"
705,F,I,697,813,117,"(18.68537, -1.531133)"
706,M,I,697,813,117,"(18.68537, -1.931133)"
707,Q,I,697,813,117,"(18.68537, -2.331133)"
708,L,I,697,813,117,"(18.68537, -2.731133)"
709,T,I,697,813,117,"(18.68537, -3.131133)"
710,D,I,697,813,117,"(18.68537, -3.531133)"
711,M,I,697,813,117,"(18.68537, -3.931133)"
712,E,I,697,813,117,"(18.68537, -4.331133)"
713,H,I,697,813,117,"(19.031781, -4.531133)"
714,V,I,697,813,117,"(19.378191, -4.331133)"
715,S,I,697,813,117,"(19.378191, -3.931133)"
716,L,I,697,813,117,"(19.378191, -3.531133)"
717,P,I,697,813,117,"(19.378191, -3.131133)"
718,G,I,697,813,117,"(19.378191, -2.731133)"
719,T,I,697,813,117,"(19.378191, -2.331133)"
720,R,I,697,813,117,"(19.378191, -1.931133)"
721,L,I,697,813,117,"(19.378191, -1.531133)"
722,P,I,697,813,117,"(19.378191, -1.131133)"
723,R,I,697,813,117,"(19.378191, -0.731133)"
724,W,I,697,813,117,"(19.378191, -0.331133)"
725,A,I,697,813,117,"(19.378191, 0.068867)"
726,H,I,697,813,117,"(19.578191, -0.277543)"
727,R,I,697,813,117,"(19.978191, -0.277543)"
728,Q,I,697,813,117,"(20.178191, 0.068867)"
729,D,I,697,813,117,"(20.178191, -0.331133)"
730,A,I,697,813,117,"(20.178191, -0.731133)"
731,V,I,697,813,117,"(20.178191, -1.131133)"
732,S,I,697,813,117,"(20.178191, -1.531133)"
733,G,I,697,813,117,"(20.178191, -1.931133)"
734,T,I,697,813,117,"(20.178191, -2.331133)"
735,P,I,697,813,117,"(20.178191, -2.731133)"
736,L,I,697,813,117,"(20.178191, -3.131133)"
737,L,I,697,813,117,"(20.178191, -3.531133)"
738,R,I,697,813,117,"(20.178191, -3.931133)"
739,E,I,697,813,117,"(20.178191, -4.331133)"
740,E,I,697,813,117,"(20.378191, -4.677543)"
741,Q,I,697,813,117,"(20.778191, -4.677543)"
742,Q,I,697,813,117,"(20.978191, -4.331133)"
743,E,I,697,813,117,"(20.978191, -3.931133)"
744,H,I,697,813,117,"(20.978191, -3.531133)"
745,Q,I,697,813,117,"(20.978191, -3.131133)"
746,Q,I,697,813,117,"(20.978191, -2.731133)"
747,Q,I,697,813,117,"(20.978191, -2.331133)"
748,Q,I,697,813,117,"(20.978191, -1.931133)"
749,Q,I,697,813,117,"(20.978191, -1.531133)"
750,E,I,697,813,117,"(20.978191, -1.131133)"
751,E,I,697,813,117,"(20.978191, -0.731133)"
752,E,I,697,813,117,"(20.978191, -0.331133)"
753,E,I,697,813,117,"(20.978191, 0.068867)"
754,E,I,697,813,117,"(21.178191, -0.277543)"
755,E,I,697,813,117,"(21.578191, -0.277543)"
756,E,I,697,813,117,"(21.778191, 0.068867)"
757,D,I,697,813,117,"(21.778191, -0.331133)"
758,S,I,697,813,117,"(21.778191, -0.731133)"
759,R,I,697,813,117,"(21.778191, -1.131133)"
760,D,I,697,813,117,"(21.778191, -1.531133)"
761,E,I,697,813,117,"(21.778191, -1.931133)"
762,G,I,697,813,117,"(21.778191, -2.331133)"
763,L,I,697,813,117,"(21.778191, -2.731133)"
764,G,I,697,813,117,"(21.778191, -3.131133)"
765,V,I,697,813,117,"(21.778191, -3.531133)"
766,A,I,697,813,117,"(21.778191, -3.931133)"
767,T,I,697,813,117,"(21.778191, -4.331133)"
768,P,I,697,813,117,"(21.978191, -4.677543)"
769,H,I,697,813,117,"(22.378191, -4.677543)"
770,Q,I,697,813,117,"(22.578191, -4.331133)"
771,A,I,697,813,117,"(22.578191, -3.931133)"
772,T,I,697,813,117,"(22.578191, -3.531133)"
773,Q,I,697,813,117,"(22.578191, -3.131133)"
774,V,I,697,813,117,"(22.578191, -2.731133)"
775,P,I,697,813,117,"(22.578191, -2.331133)"
776,E,I,697,813,117,"(22.578191, -1.931133)"
777,G,I,697,813,117,"(22.578191, -1.531133)"
778,A,I,697,813,117,"(22.578191, -1.131133)"
779,A,I,697,813,117,"(22.578191, -0.731133)"
780,K,I,697,813,117,"(22.578191, -0.331133)"
781,W,I,697,813,117,"(22.578191, 0.068867)"
782,G,I,697,813,117,"(22.778191, -0.277543)"
783,L,I,697,813,117,"(23.178191, -0.277543)"
784,V,I,697,813,117,"(23.378191, 0.068867)"
785,A,I,697,813,117,"(23.378191, -0.331133)"
786,E,I,697,813,117,"(23.378191, -0.731133)"
787,R,I,697,813,117,"(23.378191, -1.131133)"
788,L,I,697,813,117,"(23.378191, -1.531133)"
789,L,I,697,813,117,"(23.378191, -1.931133)"
790,E,I,697,813,117,"(23.378191, -2.331133)"
791,L,I,697,813,117,"(23.378191, -2.731133)"
792,A,I,697,813,117,"(23.378191, -3.131133)"
793,A,I,697,813,117,"(23.378191, -3.531133)"
794,G,I,697,813,117,"(23.378191, -3.931133)"
795,F,I,697,813,117,"(23.378191, -4.331133)"
796,S,I,697,813,117,"(23.578191, -4.677543)"
797,D,I,697,813,117,"(23.978191, -4.677543)"
798,V,I,697,813,117,"(24.178191, -4.331133)"
799,L,I,697,813,117,"(24.178191, -3.931133)"
800,S,I,697,813,117,"(24.178191, -3.531133)"
801,R,I,697,813,117,"(24.178191, -3.131133)"
802,V,I,697,813,117,"(24.178191, -2.731133)"
803,Q,I,697,813,117,"(24.178191, -2.331133)"
804,V,I,697,813,117,"(24.178191, -1.931133)"
805,F,I,697,813,117,"(24.178191, -1.531133)"
806,L,I,697,813,117,"(24.178191, -1.131133)"
807,R,I,697,813,117,"(24.178191, -0.731133)"
808,R,I,697,813,117,"(24.178191, -0.331133)"
809,L,I,697,813,117,"(24.178191, 0.068867)"
810,L,I,697,813,117,"(24.178191, 0.468867)"
811,E,I,697,813,117,"(24.178191, 0.868867)"
812,L,I,697,813,117,"(24.178191, 1.268867)"
813,H,I,697,813,117,"(24.178191, 1.668867)"
814,V,M,814,827,14,"(24.178191, 2.068867)"
815,F,M,814,827,14,"(24.515951, 2.283153)"
816,K,M,814,827,14,"(24.178191, 2.497439)"
817,L,M,814,827,14,"(24.515951, 2.711725)"
818,V,M,814,827,14,"(24.178191, 2.92601)"
819,A,M,814,827,14,"(24.515951, 3.140296)"
820,L,M,814,827,14,"(24.178191, 3.354582)"
821,Y,M,814,827,14,"(24.515951, 3.568867)"
822,T,M,814,827,14,"(24.178191, 3.783153)"
823,V,M,814,827,14,"(24.515951, 3.997439)"
824,W,M,814,827,14,"(24.178191, 4.211725)"
825,V,M,814,827,14,"(24.515951, 4.42601)"
826,A,M,814,827,14,"(24.178191, 4.640296)"
827,L,M,814,827,14,"(24.515951, 4.854582)"
828,K,O,828,829,2,"(24.715951, 5.200992)"
829,E,O,828,829,2,"(25.115951, 5.200992)"
830,V,M,830,845,16,"(25.315951, 4.854582)"
831,S,M,830,845,16,"(24.962618, 4.667082)"
832,V,M,830,845,16,"(25.315951, 4.479582)"
833,M,M,830,845,16,"(24.962618, 4.292082)"
834,N,M,830,845,16,"(25.315951, 4.104582)"
835,L,M,830,845,16,"(24.962618, 3.917082)"
836,L,M,830,845,16,"(25.315951, 3.729582)"
837,L,M,830,845,16,"(24.962618, 3.542082)"
838,V,M,830,845,16,"(25.315951, 3.354582)"
839,V,M,830,845,16,"(24.962618, 3.167082)"
840,L,M,830,845,16,"(25.315951, 2.979582)"
841,W,M,830,845,16,"(24.962618, 2.792082)"
842,A,M,830,845,16,"(25.315951, 2.604582)"
843,F,M,830,845,16,"(24.962618, 2.417082)"
844,A,M,830,845,16,"(25.315951, 2.229582)"
845,L,M,830,845,16,"(24.962618, 2.042082)"
846,P,I,846,859,14,"(24.962618, 1.642082)"
847,Y,I,846,859,14,"(24.962618, 1.242082)"
848,P,I,846,859,14,"(24.962618, 0.842082)"
849,R,I,846,859,14,"(24.962618, 0.442082)"
850,F,I,846,859,14,"(24.962618, 0.042082)"
851,R,I,846,859,14,"(24.962618, -0.357918)"
852,P,I,846,859,14,"(25.162618, -0.704329)"
853,M,I,846,859,14,"(25.562618, -0.704329)"
854,A,I,846,859,14,"(25.762618, -0.357918)"
855,S,I,846,859,14,"(25.762618, 0.042082)"
856,C,I,846,859,14,"(25.762618, 0.442082)"
857,L,I,846,859,14,"(25.762618, 0.842082)"
858,S,I,846,859,14,"(25.762618, 1.242082)"
859,T,I,846,859,14,"(25.762618, 1.642082)"
860,V,M,860,872,13,"(25.762618, 2.042082)"
861,W,M,860,872,13,"(26.089338, 2.272851)"
862,T,M,860,872,13,"(25.762618, 2.50362)"
863,C,M,860,872,13,"(26.089338, 2.734389)"
864,V,M,860,872,13,"(25.762618, 2.965159)"
865,I,M,860,872,13,"(26.089338, 3.195928)"
866,I,M,860,872,13,"(25.762618, 3.426697)"
867,V,M,860,872,13,"(26.089338, 3.657466)"
868,C,M,860,872,13,"(25.762618, 3.888235)"
869,K,M,860,872,13,"(26.089338, 4.119005)"
870,M,M,860,872,13,"(25.762618, 4.349774)"
871,L,M,860,872,13,"(26.089338, 4.580543)"
872,Y,M,860,872,13,"(25.762618, 4.811312)"
873,Q,O,873,932,60,"(25.762618, 5.211312)"
874,L,O,873,932,60,"(25.762618, 5.611312)"
875,K,O,873,932,60,"(25.762618, 6.011312)"
876,V,O,873,932,60,"(25.762618, 6.411312)"
877,V,O,873,932,60,"(25.762618, 6.811312)"
878,N,O,873,932,60,"(25.762618, 7.211312)"
879,P,O,873,932,60,"(25.762618, 7.611312)"
880,Q,O,873,932,60,"(25.762618, 8.011312)"
881,E,O,873,932,60,"(25.762618, 8.411312)"
882,Y,O,873,932,60,"(25.762618, 8.811312)"
883,S,O,873,932,60,"(25.762618, 9.211312)"
884,S,O,873,932,60,"(25.762618, 9.611312)"
885,N,O,873,932,60,"(25.762618, 10.011312)"
886,C,O,873,932,60,"(25.762618, 10.411312)"
887,T,O,873,932,60,"(25.762618, 10.811312)"
888,E,O,873,932,60,"(25.762618, 11.211312)"
889,P,O,873,932,60,"(26.109028, 11.411312)"
890,F,O,873,932,60,"(26.455438, 11.211312)"
891,P,O,873,932,60,"(26.455438, 10.811312)"
892,N,O,873,932,60,"(26.455438, 10.411312)"
893,S,O,873,932,60,"(26.455438, 10.011312)"
894,T,O,873,932,60,"(26.455438, 9.611312)"
895,N,O,873,932,60,"(26.455438, 9.211312)"
896,L,O,873,932,60,"(26.455438, 8.811312)"
897,L,O,873,932,60,"(26.455438, 8.411312)"
898,P,O,873,932,60,"(26.455438, 8.011312)"
899,T,O,873,932,60,"(26.455438, 7.611312)"
900,E,O,873,932,60,"(26.455438, 7.211312)"
901,I,O,873,932,60,"(26.455438, 6.811312)"
902,S,O,873,932,60,"(26.801849, 7.011312)"
903,Q,O,873,932,60,"(27.148259, 6.811312)"
904,S,O,873,932,60,"(27.148259, 7.211312)"
905,L,O,873,932,60,"(27.148259, 7.611312)"
906,L,O,873,932,60,"(27.148259, 8.011312)"
907,Y,O,873,932,60,"(27.148259, 8.411312)"
908,R,O,873,932,60,"(27.148259, 8.811312)"
909,G,O,873,932,60,"(27.148259, 9.211312)"
910,P,O,873,932,60,"(27.148259, 9.611312)"
911,V,O,873,932,60,"(27.148259, 10.011312)"
912,D,O,873,932,60,"(27.148259, 10.411312)"
913,P,O,873,932,60,"(27.148259, 10.811312)"
914,A,O,873,932,60,"(27.148259, 11.211312)"
915,N,O,873,932,60,"(27.348259, 11.557723)"
916,W,O,873,932,60,"(27.748259, 11.557723)"
917,F,O,873,932,60,"(27.948259, 11.211312)"
918,G,O,873,932,60,"(27.948259, 10.811312)"
919,V,O,873,932,60,"(27.948259, 10.411312)"
920,R,O,873,932,60,"(27.948259, 10.011312)"
921,K,O,873,932,60,"(27.948259, 9.611312)"
922,G,O,873,932,60,"(27.948259, 9.211312)"
923,F,O,873,932,60,"(27.948259, 8.811312)"
924,P,O,873,932,60,"(27.948259, 8.411312)"
925,N,O,873,932,60,"(27.948259, 8.011312)"
926,L,O,873,932,60,"(27.948259, 7.611312)"
927,G,O,873,932,60,"(27.948259, 7.211312)"
928,Y,O,873,932,60,"(27.948259, 6.811312)"
929,I,O,873,932,60,"(27.948259, 6.411312)"
930,Q,O,873,932,60,"(27.948259, 6.011312)"
931,N,O,873,932,60,"(27.948259, 5.611312)"
932,H,O,873,932,60,"(27.948259, 5.211312)"
933,L,M,933,945,13,"(27.948259, 4.811312)"
934,Q,M,933,945,13,"(28.274978, 4.580543)"
935,V,M,933,945,13,"(27.948259, 4.349774)"
936,L,M,933,945,13,"(28.274978, 4.119005)"
937,L,M,933,945,13,"(27.948259, 3.888235)"
938,L,M,933,945,13,"(28.274978, 3.657466)"
939,L,M,933,945,13,"(27.948259, 3.426697)"
940,V,M,933,945,13,"(28.274978, 3.195928)"
941,F,M,933,945,13,"(27.948259, 2.965159)"
942,E,M,933,945,13,"(28.274978, 2.734389)"
943,A,M,933,945,13,"(27.948259, 2.50362)"
944,I,M,933,945,13,"(28.274978, 2.272851)"
945,V,M,933,945,13,"(27.948259, 2.042082)"
946,Y,I,946,985,40,"(27.948259, 1.642082)"
947,R,I,946,985,40,"(27.948259, 1.242082)"
948,R,I,946,985,40,"(27.948259, 0.842082)"
949,Q,I,946,985,40,"(27.948259, 0.442082)"
950,E,I,946,985,40,"(27.948259, 0.042082)"
951,H,I,946,985,40,"(27.948259, -0.357918)"
952,Y,I,946,985,40,"(27.948259, -0.757918)"
953,R,I,946,985,40,"(27.948259, -1.157918)"
954,R,I,946,985,40,"(27.948259, -1.557918)"
955,Q,I,946,985,40,"(27.948259, -1.957918)"
956,H,I,946,985,40,"(27.948259, -2.357918)"
957,Q,I,946,985,40,"(27.948259, -2.757918)"
958,L,I,946,985,40,"(27.948259, -3.157918)"
959,A,I,946,985,40,"(27.948259, -3.557918)"
960,P,I,946,985,40,"(27.948259, -3.957918)"
961,L,I,946,985,40,"(27.948259, -4.357918)"
962,P,I,946,985,40,"(27.948259, -4.757918)"
963,A,I,946,985,40,"(27.948259, -5.157918)"
964,Q,I,946,985,40,"(27.948259, -5.557918)"
965,A,I,946,985,40,"(28.148259, -5.904329)"
966,V,I,946,985,40,"(28.548259, -5.904329)"
967,F,I,946,985,40,"(28.748259, -5.557918)"
968,A,I,946,985,40,"(28.748259, -5.157918)"
969,S,I,946,985,40,"(28.748259, -4.757918)"
970,G,I,946,985,40,"(28.748259, -4.357918)"
971,T,I,946,985,40,"(28.748259, -3.957918)"
972,R,I,946,985,40,"(28.748259, -3.557918)"
973,Q,I,946,985,40,"(28.748259, -3.157918)"
974,Q,I,946,985,40,"(28.748259, -2.757918)"
975,L,I,946,985,40,"(28.748259, -2.357918)"
976,D,I,946,985,40,"(28.748259, -1.957918)"
977,Q,I,946,985,40,"(28.748259, -1.557918)"
978,D,I,946,985,40,"(28.748259, -1.157918)"
979,L,I,946,985,40,"(28.748259, -0.757918)"
980,L,I,946,985,40,"(28.748259, -0.357918)"
981,G,I,946,985,40,"(28.748259, 0.042082)"
982,C,I,946,985,40,"(28.748259, 0.442082)"
983,L,I,946,985,40,"(28.748259, 0.842082)"
984,K,I,946,985,40,"(28.748259, 1.242082)"
985,Y,I,946,985,40,"(28.748259, 1.642082)"
986,F,M,986,996,11,"(28.748259, 2.042082)"
987,I,M,986,996,11,"(29.040867, 2.314809)"
988,N,M,986,996,11,"(28.748259, 2.587536)"
989,F,M,986,996,11,"(29.040867, 2.860263)"
990,F,M,986,996,11,"(28.748259, 3.132991)"
991,F,M,986,996,11,"(29.040867, 3.405718)"
992,Y,M,986,996,11,"(28.748259, 3.678445)"
993,K,M,986,996,11,"(29.040867, 3.951173)"
994,F,M,986,996,11,"(28.748259, 4.2239)"
995,G,M,986,996,11,"(29.040867, 4.496627)"
996,L,M,986,996,11,"(28.748259, 4.769354)"
997,E,O,997,997,1,"(29.094669, 4.969354)"
998,I,M,998,1017,20,"(29.441079, 4.769354)"
999,C,M,998,1017,20,"(29.070269, 4.619354)"
1000,F,M,998,1017,20,"(29.441079, 4.469354)"
1001,L,M,998,1017,20,"(29.070269, 4.319354)"
1002,M,M,998,1017,20,"(29.441079, 4.169354)"
1003,A,M,998,1017,20,"(29.070269, 4.019354)"
1004,V,M,998,1017,20,"(29.441079, 3.869354)"
1005,N,M,998,1017,20,"(29.070269, 3.719354)"
1006,V,M,998,1017,20,"(29.441079, 3.569354)"
1007,I,M,998,1017,20,"(29.070269, 3.419354)"
1008,G,M,998,1017,20,"(29.441079, 3.269354)"
1009,Q,M,998,1017,20,"(29.070269, 3.119354)"
1010,R,M,998,1017,20,"(29.441079, 2.969354)"
1011,M,M,998,1017,20,"(29.070269, 2.819354)"
1012,N,M,998,1017,20,"(29.441079, 2.669354)"
1013,F,M,998,1017,20,"(29.070269, 2.519354)"
1014,L,M,998,1017,20,"(29.441079, 2.369354)"
1015,V,M,998,1017,20,"(29.070269, 2.219354)"
1016,T,M,998,1017,20,"(29.441079, 2.069354)"
1017,L,M,998,1017,20,"(29.070269, 1.919354)"
1018,H,I,1018,1041,24,"(29.070269, 1.519354)"
1019,G,I,1018,1041,24,"(29.070269, 1.119354)"
1020,C,I,1018,1041,24,"(29.070269, 0.719354)"
1021,W,I,1018,1041,24,"(29.070269, 0.319354)"
1022,L,I,1018,1041,24,"(29.070269, -0.080646)"
1023,V,I,1018,1041,24,"(29.070269, -0.480646)"
1024,A,I,1018,1041,24,"(29.070269, -0.880646)"
1025,I,I,1018,1041,24,"(29.070269, -1.280646)"
1026,L,I,1018,1041,24,"(29.070269, -1.680646)"
1027,T,I,1018,1041,24,"(29.070269, -2.080646)"
1028,R,I,1018,1041,24,"(29.070269, -2.480646)"
1029,R,I,1018,1041,24,"(29.270269, -2.827056)"
1030,H,I,1018,1041,24,"(29.670269, -2.827056)"
1031,R,I,1018,1041,24,"(29.870269, -2.480646)"
1032,Q,I,1018,1041,24,"(29.870269, -2.080646)"
1033,A,I,1018,1041,24,"(29.870269, -1.680646)"
1034,I,I,1018,1041,24,"(29.870269, -1.280646)"
1035,A,I,1018,1041,24,"(29.870269, -0.880646)"
1036,R,I,1018,1041,24,"(29.870269, -0.480646)"
1037,L,I,1018,1041,24,"(29.870269, -0.080646)"
1038,W,I,1018,1041,24,"(29.870269, 0.319354)"
1039,P,I,1018,1041,24,"(29.870269, 0.719354)"
1040,N,I,1018,1041,24,"(29.870269, 1.119354)"
1041,Y,I,1018,1041,24,"(29.870269, 1.519354)"
1042,C,M,1042,1059,18,"(29.870269, 1.919354)"
1043,L,M,1042,1059,18,"(30.233893, 2.086021)"
1044,F,M,1042,1059,18,"(29.870269, 2.252688)"
1045,L,M,1042,1059,18,"(30.233893, 2.419354)"
1046,A,M,1042,1059,18,"(29.870269, 2.586021)"
1047,L,M,1042,1059,18,"(30.233893, 2.752688)"
1048,F,M,1042,1059,18,"(29.870269, 2.919354)"
1049,L,M,1042,1059,18,"(30.233893, 3.086021)"
1050,L,M,1042,1059,18,"(29.870269, 3.252688)"
1051,Y,M,1042,1059,18,"(30.233893, 3.419354)"
1052,Q,M,1042,1059,18,"(29.870269, 3.586021)"
1053,Y,M,1042,1059,18,"(30.233893, 3.752688)"
1054,L,M,1042,1059,18,"(29.870269, 3.919354)"
1055,L,M,1042,1059,18,"(30.233893, 4.086021)"
1056,C,M,1042,1059,18,"(29.870269, 4.252688)"
1057,L,M,1042,1059,18,"(30.233893, 4.419354)"
1058,G,M,1042,1059,18,"(29.870269, 4.586021)"
1059,M,M,1042,1059,18,"(30.233893, 4.752688)"
1060,P,O,1060,1098,39,"(30.233893, 5.152688)"
1061,P,O,1060,1098,39,"(30.233893, 5.552688)"
1062,A,O,1060,1098,39,"(30.233893, 5.952688)"
1063,L,O,1060,1098,39,"(30.233893, 6.352688)"
1064,C,O,1060,1098,39,"(30.233893, 6.752688)"
1065,I,O,1060,1098,39,"(30.233893, 7.152688)"
1066,D,O,1060,1098,39,"(30.233893, 7.552688)"
1067,Y,O,1060,1098,39,"(30.233893, 7.952688)"
1068,P,O,1060,1098,39,"(30.233893, 8.352688)"
1069,W,O,1060,1098,39,"(30.233893, 8.752688)"
1070,R,O,1060,1098,39,"(30.233893, 9.152688)"
1071,W,O,1060,1098,39,"(30.233893, 9.552688)"
1072,S,O,1060,1098,39,"(30.233893, 9.952688)"
1073,R,O,1060,1098,39,"(30.233893, 10.352688)"
1074,A,O,1060,1098,39,"(30.233893, 10.752688)"
1075,V,O,1060,1098,39,"(30.233893, 11.152688)"
1076,P,O,1060,1098,39,"(30.233893, 11.552688)"
1077,M,O,1060,1098,39,"(30.233893, 11.952688)"
1078,N,O,1060,1098,39,"(30.233893, 12.352688)"
1079,S,O,1060,1098,39,"(30.580303, 12.552688)"
1080,A,O,1060,1098,39,"(30.926713, 12.352688)"
1081,L,O,1060,1098,39,"(30.926713, 11.952688)"
1082,I,O,1060,1098,39,"(30.926713, 11.552688)"
1083,K,O,1060,1098,39,"(30.926713, 11.152688)"
1084,W,O,1060,1098,39,"(30.926713, 10.752688)"
1085,L,O,1060,1098,39,"(30.926713, 10.352688)"
1086,Y,O,1060,1098,39,"(30.926713, 9.952688)"
1087,L,O,1060,1098,39,"(30.926713, 9.552688)"
1088,P,O,1060,1098,39,"(30.926713, 9.152688)"
1089,D,O,1060,1098,39,"(30.926713, 8.752688)"
1090,F,O,1060,1098,39,"(30.926713, 8.352688)"
1091,F,O,1060,1098,39,"(30.926713, 7.952688)"
1092,R,O,1060,1098,39,"(30.926713, 7.552688)"
1093,A,O,1060,1098,39,"(30.926713, 7.152688)"
1094,P,O,1060,1098,39,"(30.926713, 6.752688)"
1095,N,O,1060,1098,39,"(30.926713, 6.352688)"
1096,S,O,1060,1098,39,"(30.926713, 5.952688)"
1097,T,O,1060,1098,39,"(30.926713, 5.552688)"
1098,N,O,1060,1098,39,"(30.926713, 5.152688)"
1099,L,M,1099,1108,10,"(30.926713, 4.752688)"
1100,I,M,1099,1108,10,"(30.662138, 4.452688)"
1101,S,M,1099,1108,10,"(30.926713, 4.152688)"
1102,D,M,1099,1108,10,"(30.662138, 3.852688)"
1103,F,M,1099,1108,10,"(30.926713, 3.552688)"
1104,L,M,1099,1108,10,"(30.662138, 3.252688)"
1105,L,M,1099,1108,10,"(30.926713, 2.952688)"
1106,L,M,1099,1108,10,"(30.662138, 2.652688)"
1107,L,M,1099,1108,10,"(30.926713, 2.352688)"
1108,C,M,1099,1108,10,"(30.662138, 2.052688)"
1109,A,I,1109,1156,48,"(30.662138, 1.652688)"
1110,S,I,1109,1156,48,"(30.662138, 1.252688)"
1111,Q,I,1109,1156,48,"(30.662138, 0.852688)"
1112,Q,I,1109,1156,48,"(30.662138, 0.452688)"
1113,W,I,1109,1156,48,"(30.662138, 0.052688)"
1114,Q,I,1109,1156,48,"(30.662138, -0.347312)"
1115,V,I,1109,1156,48,"(30.662138, -0.747312)"
1116,F,I,1109,1156,48,"(30.662138, -1.147312)"
1117,S,I,1109,1156,48,"(30.662138, -1.547312)"
1118,A,I,1109,1156,48,"(30.662138, -1.947312)"
1119,E,I,1109,1156,48,"(30.662138, -2.347312)"
1120,R,I,1109,1156,48,"(30.662138, -2.747312)"
1121,T,I,1109,1156,48,"(30.662138, -3.147312)"
1122,E,I,1109,1156,48,"(31.008548, -3.347312)"
1123,E,I,1109,1156,48,"(31.354958, -3.147312)"
1124,W,I,1109,1156,48,"(31.354958, -2.747312)"
1125,Q,I,1109,1156,48,"(31.354958, -2.347312)"
1126,R,I,1109,1156,48,"(31.354958, -1.947312)"
1127,M,I,1109,1156,48,"(31.354958, -1.547312)"
1128,A,I,1109,1156,48,"(31.354958, -1.147312)"
1129,G,I,1109,1156,48,"(31.354958, -0.747312)"
1130,V,I,1109,1156,48,"(31.354958, -0.347312)"
1131,N,I,1109,1156,48,"(31.354958, 0.052688)"
1132,T,I,1109,1156,48,"(31.701369, -0.147312)"
1133,D,I,1109,1156,48,"(32.047779, 0.052688)"
1134,R,I,1109,1156,48,"(32.047779, -0.347312)"
1135,L,I,1109,1156,48,"(32.047779, -0.747312)"
1136,E,I,1109,1156,48,"(32.047779, -1.147312)"
1137,P,I,1109,1156,48,"(32.047779, -1.547312)"
1138,L,I,1109,1156,48,"(32.047779, -1.947312)"
1139,R,I,1109,1156,48,"(32.047779, -2.347312)"
1140,G,I,1109,1156,48,"(32.047779, -2.747312)"
1141,E,I,1109,1156,48,"(32.047779, -3.147312)"
1142,P,I,1109,1156,48,"(32.247779, -3.493722)"
1143,N,I,1109,1156,48,"(32.647779, -3.493722)"
1144,P,I,1109,1156,48,"(32.847779, -3.147312)"
1145,V,I,1109,1156,48,"(32.847779, -2.747312)"
1146,P,I,1109,1156,48,"(32.847779, -2.347312)"
1147,N,I,1109,1156,48,"(32.847779, -1.947312)"
1148,F,I,1109,1156,48,"(32.847779, -1.547312)"
1149,I,I,1109,1156,48,"(32.847779, -1.147312)"
1150,H,I,1109,1156,48,"(32.847779, -0.747312)"
1151,C,I,1109,1156,48,"(32.847779, -0.347312)"
1152,R,I,1109,1156,48,"(32.847779, 0.052688)"
1153,S,I,1109,1156,48,"(32.847779, 0.452688)"
1154,Y,I,1109,1156,48,"(32.847779, 0.852688)"
1155,L,I,1109,1156,48,"(32.847779, 1.252688)"
1156,D,I,1109,1156,48,"(32.847779, 1.652688)"
1157,M,M,1157,1176,20,"(32.847779, 2.052688)"
1158,L,M,1157,1176,20,"(33.218589, 2.202688)"
1159,K,M,1157,1176,20,"(32.847779, 2.352688)"
1160,V,M,1157,1176,20,"(33.218589, 2.502688)"
1161,A,M,1157,1176,20,"(32.847779, 2.652688)"
1162,V,M,1157,1176,20,"(33.218589, 2.802688)"
1163,F,M,1157,1176,20,"(32.847779, 2.952688)"
1164,R,M,1157,1176,20,"(33.218589, 3.102688)"
1165,Y,M,1157,1176,20,"(32.847779, 3.252688)"
1166,L,M,1157,1176,20,"(33.218589, 3.402688)"
1167,F,M,1157,1176,20,"(32.847779, 3.552688)"
1168,W,M,1157,1176,20,"(33.218589, 3.702688)"
1169,L,M,1157,1176,20,"(32.847779, 3.852688)"
1170,V,M,1157,1176,20,"(33.218589, 4.002688)"
1171,L,M,1157,1176,20,"(32.847779, 4.152688)"
1172,V,M,1157,1176,20,"(33.218589, 4.302688)"
1173,V,M,1157,1176,20,"(32.847779, 4.452688)"
1174,V,M,1157,1176,20,"(33.218589, 4.602688)"
1175,F,M,1157,1176,20,"(32.847779, 4.752688)"
1176,V,M,1157,1176,20,"(33.218589, 4.902688)"
1177,T,O,1177,1181,5,"(33.218589, 5.302688)"
1178,G,O,1177,1181,5,"(33.218589, 5.702688)"
1179,A,O,1177,1181,5,"(33.564999, 5.902688)"
1180,T,O,1177,1181,5,"(33.911409, 5.702688)"
1181,R,O,1177,1181,5,"(33.911409, 5.302688)"
1182,I,M,1182,1191,10,"(33.911409, 4.902688)"
1183,S,M,1182,1191,10,"(33.646834, 4.602688)"
1184,I,M,1182,1191,10,"(33.911409, 4.302688)"
1185,F,M,1182,1191,10,"(33.646834, 4.002688)"
1186,G,M,1182,1191,10,"(33.911409, 3.702688)"
1187,L,M,1182,1191,10,"(33.646834, 3.402688)"
1188,G,M,1182,1191,10,"(33.911409, 3.102688)"
1189,Y,M,1182,1191,10,"(33.646834, 2.802688)"
1190,L,M,1182,1191,10,"(33.911409, 2.502688)"
1191,L,M,1182,1191,10,"(33.646834, 2.202688)"
1192,A,I,1192,1217,26,"(33.646834, 1.802688)"
1193,C,I,1192,1217,26,"(33.646834, 1.402688)"
1194,F,I,1192,1217,26,"(33.646834, 1.002688)"
1195,Y,I,1192,1217,26,"(33.646834, 0.602688)"
1196,L,I,1192,1217,26,"(33.646834, 0.202688)"
1197,L,I,1192,1217,26,"(33.646834, -0.197312)"
1198,L,I,1192,1217,26,"(33.646834, -0.597312)"
1199,F,I,1192,1217,26,"(33.646834, -0.997312)"
1200,G,I,1192,1217,26,"(33.646834, -1.397312)"
1201,T,I,1192,1217,26,"(33.646834, -1.797312)"
1202,A,I,1192,1217,26,"(33.646834, -2.197312)"
1203,L,I,1192,1217,26,"(33.646834, -2.597312)"
1204,L,I,1192,1217,26,"(33.846834, -2.943722)"
1205,Q,I,1192,1217,26,"(34.246834, -2.943722)"
1206,R,I,1192,1217,26,"(34.446834, -2.597312)"
1207,D,I,1192,1217,26,"(34.446834, -2.197312)"
1208,T,I,1192,1217,26,"(34.446834, -1.797312)"
1209,R,I,1192,1217,26,"(34.446834, -1.397312)"
1210,A,I,1192,1217,26,"(34.446834, -0.997312)"
1211,R,I,1192,1217,26,"(34.446834, -0.597312)"
1212,L,I,1192,1217,26,"(34.446834, -0.197312)"
1213,V,I,1192,1217,26,"(34.446834, 0.202688)"
1214,L,I,1192,1217,26,"(34.446834, 0.602688)"
1215,W,I,1192,1217,26,"(34.446834, 1.002688)"
1216,D,I,1192,1217,26,"(34.446834, 1.402688)"
1217,C,I,1192,1217,26,"(34.446834, 1.802688)"
1218,L,M,1218,1232,15,"(34.446834, 2.202688)"
1219,I,M,1218,1232,15,"(34.793244, 2.402688)"
1220,L,M,1218,1232,15,"(34.446834, 2.602688)"
1221,Y,M,1218,1232,15,"(34.793244, 2.802688)"
1222,N,M,1218,1232,15,"(34.446834, 3.002688)"
1223,V,M,1218,1232,15,"(34.793244, 3.202688)"
1224,T,M,1218,1232,15,"(34.446834, 3.402688)"
1225,V,M,1218,1232,15,"(34.793244, 3.602688)"
1226,I,M,1218,1232,15,"(34.446834, 3.802688)"
1227,I,M,1218,1232,15,"(34.793244, 4.002688)"
1228,S,M,1218,1232,15,"(34.446834, 4.202688)"
1229,K,M,1218,1232,15,"(34.793244, 4.402688)"
1230,N,M,1218,1232,15,"(34.446834, 4.602688)"
1231,M,M,1218,1232,15,"(34.793244, 4.802688)"
1232,L,M,1218,1232,15,"(34.446834, 5.002688)"
1233,S,O,1233,1284,52,"(34.446834, 5.402688)"
1234,L,O,1233,1284,52,"(34.446834, 5.802688)"
1235,L,O,1233,1284,52,"(34.446834, 6.202688)"
1236,A,O,1233,1284,52,"(34.446834, 6.602688)"
1237,C,O,1233,1284,52,"(34.446834, 7.002688)"
1238,V,O,1233,1284,52,"(34.446834, 7.402688)"
1239,F,O,1233,1284,52,"(34.446834, 7.802688)"
1240,V,O,1233,1284,52,"(34.446834, 8.202688)"
1241,E,O,1233,1284,52,"(34.446834, 8.602688)"
1242,Q,O,1233,1284,52,"(34.446834, 9.002688)"
1243,M,O,1233,1284,52,"(34.446834, 9.402688)"
1244,Q,O,1233,1284,52,"(34.446834, 9.802688)"
1245,T,O,1233,1284,52,"(34.446834, 10.202688)"
1246,G,O,1233,1284,52,"(34.446834, 10.602688)"
1247,F,O,1233,1284,52,"(34.793244, 10.802688)"
1248,C,O,1233,1284,52,"(35.139654, 10.602688)"
1249,W,O,1233,1284,52,"(35.139654, 10.202688)"
1250,V,O,1233,1284,52,"(35.139654, 9.802688)"
1251,I,O,1233,1284,52,"(35.139654, 9.402688)"
1252,Q,O,1233,1284,52,"(35.139654, 9.002688)"
1253,L,O,1233,1284,52,"(35.139654, 8.602688)"
1254,F,O,1233,1284,52,"(35.139654, 8.202688)"
1255,S,O,1233,1284,52,"(35.139654, 7.802688)"
1256,L,O,1233,1284,52,"(35.139654, 7.402688)"
1257,V,O,1233,1284,52,"(35.139654, 7.002688)"
1258,C,O,1233,1284,52,"(35.486064, 7.202688)"
1259,T,O,1233,1284,52,"(35.832475, 7.002688)"
1260,V,O,1233,1284,52,"(35.832475, 7.402688)"
1261,K,O,1233,1284,52,"(35.832475, 7.802688)"
1262,G,O,1233,1284,52,"(35.832475, 8.202688)"
1263,Y,O,1233,1284,52,"(35.832475, 8.602688)"
1264,Y,O,1233,1284,52,"(35.832475, 9.002688)"
1265,D,O,1233,1284,52,"(35.832475, 9.402688)"
1266,P,O,1233,1284,52,"(35.832475, 9.802688)"
1267,K,O,1233,1284,52,"(35.832475, 10.202688)"
1268,E,O,1233,1284,52,"(35.832475, 10.602688)"
1269,M,O,1233,1284,52,"(36.032475, 10.949098)"
1270,M,O,1233,1284,52,"(36.432475, 10.949098)"
1271,D,O,1233,1284,52,"(36.632475, 10.602688)"
1272,R,O,1233,1284,52,"(36.632475, 10.202688)"
1273,D,O,1233,1284,52,"(36.632475, 9.802688)"
1274,Q,O,1233,1284,52,"(36.632475, 9.402688)"
1275,D,O,1233,1284,52,"(36.632475, 9.002688)"
1276,C,O,1233,1284,52,"(36.632475, 8.602688)"
1277,L,O,1233,1284,52,"(36.632475, 8.202688)"
1278,L,O,1233,1284,52,"(36.632475, 7.802688)"
1279,P,O,1233,1284,52,"(36.632475, 7.402688)"
1280,V,O,1233,1284,52,"(36.632475, 7.002688)"
1281,E,O,1233,1284,52,"(36.632475, 6.602688)"
1282,E,O,1233,1284,52,"(36.632475, 6.202688)"
1283,A,O,1233,1284,52,"(36.632475, 5.802688)"
1284,G,O,1233,1284,52,"(36.632475, 5.402688)"
1285,I,M,1285,1296,12,"(36.632475, 5.002688)"
1286,I,M,1285,1296,12,"(36.320225, 4.752688)"
1287,W,M,1285,1296,12,"(36.632475, 4.502688)"
1288,D,M,1285,1296,12,"(36.320225, 4.252688)"
1289,S,M,1285,1296,12,"(36.632475, 4.002688)"
1290,V,M,1285,1296,12,"(36.320225, 3.752688)"
1291,C,M,1285,1296,12,"(36.632475, 3.502688)"
1292,F,M,1285,1296,12,"(36.320225, 3.252688)"
1293,F,M,1285,1296,12,"(36.632475, 3.002688)"
1294,F,M,1285,1296,12,"(36.320225, 2.752688)"
1295,L,M,1285,1296,12,"(36.632475, 2.502688)"
1296,L,M,1285,1296,12,"(36.320225, 2.252688)"
1297,L,I,1297,1682,386,"(36.320225, 1.852688)"
1298,Q,I,1297,1682,386,"(36.320225, 1.452688)"
1299,R,I,1297,1682,386,"(36.320225, 1.052688)"
1300,R,I,1297,1682,386,"(36.320225, 0.652688)"
1301,V,I,1297,1682,386,"(36.320225, 0.252688)"
1302,F,I,1297,1682,386,"(36.320225, -0.147312)"
1303,L,I,1297,1682,386,"(36.320225, -0.547312)"
1304,S,I,1297,1682,386,"(36.320225, -0.947312)"
1305,H,I,1297,1682,386,"(36.320225, -1.347312)"
1306,Y,I,1297,1682,386,"(36.320225, -1.747312)"
1307,Y,I,1297,1682,386,"(36.320225, -2.147312)"
1308,L,I,1297,1682,386,"(36.320225, -2.547312)"
1309,H,I,1297,1682,386,"(36.320225, -2.947312)"
1310,V,I,1297,1682,386,"(36.320225, -3.347312)"
1311,R,I,1297,1682,386,"(36.320225, -3.747312)"
1312,A,I,1297,1682,386,"(36.320225, -4.147312)"
1313,D,I,1297,1682,386,"(36.320225, -4.547312)"
1314,L,I,1297,1682,386,"(36.320225, -4.947312)"
1315,Q,I,1297,1682,386,"(36.666635, -5.147312)"
1316,A,I,1297,1682,386,"(37.013045, -4.947312)"
1317,T,I,1297,1682,386,"(37.013045, -4.547312)"
1318,A,I,1297,1682,386,"(37.013045, -4.147312)"
1319,L,I,1297,1682,386,"(37.013045, -3.747312)"
1320,L,I,1297,1682,386,"(37.013045, -3.347312)"
1321,A,I,1297,1682,386,"(37.013045, -2.947312)"
1322,S,I,1297,1682,386,"(37.013045, -2.547312)"
1323,R,I,1297,1682,386,"(37.013045, -2.147312)"
1324,G,I,1297,1682,386,"(37.013045, -1.747312)"
1325,F,I,1297,1682,386,"(37.013045, -1.347312)"
1326,A,I,1297,1682,386,"(37.013045, -0.947312)"
1327,L,I,1297,1682,386,"(37.013045, -0.547312)"
1328,Y,I,1297,1682,386,"(37.013045, -0.147312)"
1329,N,I,1297,1682,386,"(37.013045, 0.252688)"
1330,A,I,1297,1682,386,"(37.359455, 0.052688)"
1331,A,I,1297,1682,386,"(37.705865, 0.252688)"
1332,N,I,1297,1682,386,"(37.705865, -0.147312)"
1333,L,I,1297,1682,386,"(37.705865, -0.547312)"
1334,K,I,1297,1682,386,"(37.705865, -0.947312)"
1335,S,I,1297,1682,386,"(37.705865, -1.347312)"
1336,I,I,1297,1682,386,"(37.705865, -1.747312)"
1337,D,I,1297,1682,386,"(37.705865, -2.147312)"
1338,F,I,1297,1682,386,"(37.705865, -2.547312)"
1339,H,I,1297,1682,386,"(37.705865, -2.947312)"
1340,R,I,1297,1682,386,"(37.705865, -3.347312)"
1341,R,I,1297,1682,386,"(37.705865, -3.747312)"
1342,I,I,1297,1682,386,"(37.705865, -4.147312)"
1343,E,I,1297,1682,386,"(37.705865, -4.547312)"
1344,E,I,1297,1682,386,"(37.705865, -4.947312)"
1345,K,I,1297,1682,386,"(38.052275, -5.147312)"
1346,S,I,1297,1682,386,"(38.398686, -4.947312)"
1347,L,I,1297,1682,386,"(38.398686, -4.547312)"
1348,A,I,1297,1682,386,"(38.398686, -4.147312)"
1349,Q,I,1297,1682,386,"(38.398686, -3.747312)"
1350,L,I,1297,1682,386,"(38.398686, -3.347312)"
1351,K,I,1297,1682,386,"(38.398686, -2.947312)"
1352,R,I,1297,1682,386,"(38.398686, -2.547312)"
1353,Q,I,1297,1682,386,"(38.398686, -2.147312)"
1354,M,I,1297,1682,386,"(38.398686, -1.747312)"
1355,E,I,1297,1682,386,"(38.398686, -1.347312)"
1356,R,I,1297,1682,386,"(38.398686, -0.947312)"
1357,I,I,1297,1682,386,"(38.398686, -0.547312)"
1358,R,I,1297,1682,386,"(38.398686, -0.147312)"
1359,A,I,1297,1682,386,"(38.398686, 0.252688)"
1360,K,I,1297,1682,386,"(38.745096, 0.052688)"
1361,Q,I,1297,1682,386,"(39.091506, 0.252688)"
1362,E,I,1297,1682,386,"(39.091506, -0.147312)"
1363,K,I,1297,1682,386,"(39.091506, -0.547312)"
1364,H,I,1297,1682,386,"(39.091506, -0.947312)"
1365,R,I,1297,1682,386,"(39.091506, -1.347312)"
1366,Q,I,1297,1682,386,"(39.091506, -1.747312)"
1367,G,I,1297,1682,386,"(39.091506, -2.147312)"
1368,R,I,1297,1682,386,"(39.091506, -2.547312)"
1369,V,I,1297,1682,386,"(39.091506, -2.947312)"
1370,D,I,1297,1682,386,"(39.091506, -3.347312)"
1371,R,I,1297,1682,386,"(39.091506, -3.747312)"
1372,S,I,1297,1682,386,"(39.091506, -4.147312)"
1373,R,I,1297,1682,386,"(39.091506, -4.547312)"
1374,P,I,1297,1682,386,"(39.091506, -4.947312)"
1375,Q,I,1297,1682,386,"(39.291506, -5.293722)"
1376,D,I,1297,1682,386,"(39.691506, -5.293722)"
1377,T,I,1297,1682,386,"(39.891506, -4.947312)"
1378,L,I,1297,1682,386,"(39.891506, -4.547312)"
1379,G,I,1297,1682,386,"(39.891506, -4.147312)"
1380,P,I,1297,1682,386,"(39.891506, -3.747312)"
1381,K,I,1297,1682,386,"(39.891506, -3.347312)"
1382,D,I,1297,1682,386,"(39.891506, -2.947312)"
1383,P,I,1297,1682,386,"(39.891506, -2.547312)"
1384,G,I,1297,1682,386,"(39.891506, -2.147312)"
1385,L,I,1297,1682,386,"(39.891506, -1.747312)"
1386,E,I,1297,1682,386,"(39.891506, -1.347312)"
1387,P,I,1297,1682,386,"(39.891506, -0.947312)"
1388,G,I,1297,1682,386,"(39.891506, -0.547312)"
1389,P,I,1297,1682,386,"(39.891506, -0.147312)"
1390,D,I,1297,1682,386,"(39.891506, 0.252688)"
1391,S,I,1297,1682,386,"(40.091506, -0.093722)"
1392,P,I,1297,1682,386,"(40.491506, -0.093722)"
1393,G,I,1297,1682,386,"(40.691506, 0.252688)"
1394,G,I,1297,1682,386,"(40.691506, -0.147312)"
1395,S,I,1297,1682,386,"(40.691506, -0.547312)"
1396,S,I,1297,1682,386,"(40.691506, -0.947312)"
1397,P,I,1297,1682,386,"(40.691506, -1.347312)"
1398,P,I,1297,1682,386,"(40.691506, -1.747312)"
1399,R,I,1297,1682,386,"(40.691506, -2.147312)"
1400,R,I,1297,1682,386,"(40.691506, -2.547312)"
1401,Q,I,1297,1682,386,"(40.691506, -2.947312)"
1402,W,I,1297,1682,386,"(40.691506, -3.347312)"
1403,W,I,1297,1682,386,"(40.691506, -3.747312)"
1404,R,I,1297,1682,386,"(40.691506, -4.147312)"
1405,P,I,1297,1682,386,"(40.691506, -4.547312)"
1406,W,I,1297,1682,386,"(40.691506, -4.947312)"
1407,L,I,1297,1682,386,"(40.891506, -5.293722)"
1408,D,I,1297,1682,386,"(41.291506, -5.293722)"
1409,H,I,1297,1682,386,"(41.491506, -4.947312)"
1410,A,I,1297,1682,386,"(41.491506, -4.547312)"
1411,T,I,1297,1682,386,"(41.491506, -4.147312)"
1412,V,I,1297,1682,386,"(41.491506, -3.747312)"
1413,I,I,1297,1682,386,"(41.491506, -3.347312)"
1414,H,I,1297,1682,386,"(41.491506, -2.947312)"
1415,S,I,1297,1682,386,"(41.491506, -2.547312)"
1416,G,I,1297,1682,386,"(41.491506, -2.147312)"
1417,D,I,1297,1682,386,"(41.491506, -1.747312)"
1418,Y,I,1297,1682,386,"(41.491506, -1.347312)"
1419,F,I,1297,1682,386,"(41.491506, -0.947312)"
1420,L,I,1297,1682,386,"(41.491506, -0.547312)"
1421,F,I,1297,1682,386,"(41.491506, -0.147312)"
1422,E,I,1297,1682,386,"(41.491506, 0.252688)"
1423,S,I,1297,1682,386,"(41.691506, -0.093722)"
1424,D,I,1297,1682,386,"(42.091506, -0.093722)"
1425,S,I,1297,1682,386,"(42.291506, 0.252688)"
1426,E,I,1297,1682,386,"(42.291506, -0.147312)"
1427,E,I,1297,1682,386,"(42.291506, -0.547312)"
1428,E,I,1297,1682,386,"(42.291506, -0.947312)"
1429,E,I,1297,1682,386,"(42.291506, -1.347312)"
1430,E,I,1297,1682,386,"(42.291506, -1.747312)"
1431,A,I,1297,1682,386,"(42.291506, -2.147312)"
1432,V,I,1297,1682,386,"(42.291506, -2.547312)"
1433,P,I,1297,1682,386,"(42.291506, -2.947312)"
1434,E,I,1297,1682,386,"(42.291506, -3.347312)"
1435,D,I,1297,1682,386,"(42.291506, -3.747312)"
1436,P,I,1297,1682,386,"(42.291506, -4.147312)"
1437,R,I,1297,1682,386,"(42.291506, -4.547312)"
1438,P,I,1297,1682,386,"(42.291506, -4.947312)"
1439,S,I,1297,1682,386,"(42.491506, -5.293722)"
1440,A,I,1297,1682,386,"(42.891506, -5.293722)"
1441,Q,I,1297,1682,386,"(43.091506, -4.947312)"
1442,S,I,1297,1682,386,"(43.091506, -4.547312)"
1443,A,I,1297,1682,386,"(43.091506, -4.147312)"
1444,F,I,1297,1682,386,"(43.091506, -3.747312)"
1445,Q,I,1297,1682,386,"(43.091506, -3.347312)"
1446,L,I,1297,1682,386,"(43.091506, -2.947312)"
1447,A,I,1297,1682,386,"(43.091506, -2.547312)"
1448,Y,I,1297,1682,386,"(43.091506, -2.147312)"
1449,Q,I,1297,1682,386,"(43.091506, -1.747312)"
1450,A,I,1297,1682,386,"(43.091506, -1.347312)"
1451,W,I,1297,1682,386,"(43.091506, -0.947312)"
1452,V,I,1297,1682,386,"(43.091506, -0.547312)"
1453,T,I,1297,1682,386,"(43.091506, -0.147312)"
1454,N,I,1297,1682,386,"(43.091506, 0.252688)"
1455,A,I,1297,1682,386,"(43.291506, -0.093722)"
1456,Q,I,1297,1682,386,"(43.691506, -0.093722)"
1457,A,I,1297,1682,386,"(43.891506, 0.252688)"
1458,V,I,1297,1682,386,"(43.891506, -0.147312)"
1459,L,I,1297,1682,386,"(43.891506, -0.547312)"
1460,R,I,1297,1682,386,"(43.891506, -0.947312)"
1461,R,I,1297,1682,386,"(43.891506, -1.347312)"
1462,R,I,1297,1682,386,"(43.891506, -1.747312)"
1463,Q,I,1297,1682,386,"(43.891506, -2.147312)"
1464,Q,I,1297,1682,386,"(43.891506, -2.547312)"
1465,E,I,1297,1682,386,"(43.891506, -2.947312)"
1466,Q,I,1297,1682,386,"(43.891506, -3.347312)"
1467,E,I,1297,1682,386,"(43.891506, -3.747312)"
1468,Q,I,1297,1682,386,"(43.891506, -4.147312)"
1469,A,I,1297,1682,386,"(43.891506, -4.547312)"
1470,R,I,1297,1682,386,"(43.891506, -4.947312)"
1471,Q,I,1297,1682,386,"(44.091506, -5.293722)"
1472,E,I,1297,1682,386,"(44.491506, -5.293722)"
1473,Q,I,1297,1682,386,"(44.691506, -4.947312)"
1474,A,I,1297,1682,386,"(44.691506, -4.547312)"
1475,G,I,1297,1682,386,"(44.691506, -4.147312)"
1476,Q,I,1297,1682,386,"(44.691506, -3.747312)"
1477,L,I,1297,1682,386,"(44.691506, -3.347312)"
1478,P,I,1297,1682,386,"(44.691506, -2.947312)"
1479,T,I,1297,1682,386,"(44.691506, -2.547312)"
1480,G,I,1297,1682,386,"(44.691506, -2.147312)"
1481,G,I,1297,1682,386,"(44.691506, -1.747312)"
1482,G,I,1297,1682,386,"(44.691506, -1.347312)"
1483,P,I,1297,1682,386,"(44.691506, -0.947312)"
1484,S,I,1297,1682,386,"(44.691506, -0.547312)"
1485,Q,I,1297,1682,386,"(44.691506, -0.147312)"
1486,E,I,1297,1682,386,"(44.691506, 0.252688)"
1487,V,I,1297,1682,386,"(44.891506, -0.093722)"
1488,E,I,1297,1682,386,"(45.291506, -0.093722)"
1489,P,I,1297,1682,386,"(45.491506, 0.252688)"
1490,A,I,1297,1682,386,"(45.491506, -0.147312)"
1491,E,I,1297,1682,386,"(45.491506, -0.547312)"
1492,G,I,1297,1682,386,"(45.491506, -0.947312)"
1493,P,I,1297,1682,386,"(45.491506, -1.347312)"
1494,E,I,1297,1682,386,"(45.491506, -1.747312)"
1495,E,I,1297,1682,386,"(45.491506, -2.147312)"
1496,A,I,1297,1682,386,"(45.491506, -2.547312)"
1497,A,I,1297,1682,386,"(45.491506, -2.947312)"
1498,A,I,1297,1682,386,"(45.491506, -3.347312)"
1499,G,I,1297,1682,386,"(45.491506, -3.747312)"
1500,R,I,1297,1682,386,"(45.491506, -4.147312)"
1501,S,I,1297,1682,386,"(45.491506, -4.547312)"
1502,H,I,1297,1682,386,"(45.491506, -4.947312)"
1503,V,I,1297,1682,386,"(45.691506, -5.293722)"
1504,V,I,1297,1682,386,"(46.091506, -5.293722)"
1505,Q,I,1297,1682,386,"(46.291506, -4.947312)"
1506,R,I,1297,1682,386,"(46.291506, -4.547312)"
1507,V,I,1297,1682,386,"(46.291506, -4.147312)"
1508,L,I,1297,1682,386,"(46.291506, -3.747312)"
1509,S,I,1297,1682,386,"(46.291506, -3.347312)"
1510,T,I,1297,1682,386,"(46.291506, -2.947312)"
1511,A,I,1297,1682,386,"(46.291506, -2.547312)"
1512,Q,I,1297,1682,386,"(46.291506, -2.147312)"
1513,F,I,1297,1682,386,"(46.291506, -1.747312)"
1514,L,I,1297,1682,386,"(46.291506, -1.347312)"
1515,W,I,1297,1682,386,"(46.291506, -0.947312)"
1516,M,I,1297,1682,386,"(46.291506, -0.547312)"
1517,L,I,1297,1682,386,"(46.291506, -0.147312)"
1518,G,I,1297,1682,386,"(46.291506, 0.252688)"
1519,Q,I,1297,1682,386,"(46.491506, -0.093722)"
1520,A,I,1297,1682,386,"(46.891506, -0.093722)"
1521,L,I,1297,1682,386,"(47.091506, 0.252688)"
1522,V,I,1297,1682,386,"(47.091506, -0.147312)"
1523,D,I,1297,1682,386,"(47.091506, -0.547312)"
1524,E,I,1297,1682,386,"(47.091506, -0.947312)"
1525,L,I,1297,1682,386,"(47.091506, -1.347312)"
1526,T,I,1297,1682,386,"(47.091506, -1.747312)"
1527,R,I,1297,1682,386,"(47.091506, -2.147312)"
1528,W,I,1297,1682,386,"(47.091506, -2.547312)"
1529,L,I,1297,1682,386,"(47.091506, -2.947312)"
1530,Q,I,1297,1682,386,"(47.091506, -3.347312)"
1531,E,I,1297,1682,386,"(47.091506, -3.747312)"
1532,F,I,1297,1682,386,"(47.091506, -4.147312)"
1533,T,I,1297,1682,386,"(47.091506, -4.547312)"
1534,R,I,1297,1682,386,"(47.091506, -4.947312)"
1535,H,I,1297,1682,386,"(47.291506, -5.293722)"
1536,H,I,1297,1682,386,"(47.691506, -5.293722)"
1537,G,I,1297,1682,386,"(47.891506, -4.947312)"
1538,T,I,1297,1682,386,"(47.891506, -4.547312)"
1539,M,I,1297,1682,386,"(47.891506, -4.147312)"
1540,S,I,1297,1682,386,"(47.891506, -3.747312)"
1541,D,I,1297,1682,386,"(47.891506, -3.347312)"
1542,V,I,1297,1682,386,"(47.891506, -2.947312)"
1543,L,I,1297,1682,386,"(47.891506, -2.547312)"
1544,R,I,1297,1682,386,"(47.891506, -2.147312)"
1545,A,I,1297,1682,386,"(47.891506, -1.747312)"
1546,E,I,1297,1682,386,"(47.891506, -1.347312)"
1547,R,I,1297,1682,386,"(47.891506, -0.947312)"
1548,Y,I,1297,1682,386,"(47.891506, -0.547312)"
1549,L,I,1297,1682,386,"(47.891506, -0.147312)"
1550,L,I,1297,1682,386,"(47.891506, 0.252688)"
1551,T,I,1297,1682,386,"(48.091506, -0.093722)"
1552,Q,I,1297,1682,386,"(48.491506, -0.093722)"
1553,E,I,1297,1682,386,"(48.691506, 0.252688)"
1554,L,I,1297,1682,386,"(48.691506, -0.147312)"
1555,L,I,1297,1682,386,"(48.691506, -0.547312)"
1556,Q,I,1297,1682,386,"(48.691506, -0.947312)"
1557,G,I,1297,1682,386,"(48.691506, -1.347312)"
1558,G,I,1297,1682,386,"(48.691506, -1.747312)"
1559,E,I,1297,1682,386,"(48.691506, -2.147312)"
1560,V,I,1297,1682,386,"(48.691506, -2.547312)"
1561,H,I,1297,1682,386,"(48.691506, -2.947312)"
1562,R,I,1297,1682,386,"(48.691506, -3.347312)"
1563,G,I,1297,1682,386,"(48.691506, -3.747312)"
1564,V,I,1297,1682,386,"(48.691506, -4.147312)"
1565,L,I,1297,1682,386,"(48.691506, -4.547312)"
1566,D,I,1297,1682,386,"(48.691506, -4.947312)"
1567,Q,I,1297,1682,386,"(48.891506, -5.293722)"
1568,L,I,1297,1682,386,"(49.291506, -5.293722)"
1569,Y,I,1297,1682,386,"(49.491506, -4.947312)"
1570,T,I,1297,1682,386,"(49.491506, -4.547312)"
1571,S,I,1297,1682,386,"(49.491506, -4.147312)"
1572,Q,I,1297,1682,386,"(49.491506, -3.747312)"
1573,A,I,1297,1682,386,"(49.491506, -3.347312)"
1574,E,I,1297,1682,386,"(49.491506, -2.947312)"
1575,A,I,1297,1682,386,"(49.491506, -2.547312)"
1576,T,I,1297,1682,386,"(49.491506, -2.147312)"
1577,L,I,1297,1682,386,"(49.491506, -1.747312)"
1578,P,I,1297,1682,386,"(49.491506, -1.347312)"
1579,G,I,1297,1682,386,"(49.491506, -0.947312)"
1580,P,I,1297,1682,386,"(49.491506, -0.547312)"
1581,T,I,1297,1682,386,"(49.491506, -0.147312)"
1582,E,I,1297,1682,386,"(49.491506, 0.252688)"
1583,A,I,1297,1682,386,"(49.691506, -0.093722)"
1584,P,I,1297,1682,386,"(50.091506, -0.093722)"
1585,N,I,1297,1682,386,"(50.291506, 0.252688)"
1586,A,I,1297,1682,386,"(50.291506, -0.147312)"
1587,P,I,1297,1682,386,"(50.291506, -0.547312)"
1588,S,I,1297,1682,386,"(50.291506, -0.947312)"
1589,T,I,1297,1682,386,"(50.291506, -1.347312)"
1590,V,I,1297,1682,386,"(50.291506, -1.747312)"
1591,S,I,1297,1682,386,"(50.291506, -2.147312)"
1592,S,I,1297,1682,386,"(50.291506, -2.547312)"
1593,G,I,1297,1682,386,"(50.291506, -2.947312)"
1594,L,I,1297,1682,386,"(50.291506, -3.347312)"
1595,G,I,1297,1682,386,"(50.291506, -3.747312)"
1596,A,I,1297,1682,386,"(50.291506, -4.147312)"
1597,E,I,1297,1682,386,"(50.291506, -4.547312)"
1598,E,I,1297,1682,386,"(50.291506, -4.947312)"
1599,P,I,1297,1682,386,"(50.491506, -5.293722)"
1600,L,I,1297,1682,386,"(50.891506, -5.293722)"
1601,S,I,1297,1682,386,"(51.091506, -4.947312)"
1602,S,I,1297,1682,386,"(51.091506, -4.547312)"
1603,M,I,1297,1682,386,"(51.091506, -4.147312)"
1604,T,I,1297,1682,386,"(51.091506, -3.747312)"
1605,D,I,1297,1682,386,"(51.091506, -3.347312)"
1606,D,I,1297,1682,386,"(51.091506, -2.947312)"
1607,M,I,1297,1682,386,"(51.091506, -2.547312)"
1608,G,I,1297,1682,386,"(51.091506, -2.147312)"
1609,S,I,1297,1682,386,"(51.091506, -1.747312)"
1610,P,I,1297,1682,386,"(51.091506, -1.347312)"
1611,L,I,1297,1682,386,"(51.091506, -0.947312)"
1612,S,I,1297,1682,386,"(51.091506, -0.547312)"
1613,T,I,1297,1682,386,"(51.091506, -0.147312)"
1614,G,I,1297,1682,386,"(51.091506, 0.252688)"
1615,Y,I,1297,1682,386,"(51.291506, -0.093722)"
1616,H,I,1297,1682,386,"(51.691506, -0.093722)"
1617,T,I,1297,1682,386,"(51.891506, 0.252688)"
1618,R,I,1297,1682,386,"(51.891506, -0.147312)"
1619,S,I,1297,1682,386,"(51.891506, -0.547312)"
1620,G,I,1297,1682,386,"(51.891506, -0.947312)"
1621,S,I,1297,1682,386,"(51.891506, -1.347312)"
1622,E,I,1297,1682,386,"(51.891506, -1.747312)"
1623,E,I,1297,1682,386,"(51.891506, -2.147312)"
1624,A,I,1297,1682,386,"(51.891506, -2.547312)"
1625,V,I,1297,1682,386,"(51.891506, -2.947312)"
1626,T,I,1297,1682,386,"(51.891506, -3.347312)"
1627,D,I,1297,1682,386,"(51.891506, -3.747312)"
1628,P,I,1297,1682,386,"(51.891506, -4.147312)"
1629,G,I,1297,1682,386,"(51.891506, -4.547312)"
1630,E,I,1297,1682,386,"(51.891506, -4.947312)"
1631,R,I,1297,1682,386,"(52.091506, -5.293722)"
1632,E,I,1297,1682,386,"(52.491506, -5.293722)"
1633,A,I,1297,1682,386,"(52.691506, -4.947312)"
1634,G,I,1297,1682,386,"(52.691506, -4.547312)"
1635,A,I,1297,1682,386,"(52.691506, -4.147312)"
1636,S,I,1297,1682,386,"(52.691506, -3.747312)"
1637,L,I,1297,1682,386,"(52.691506, -3.347312)"
1638,Y,I,1297,1682,386,"(52.691506, -2.947312)"
1639,Q,I,1297,1682,386,"(52.691506, -2.547312)"
1640,G,I,1297,1682,386,"(52.691506, -2.147312)"
1641,L,I,1297,1682,386,"(52.691506, -1.747312)"
1642,M,I,1297,1682,386,"(52.691506, -1.347312)"
1643,R,I,1297,1682,386,"(52.691506, -0.947312)"
1644,T,I,1297,1682,386,"(52.691506, -0.547312)"
1645,A,I,1297,1682,386,"(52.691506, -0.147312)"
1646,S,I,1297,1682,386,"(52.691506, 0.252688)"
1647,E,I,1297,1682,386,"(52.891506, -0.093722)"
1648,L,I,1297,1682,386,"(53.291506, -0.093722)"
1649,L,I,1297,1682,386,"(53.491506, 0.252688)"
1650,L,I,1297,1682,386,"(53.491506, -0.147312)"
1651,D,I,1297,1682,386,"(53.491506, -0.547312)"
1652,R,I,1297,1682,386,"(53.491506, -0.947312)"
1653,R,I,1297,1682,386,"(53.491506, -1.347312)"
1654,L,I,1297,1682,386,"(53.491506, -1.747312)"
1655,R,I,1297,1682,386,"(53.491506, -2.147312)"
1656,I,I,1297,1682,386,"(53.491506, -2.547312)"
1657,P,I,1297,1682,386,"(53.491506, -2.947312)"
1658,E,I,1297,1682,386,"(53.491506, -3.347312)"
1659,L,I,1297,1682,386,"(53.491506, -3.747312)"
1660,E,I,1297,1682,386,"(53.491506, -4.147312)"
1661,E,I,1297,1682,386,"(53.491506, -4.547312)"
1662,A,I,1297,1682,386,"(53.491506, -4.947312)"
1663,E,I,1297,1682,386,"(53.691506, -5.293722)"
1664,L,I,1297,1682,386,"(54.091506, -5.293722)"
1665,F,I,1297,1682,386,"(54.291506, -4.947312)"
1666,A,I,1297,1682,386,"(54.291506, -4.547312)"
1667,E,I,1297,1682,386,"(54.291506, -4.147312)"
1668,G,I,1297,1682,386,"(54.291506, -3.747312)"
1669,Q,I,1297,1682,386,"(54.291506, -3.347312)"
1670,G,I,1297,1682,386,"(54.291506, -2.947312)"
1671,R,I,1297,1682,386,"(54.291506, -2.547312)"
1672,A,I,1297,1682,386,"(54.291506, -2.147312)"
1673,L,I,1297,1682,386,"(54.291506, -1.747312)"
1674,R,I,1297,1682,386,"(54.291506, -1.347312)"
1675,L,I,1297,1682,386,"(54.291506, -0.947312)"
1676,L,I,1297,1682,386,"(54.291506, -0.547312)"
1677,R,I,1297,1682,386,"(54.291506, -0.147312)"
1678,A,I,1297,1682,386,"(54.291506, 0.252688)"
1679,V,I,1297,1682,386,"(54.291506, 0.652688)"
1680,Y,I,1297,1682,386,"(54.291506, 1.052688)"
1681,Q,I,1297,1682,386,"(54.291506, 1.452688)"
1682,C,I,1297,1682,386,"(54.291506, 1.852688)"
1683,V,M,1683,1703,21,"(54.291506, 2.252688)"
1684,A,M,1683,1703,21,"(54.665126, 2.395545)"
1685,A,M,1683,1703,21,"(54.291506, 2.538402)"
1686,H,M,1683,1703,21,"(54.665126, 2.681259)"
1687,S,M,1683,1703,21,"(54.291506, 2.824116)"
1688,E,M,1683,1703,21,"(54.665126, 2.966973)"
1689,L,M,1683,1703,21,"(54.291506, 3.109831)"
1690,L,M,1683,1703,21,"(54.665126, 3.252688)"
1691,C,M,1683,1703,21,"(54.291506, 3.395545)"
1692,Y,M,1683,1703,21,"(54.665126, 3.538402)"
1693,F,M,1683,1703,21,"(54.291506, 3.681259)"
1694,I,M,1683,1703,21,"(54.665126, 3.824116)"
1695,I,M,1683,1703,21,"(54.291506, 3.966973)"
1696,I,M,1683,1703,21,"(54.665126, 4.109831)"
1697,L,M,1683,1703,21,"(54.291506, 4.252688)"
1698,N,M,1683,1703,21,"(54.665126, 4.395545)"
1699,H,M,1683,1703,21,"(54.291506, 4.538402)"
1700,M,M,1683,1703,21,"(54.665126, 4.681259)"
1701,V,M,1683,1703,21,"(54.291506, 4.824116)"
1702,T,M,1683,1703,21,"(54.665126, 4.966973)"
1703,A,M,1683,1703,21,"(54.291506, 5.109831)"
1704,S,O,1704,1704,1,"(54.637916, 5.309831)"
1705,A,M,1705,1720,16,"(54.984326, 5.109831)"
1706,G,M,1705,1720,16,"(54.630994, 4.922331)"
1707,S,M,1705,1720,16,"(54.984326, 4.734831)"
1708,L,M,1705,1720,16,"(54.630994, 4.547331)"
1709,V,M,1705,1720,16,"(54.984326, 4.359831)"
1710,L,M,1705,1720,16,"(54.630994, 4.172331)"
1711,P,M,1705,1720,16,"(54.984326, 3.984831)"
1712,V,M,1705,1720,16,"(54.630994, 3.797331)"
1713,L,M,1705,1720,16,"(54.984326, 3.609831)"
1714,V,M,1705,1720,16,"(54.630994, 3.422331)"
1715,F,M,1705,1720,16,"(54.984326, 3.234831)"
1716,L,M,1705,1720,16,"(54.630994, 3.047331)"
1717,W,M,1705,1720,16,"(54.984326, 2.859831)"
1718,A,M,1705,1720,16,"(54.630994, 2.672331)"
1719,M,M,1705,1720,16,"(54.984326, 2.484831)"
1720,L,M,1705,1720,16,"(54.630994, 2.297331)"
1721,S,I,1721,1729,9,"(54.630994, 1.897331)"
1722,I,I,1721,1729,9,"(54.630994, 1.497331)"
1723,P,I,1721,1729,9,"(54.630994, 1.097331)"
1724,R,I,1721,1729,9,"(54.630994, 0.697331)"
1725,P,I,1721,1729,9,"(54.977404, 0.497331)"
1726,S,I,1721,1729,9,"(55.323814, 0.697331)"
1727,K,I,1721,1729,9,"(55.323814, 1.097331)"
1728,R,I,1721,1729,9,"(55.323814, 1.497331)"
1729,F,I,1721,1729,9,"(55.323814, 1.897331)"
1730,W,M,1730,1752,23,"(55.323814, 2.297331)"
1731,M,M,1730,1752,23,"(55.70195, 2.427765)"
1732,T,M,1730,1752,23,"(55.323814, 2.5582)"
1733,A,M,1730,1752,23,"(55.70195, 2.688635)"
1734,I,M,1730,1752,23,"(55.323814, 2.81907)"
1735,V,M,1730,1752,23,"(55.70195, 2.949504)"
1736,F,M,1730,1752,23,"(55.323814, 3.079939)"
1737,T,M,1730,1752,23,"(55.70195, 3.210374)"
1738,E,M,1730,1752,23,"(55.323814, 3.340809)"
1739,I,M,1730,1752,23,"(55.70195, 3.471244)"
1740,A,M,1730,1752,23,"(55.323814, 3.601678)"
1741,V,M,1730,1752,23,"(55.70195, 3.732113)"
1742,V,M,1730,1752,23,"(55.323814, 3.862548)"
1743,V,M,1730,1752,23,"(55.70195, 3.992983)"
1744,K,M,1730,1752,23,"(55.323814, 4.123418)"
1745,Y,M,1730,1752,23,"(55.70195, 4.253852)"
1746,L,M,1730,1752,23,"(55.323814, 4.384287)"
1747,F,M,1730,1752,23,"(55.70195, 4.514722)"
1748,Q,M,1730,1752,23,"(55.323814, 4.645157)"
1749,F,M,1730,1752,23,"(55.70195, 4.775591)"
1750,G,M,1730,1752,23,"(55.323814, 4.906026)"
1751,F,M,1730,1752,23,"(55.70195, 5.036461)"
1752,F,M,1730,1752,23,"(55.323814, 5.166896)"
1753,P,O,1753,1786,34,"(55.323814, 5.566896)"
1754,W,O,1753,1786,34,"(55.323814, 5.966896)"
1755,N,O,1753,1786,34,"(55.323814, 6.366896)"
1756,S,O,1753,1786,34,"(55.323814, 6.766896)"
1757,H,O,1753,1786,34,"(55.323814, 7.166896)"
1758,V,O,1753,1786,34,"(55.323814, 7.566896)"
1759,V,O,1753,1786,34,"(55.323814, 7.966896)"
1760,L,O,1753,1786,34,"(55.323814, 8.366896)"
1761,R,O,1753,1786,34,"(55.323814, 8.766896)"
1762,R,O,1753,1786,34,"(55.323814, 9.166896)"
1763,Y,O,1753,1786,34,"(55.323814, 9.566896)"
1764,E,O,1753,1786,34,"(55.323814, 9.966896)"
1765,N,O,1753,1786,34,"(55.323814, 10.366896)"
1766,K,O,1753,1786,34,"(55.323814, 10.766896)"
1767,P,O,1753,1786,34,"(55.323814, 11.166896)"
1768,Y,O,1753,1786,34,"(55.323814, 11.566896)"
1769,F,O,1753,1786,34,"(55.523814, 11.913306)"
1770,P,O,1753,1786,34,"(55.923814, 11.913306)"
1771,P,O,1753,1786,34,"(56.123814, 11.566896)"
1772,R,O,1753,1786,34,"(56.123814, 11.166896)"
1773,I,O,1753,1786,34,"(56.123814, 10.766896)"
1774,L,O,1753,1786,34,"(56.123814, 10.366896)"
1775,G,O,1753,1786,34,"(56.123814, 9.966896)"
1776,L,O,1753,1786,34,"(56.123814, 9.566896)"
1777,E,O,1753,1786,34,"(56.123814, 9.166896)"
1778,K,O,1753,1786,34,"(56.123814, 8.766896)"
1779,T,O,1753,1786,34,"(56.123814, 8.366896)"
1780,D,O,1753,1786,34,"(56.123814, 7.966896)"
1781,G,O,1753,1786,34,"(56.123814, 7.566896)"
1782,Y,O,1753,1786,34,"(56.123814, 7.166896)"
1783,I,O,1753,1786,34,"(56.123814, 6.766896)"
1784,K,O,1753,1786,34,"(56.123814, 6.366896)"
1785,Y,O,1753,1786,34,"(56.123814, 5.966896)"
1786,D,O,1753,1786,34,"(56.123814, 5.566896)"
1787,L,M,1787,1796,10,"(56.123814, 5.166896)"
1788,V,M,1787,1796,10,"(55.859239, 4.866896)"
1789,Q,M,1787,1796,10,"(56.123814, 4.566896)"
1790,L,M,1787,1796,10,"(55.859239, 4.266896)"
1791,M,M,1787,1796,10,"(56.123814, 3.966896)"
1792,A,M,1787,1796,10,"(55.859239, 3.666896)"
1793,L,M,1787,1796,10,"(56.123814, 3.366896)"
1794,F,M,1787,1796,10,"(55.859239, 3.066896)"
1795,F,M,1787,1796,10,"(56.123814, 2.766896)"
1796,H,M,1787,1796,10,"(55.859239, 2.466896)"
1797,R,I,1797,1959,163,"(55.859239, 2.066896)"
1798,S,I,1797,1959,163,"(55.859239, 1.666896)"
1799,Q,I,1797,1959,163,"(55.859239, 1.266896)"
1800,L,I,1797,1959,163,"(55.859239, 0.866896)"
1801,L,I,1797,1959,163,"(55.859239, 0.466896)"
1802,C,I,1797,1959,163,"(55.859239, 0.066896)"
1803,Y,I,1797,1959,163,"(55.859239, -0.333104)"
1804,G,I,1797,1959,163,"(55.859239, -0.733104)"
1805,L,I,1797,1959,163,"(55.859239, -1.133104)"
1806,W,I,1797,1959,163,"(55.859239, -1.533104)"
1807,D,I,1797,1959,163,"(55.859239, -1.933104)"
1808,H,I,1797,1959,163,"(55.859239, -2.333104)"
1809,E,I,1797,1959,163,"(55.859239, -2.733104)"
1810,E,I,1797,1959,163,"(55.859239, -3.133104)"
1811,D,I,1797,1959,163,"(55.859239, -3.533104)"
1812,S,I,1797,1959,163,"(55.859239, -3.933104)"
1813,P,I,1797,1959,163,"(55.859239, -4.333104)"
1814,S,I,1797,1959,163,"(55.859239, -4.733104)"
1815,K,I,1797,1959,163,"(56.205649, -4.933104)"
1816,E,I,1797,1959,163,"(56.552059, -4.733104)"
1817,H,I,1797,1959,163,"(56.552059, -4.333104)"
1818,D,I,1797,1959,163,"(56.552059, -3.933104)"
1819,K,I,1797,1959,163,"(56.552059, -3.533104)"
1820,S,I,1797,1959,163,"(56.552059, -3.133104)"
1821,G,I,1797,1959,163,"(56.552059, -2.733104)"
1822,E,I,1797,1959,163,"(56.552059, -2.333104)"
1823,E,I,1797,1959,163,"(56.552059, -1.933104)"
1824,E,I,1797,1959,163,"(56.552059, -1.533104)"
1825,Q,I,1797,1959,163,"(56.552059, -1.133104)"
1826,G,I,1797,1959,163,"(56.552059, -0.733104)"
1827,A,I,1797,1959,163,"(56.552059, -0.333104)"
1828,E,I,1797,1959,163,"(56.552059, 0.066896)"
1829,E,I,1797,1959,163,"(56.552059, 0.466896)"
1830,G,I,1797,1959,163,"(56.89847, 0.266896)"
1831,P,I,1797,1959,163,"(57.24488, 0.466896)"
1832,G,I,1797,1959,163,"(57.24488, 0.066896)"
1833,V,I,1797,1959,163,"(57.24488, -0.333104)"
1834,P,I,1797,1959,163,"(57.24488, -0.733104)"
1835,A,I,1797,1959,163,"(57.24488, -1.133104)"
1836,A,I,1797,1959,163,"(57.24488, -1.533104)"
1837,T,I,1797,1959,163,"(57.24488, -1.933104)"
1838,T,I,1797,1959,163,"(57.24488, -2.333104)"
1839,E,I,1797,1959,163,"(57.24488, -2.733104)"
1840,D,I,1797,1959,163,"(57.24488, -3.133104)"
1841,H,I,1797,1959,163,"(57.24488, -3.533104)"
1842,I,I,1797,1959,163,"(57.24488, -3.933104)"
1843,Q,I,1797,1959,163,"(57.24488, -4.333104)"
1844,V,I,1797,1959,163,"(57.24488, -4.733104)"
1845,E,I,1797,1959,163,"(57.59129, -4.933104)"
1846,A,I,1797,1959,163,"(57.9377, -4.733104)"
1847,R,I,1797,1959,163,"(57.9377, -4.333104)"
1848,V,I,1797,1959,163,"(57.9377, -3.933104)"
1849,G,I,1797,1959,163,"(57.9377, -3.533104)"
1850,P,I,1797,1959,163,"(57.9377, -3.133104)"
1851,T,I,1797,1959,163,"(57.9377, -2.733104)"
1852,D,I,1797,1959,163,"(57.9377, -2.333104)"
1853,G,I,1797,1959,163,"(57.9377, -1.933104)"
1854,T,I,1797,1959,163,"(57.9377, -1.533104)"
1855,P,I,1797,1959,163,"(57.9377, -1.133104)"
1856,E,I,1797,1959,163,"(57.9377, -0.733104)"
1857,P,I,1797,1959,163,"(57.9377, -0.333104)"
1858,Q,I,1797,1959,163,"(57.9377, 0.066896)"
1859,V,I,1797,1959,163,"(57.9377, 0.466896)"
1860,E,I,1797,1959,163,"(58.1377, 0.120486)"
1861,L,I,1797,1959,163,"(58.5377, 0.120486)"
1862,R,I,1797,1959,163,"(58.7377, 0.466896)"
1863,P,I,1797,1959,163,"(58.7377, 0.066896)"
1864,R,I,1797,1959,163,"(58.7377, -0.333104)"
1865,D,I,1797,1959,163,"(58.7377, -0.733104)"
1866,T,I,1797,1959,163,"(58.7377, -1.133104)"
1867,R,I,1797,1959,163,"(58.7377, -1.533104)"
1868,R,I,1797,1959,163,"(58.7377, -1.933104)"
1869,I,I,1797,1959,163,"(58.7377, -2.333104)"
1870,S,I,1797,1959,163,"(58.7377, -2.733104)"
1871,L,I,1797,1959,163,"(58.7377, -3.133104)"
1872,R,I,1797,1959,163,"(58.7377, -3.533104)"
1873,F,I,1797,1959,163,"(58.7377, -3.933104)"
1874,R,I,1797,1959,163,"(58.7377, -4.333104)"
1875,R,I,1797,1959,163,"(58.7377, -4.733104)"
1876,R,I,1797,1959,163,"(58.9377, -5.079514)"
1877,K,I,1797,1959,163,"(59.3377, -5.079514)"
1878,K,I,1797,1959,163,"(59.5377, -4.733104)"
1879,E,I,1797,1959,163,"(59.5377, -4.333104)"
1880,G,I,1797,1959,163,"(59.5377, -3.933104)"
1881,P,I,1797,1959,163,"(59.5377, -3.533104)"
1882,A,I,1797,1959,163,"(59.5377, -3.133104)"
1883,R,I,1797,1959,163,"(59.5377, -2.733104)"
1884,K,I,1797,1959,163,"(59.5377, -2.333104)"
1885,G,I,1797,1959,163,"(59.5377, -1.933104)"
1886,A,I,1797,1959,163,"(59.5377, -1.533104)"
1887,A,I,1797,1959,163,"(59.5377, -1.133104)"
1888,A,I,1797,1959,163,"(59.5377, -0.733104)"
1889,I,I,1797,1959,163,"(59.5377, -0.333104)"
1890,E,I,1797,1959,163,"(59.5377, 0.066896)"
1891,A,I,1797,1959,163,"(59.5377, 0.466896)"
1892,E,I,1797,1959,163,"(59.7377, 0.120486)"
1893,D,I,1797,1959,163,"(60.1377, 0.120486)"
1894,R,I,1797,1959,163,"(60.3377, 0.466896)"
1895,E,I,1797,1959,163,"(60.3377, 0.066896)"
1896,E,I,1797,1959,163,"(60.3377, -0.333104)"
1897,E,I,1797,1959,163,"(60.3377, -0.733104)"
1898,E,I,1797,1959,163,"(60.3377, -1.133104)"
1899,G,I,1797,1959,163,"(60.3377, -1.533104)"
1900,E,I,1797,1959,163,"(60.3377, -1.933104)"
1901,E,I,1797,1959,163,"(60.3377, -2.333104)"
1902,E,I,1797,1959,163,"(60.3377, -2.733104)"
1903,K,I,1797,1959,163,"(60.3377, -3.133104)"
1904,E,I,1797,1959,163,"(60.3377, -3.533104)"
1905,A,I,1797,1959,163,"(60.3377, -3.933104)"
1906,P,I,1797,1959,163,"(60.3377, -4.333104)"
1907,T,I,1797,1959,163,"(60.3377, -4.733104)"
1908,G,I,1797,1959,163,"(60.5377, -5.079514)"
1909,R,I,1797,1959,163,"(60.9377, -5.079514)"
1910,E,I,1797,1959,163,"(61.1377, -4.733104)"
1911,K,I,1797,1959,163,"(61.1377, -4.333104)"
1912,R,I,1797,1959,163,"(61.1377, -3.933104)"
1913,P,I,1797,1959,163,"(61.1377, -3.533104)"
1914,S,I,1797,1959,163,"(61.1377, -3.133104)"
1915,R,I,1797,1959,163,"(61.1377, -2.733104)"
1916,S,I,1797,1959,163,"(61.1377, -2.333104)"
1917,G,I,1797,1959,163,"(61.1377, -1.933104)"
1918,G,I,1797,1959,163,"(61.1377, -1.533104)"
1919,R,I,1797,1959,163,"(61.1377, -1.133104)"
1920,V,I,1797,1959,163,"(61.1377, -0.733104)"
1921,R,I,1797,1959,163,"(61.1377, -0.333104)"
1922,A,I,1797,1959,163,"(61.1377, 0.066896)"
1923,A,I,1797,1959,163,"(61.1377, 0.466896)"
1924,G,I,1797,1959,163,"(61.3377, 0.120486)"
1925,R,I,1797,1959,163,"(61.7377, 0.120486)"
1926,R,I,1797,1959,163,"(61.9377, 0.466896)"
1927,L,I,1797,1959,163,"(61.9377, 0.066896)"
1928,Q,I,1797,1959,163,"(61.9377, -0.333104)"
1929,G,I,1797,1959,163,"(61.9377, -0.733104)"
1930,F,I,1797,1959,163,"(61.9377, -1.133104)"
1931,C,I,1797,1959,163,"(61.9377, -1.533104)"
1932,L,I,1797,1959,163,"(61.9377, -1.933104)"
1933,S,I,1797,1959,163,"(61.9377, -2.333104)"
1934,L,I,1797,1959,163,"(61.9377, -2.733104)"
1935,A,I,1797,1959,163,"(61.9377, -3.133104)"
1936,Q,I,1797,1959,163,"(61.9377, -3.533104)"
1937,G,I,1797,1959,163,"(61.9377, -3.933104)"
1938,T,I,1797,1959,163,"(61.9377, -4.333104)"
1939,Y,I,1797,1959,163,"(61.9377, -4.733104)"
1940,R,I,1797,1959,163,"(62.1377, -5.079514)"
1941,P,I,1797,1959,163,"(62.5377, -5.079514)"
1942,L,I,1797,1959,163,"(62.7377, -4.733104)"
1943,R,I,1797,1959,163,"(62.7377, -4.333104)"
1944,R,I,1797,1959,163,"(62.7377, -3.933104)"
1945,F,I,1797,1959,163,"(62.7377, -3.533104)"
1946,F,I,1797,1959,163,"(62.7377, -3.133104)"
1947,H,I,1797,1959,163,"(62.7377, -2.733104)"
1948,D,I,1797,1959,163,"(62.7377, -2.333104)"
1949,I,I,1797,1959,163,"(62.7377, -1.933104)"
1950,L,I,1797,1959,163,"(62.7377, -1.533104)"
1951,H,I,1797,1959,163,"(62.7377, -1.133104)"
1952,T,I,1797,1959,163,"(62.7377, -0.733104)"
1953,K,I,1797,1959,163,"(62.7377, -0.333104)"
1954,Y,I,1797,1959,163,"(62.7377, 0.066896)"
1955,R,I,1797,1959,163,"(62.7377, 0.466896)"
1956,A,I,1797,1959,163,"(62.7377, 0.866896)"
1957,A,I,1797,1959,163,"(62.7377, 1.266896)"
1958,T,I,1797,1959,163,"(62.7377, 1.666896)"
1959,D,I,1797,1959,163,"(62.7377, 2.066896)"
1960,V,M,1960,1980,21,"(62.7377, 2.466896)"
1961,Y,M,1960,1980,21,"(63.11132, 2.609753)"
1962,A,M,1960,1980,21,"(62.7377, 2.75261)"
1963,L,M,1960,1980,21,"(63.11132, 2.895467)"
1964,M,M,1960,1980,21,"(62.7377, 3.038324)"
1965,F,M,1960,1980,21,"(63.11132, 3.181182)"
1966,L,M,1960,1980,21,"(62.7377, 3.324039)"
1967,A,M,1960,1980,21,"(63.11132, 3.466896)"
1968,D,M,1960,1980,21,"(62.7377, 3.609753)"
1969,V,M,1960,1980,21,"(63.11132, 3.75261)"
1970,V,M,1960,1980,21,"(62.7377, 3.895467)"
1971,D,M,1960,1980,21,"(63.11132, 4.038324)"
1972,F,M,1960,1980,21,"(62.7377, 4.181182)"
1973,I,M,1960,1980,21,"(63.11132, 4.324039)"
1974,I,M,1960,1980,21,"(62.7377, 4.466896)"
1975,I,M,1960,1980,21,"(63.11132, 4.609753)"
1976,I,M,1960,1980,21,"(62.7377, 4.75261)"
1977,F,M,1960,1980,21,"(63.11132, 4.895467)"
1978,G,M,1960,1980,21,"(62.7377, 5.038324)"
1979,F,M,1960,1980,21,"(63.11132, 5.181182)"
1980,W,M,1960,1980,21,"(62.7377, 5.324039)"
1981,A,O,1981,1998,18,"(62.7377, 5.724039)"
1982,F,O,1981,1998,18,"(62.7377, 6.124039)"
1983,G,O,1981,1998,18,"(62.7377, 6.524039)"
1984,K,O,1981,1998,18,"(62.7377, 6.924039)"
1985,H,O,1981,1998,18,"(62.7377, 7.324039)"
1986,S,O,1981,1998,18,"(62.7377, 7.724039)"
1987,A,O,1981,1998,18,"(62.7377, 8.124039)"
1988,A,O,1981,1998,18,"(62.7377, 8.524039)"
1989,T,O,1981,1998,18,"(62.9377, 8.870449)"
1990,D,O,1981,1998,18,"(63.3377, 8.870449)"
1991,I,O,1981,1998,18,"(63.5377, 8.524039)"
1992,T,O,1981,1998,18,"(63.5377, 8.124039)"
1993,S,O,1981,1998,18,"(63.5377, 7.724039)"
1994,S,O,1981,1998,18,"(63.5377, 7.324039)"
1995,L,O,1981,1998,18,"(63.5377, 6.924039)"
1996,S,O,1981,1998,18,"(63.5377, 6.524039)"
1997,D,O,1981,1998,18,"(63.5377, 6.124039)"
1998,D,O,1981,1998,18,"(63.5377, 5.724039)"
1999,Q,M,1999,2017,19,"(63.5377, 5.324039)"
2000,V,M,1999,2017,19,"(63.905218, 5.166144)"
2001,P,M,1999,2017,19,"(63.5377, 5.008249)"
2002,E,M,1999,2017,19,"(63.905218, 4.850354)"
2003,A,M,1999,2017,19,"(63.5377, 4.69246)"
2004,F,M,1999,2017,19,"(63.905218, 4.534565)"
2005,L,M,1999,2017,19,"(63.5377, 4.37667)"
2006,V,M,1999,2017,19,"(63.905218, 4.218775)"
2007,M,M,1999,2017,19,"(63.5377, 4.060881)"
2008,L,M,1999,2017,19,"(63.905218, 3.902986)"
2009,L,M,1999,2017,19,"(63.5377, 3.745091)"
2010,I,M,1999,2017,19,"(63.905218, 3.587197)"
2011,Q,M,1999,2017,19,"(63.5377, 3.429302)"
2012,F,M,1999,2017,19,"(63.905218, 3.271407)"
2013,S,M,1999,2017,19,"(63.5377, 3.113512)"
2014,T,M,1999,2017,19,"(63.905218, 2.955618)"
2015,M,M,1999,2017,19,"(63.5377, 2.797723)"
2016,V,M,1999,2017,19,"(63.905218, 2.639828)"
2017,V,M,1999,2017,19,"(63.5377, 2.481933)"
2018,D,I,2018,2031,14,"(63.5377, 2.081933)"
2019,R,I,2018,2031,14,"(63.5377, 1.681933)"
2020,A,I,2018,2031,14,"(63.5377, 1.281933)"
2021,L,I,2018,2031,14,"(63.5377, 0.881933)"
2022,Y,I,2018,2031,14,"(63.5377, 0.481933)"
2023,L,I,2018,2031,14,"(63.5377, 0.081933)"
2024,R,I,2018,2031,14,"(63.7377, -0.264477)"
2025,K,I,2018,2031,14,"(64.1377, -0.264477)"
2026,T,I,2018,2031,14,"(64.3377, 0.081933)"
2027,V,I,2018,2031,14,"(64.3377, 0.481933)"
2028,L,I,2018,2031,14,"(64.3377, 0.881933)"
2029,G,I,2018,2031,14,"(64.3377, 1.281933)"
2030,K,I,2018,2031,14,"(64.3377, 1.681933)"
2031,L,I,2018,2031,14,"(64.3377, 2.081933)"
2032,A,M,2032,2052,21,"(64.3377, 2.481933)"
2033,F,M,2032,2052,21,"(64.71132, 2.624791)"
2034,Q,M,2032,2052,21,"(64.3377, 2.767648)"
2035,V,M,2032,2052,21,"(64.71132, 2.910505)"
2036,A,M,2032,2052,21,"(64.3377, 3.053362)"
2037,L,M,2032,2052,21,"(64.71132, 3.196219)"
2038,V,M,2032,2052,21,"(64.3377, 3.339076)"
2039,L,M,2032,2052,21,"(64.71132, 3.481933)"
2040,A,M,2032,2052,21,"(64.3377, 3.624791)"
2041,I,M,2032,2052,21,"(64.71132, 3.767648)"
2042,H,M,2032,2052,21,"(64.3377, 3.910505)"
2043,L,M,2032,2052,21,"(64.71132, 4.053362)"
2044,W,M,2032,2052,21,"(64.3377, 4.196219)"
2045,M,M,2032,2052,21,"(64.71132, 4.339076)"
2046,F,M,2032,2052,21,"(64.3377, 4.481933)"
2047,F,M,2032,2052,21,"(64.71132, 4.624791)"
2048,I,M,2032,2052,21,"(64.3377, 4.767648)"
2049,L,M,2032,2052,21,"(64.71132, 4.910505)"
2050,P,M,2032,2052,21,"(64.3377, 5.053362)"
2051,A,M,2032,2052,21,"(64.71132, 5.196219)"
2052,V,M,2032,2052,21,"(64.3377, 5.339076)"
2053,T,O,2053,2063,11,"(64.3377, 5.739076)"
2054,E,O,2053,2063,11,"(64.3377, 6.139076)"
2055,R,O,2053,2063,11,"(64.3377, 6.539076)"
2056,M,O,2053,2063,11,"(64.3377, 6.939076)"
2057,F,O,2053,2063,11,"(64.3377, 7.339076)"
2058,N,O,2053,2063,11,"(64.68411, 7.539076)"
2059,Q,O,2053,2063,11,"(64.88411, 7.192666)"
2060,N,O,2053,2063,11,"(64.88411, 6.792666)"
2061,V,O,2053,2063,11,"(64.88411, 6.392666)"
2062,V,O,2053,2063,11,"(64.88411, 5.992666)"
2063,A,O,2053,2063,11,"(64.88411, 5.592666)"
2064,Q,M,2064,2079,16,"(64.88411, 5.192666)"
2065,L,M,2064,2079,16,"(64.530778, 5.005166)"
2066,W,M,2064,2079,16,"(64.88411, 4.817666)"
2067,Y,M,2064,2079,16,"(64.530778, 4.630166)"
2068,F,M,2064,2079,16,"(64.88411, 4.442666)"
2069,V,M,2064,2079,16,"(64.530778, 4.255166)"
2070,K,M,2064,2079,16,"(64.88411, 4.067666)"
2071,C,M,2064,2079,16,"(64.530778, 3.880166)"
2072,I,M,2064,2079,16,"(64.88411, 3.692666)"
2073,Y,M,2064,2079,16,"(64.530778, 3.505166)"
2074,F,M,2064,2079,16,"(64.88411, 3.317666)"
2075,A,M,2064,2079,16,"(64.530778, 3.130166)"
2076,L,M,2064,2079,16,"(64.88411, 2.942666)"
2077,S,M,2064,2079,16,"(64.530778, 2.755166)"
2078,A,M,2064,2079,16,"(64.88411, 2.567666)"
2079,Y,M,2064,2079,16,"(64.530778, 2.380166)"
2080,Q,I,2080,2173,94,"(64.530778, 1.980166)"
2081,I,I,2080,2173,94,"(64.530778, 1.580166)"
2082,R,I,2080,2173,94,"(64.530778, 1.180166)"
2083,C,I,2080,2173,94,"(64.530778, 0.780166)"
2084,G,I,2080,2173,94,"(64.530778, 0.380166)"
2085,Y,I,2080,2173,94,"(64.530778, -0.019834)"
2086,P,I,2080,2173,94,"(64.530778, -0.419834)"
2087,T,I,2080,2173,94,"(64.530778, -0.819834)"
2088,R,I,2080,2173,94,"(64.530778, -1.219834)"
2089,I,I,2080,2173,94,"(64.530778, -1.619834)"
2090,L,I,2080,2173,94,"(64.530778, -2.019834)"
2091,G,I,2080,2173,94,"(64.530778, -2.419834)"
2092,N,I,2080,2173,94,"(64.530778, -2.819834)"
2093,F,I,2080,2173,94,"(64.530778, -3.219834)"
2094,L,I,2080,2173,94,"(64.530778, -3.619834)"
2095,T,I,2080,2173,94,"(64.530778, -4.019834)"
2096,K,I,2080,2173,94,"(64.530778, -4.419834)"
2097,K,I,2080,2173,94,"(64.877188, -4.619834)"
2098,Y,I,2080,2173,94,"(65.223598, -4.419834)"
2099,N,I,2080,2173,94,"(65.223598, -4.019834)"
2100,H,I,2080,2173,94,"(65.223598, -3.619834)"
2101,L,I,2080,2173,94,"(65.223598, -3.219834)"
2102,N,I,2080,2173,94,"(65.223598, -2.819834)"
2103,L,I,2080,2173,94,"(65.223598, -2.419834)"
2104,F,I,2080,2173,94,"(65.223598, -2.019834)"
2105,L,I,2080,2173,94,"(65.223598, -1.619834)"
2106,F,I,2080,2173,94,"(65.223598, -1.219834)"
2107,Q,I,2080,2173,94,"(65.223598, -0.819834)"
2108,G,I,2080,2173,94,"(65.223598, -0.419834)"
2109,F,I,2080,2173,94,"(65.223598, -0.019834)"
2110,R,I,2080,2173,94,"(65.223598, 0.380166)"
2111,L,I,2080,2173,94,"(65.570008, 0.180166)"
2112,V,I,2080,2173,94,"(65.916419, 0.380166)"
2113,P,I,2080,2173,94,"(65.916419, -0.019834)"
2114,F,I,2080,2173,94,"(65.916419, -0.419834)"
2115,L,I,2080,2173,94,"(65.916419, -0.819834)"
2116,V,I,2080,2173,94,"(65.916419, -1.219834)"
2117,E,I,2080,2173,94,"(65.916419, -1.619834)"
2118,L,I,2080,2173,94,"(65.916419, -2.019834)"
2119,R,I,2080,2173,94,"(65.916419, -2.419834)"
2120,A,I,2080,2173,94,"(65.916419, -2.819834)"
2121,V,I,2080,2173,94,"(65.916419, -3.219834)"
2122,M,I,2080,2173,94,"(65.916419, -3.619834)"
2123,D,I,2080,2173,94,"(65.916419, -4.019834)"
2124,W,I,2080,2173,94,"(65.916419, -4.419834)"
2125,V,I,2080,2173,94,"(66.116419, -4.766244)"
2126,W,I,2080,2173,94,"(66.516419, -4.766244)"
2127,T,I,2080,2173,94,"(66.716419, -4.419834)"
2128,D,I,2080,2173,94,"(66.716419, -4.019834)"
2129,T,I,2080,2173,94,"(66.716419, -3.619834)"
2130,T,I,2080,2173,94,"(66.716419, -3.219834)"
2131,L,I,2080,2173,94,"(66.716419, -2.819834)"
2132,S,I,2080,2173,94,"(66.716419, -2.419834)"
2133,L,I,2080,2173,94,"(66.716419, -2.019834)"
2134,S,I,2080,2173,94,"(66.716419, -1.619834)"
2135,S,I,2080,2173,94,"(66.716419, -1.219834)"
2136,W,I,2080,2173,94,"(66.716419, -0.819834)"
2137,M,I,2080,2173,94,"(66.716419, -0.419834)"
2138,C,I,2080,2173,94,"(66.716419, -0.019834)"
2139,V,I,2080,2173,94,"(66.716419, 0.380166)"
2140,E,I,2080,2173,94,"(66.916419, 0.033756)"
2141,D,I,2080,2173,94,"(67.316419, 0.033756)"
2142,I,I,2080,2173,94,"(67.516419, 0.380166)"
2143,Y,I,2080,2173,94,"(67.516419, -0.019834)"
2144,A,I,2080,2173,94,"(67.516419, -0.419834)"
2145,N,I,2080,2173,94,"(67.516419, -0.819834)"
2146,I,I,2080,2173,94,"(67.516419, -1.219834)"
2147,F,I,2080,2173,94,"(67.516419, -1.619834)"
2148,I,I,2080,2173,94,"(67.516419, -2.019834)"
2149,I,I,2080,2173,94,"(67.516419, -2.419834)"
2150,K,I,2080,2173,94,"(67.516419, -2.819834)"
2151,C,I,2080,2173,94,"(67.516419, -3.219834)"
2152,S,I,2080,2173,94,"(67.516419, -3.619834)"
2153,R,I,2080,2173,94,"(67.516419, -4.019834)"
2154,E,I,2080,2173,94,"(67.516419, -4.419834)"
2155,T,I,2080,2173,94,"(67.716419, -4.766244)"
2156,E,I,2080,2173,94,"(68.116419, -4.766244)"
2157,K,I,2080,2173,94,"(68.316419, -4.419834)"
2158,K,I,2080,2173,94,"(68.316419, -4.019834)"
2159,Y,I,2080,2173,94,"(68.316419, -3.619834)"
2160,P,I,2080,2173,94,"(68.316419, -3.219834)"
2161,Q,I,2080,2173,94,"(68.316419, -2.819834)"
2162,P,I,2080,2173,94,"(68.316419, -2.419834)"
2163,K,I,2080,2173,94,"(68.316419, -2.019834)"
2164,G,I,2080,2173,94,"(68.316419, -1.619834)"
2165,Q,I,2080,2173,94,"(68.316419, -1.219834)"
2166,K,I,2080,2173,94,"(68.316419, -0.819834)"
2167,K,I,2080,2173,94,"(68.316419, -0.419834)"
2168,K,I,2080,2173,94,"(68.316419, -0.019834)"
2169,K,I,2080,2173,94,"(68.316419, 0.380166)"
2170,I,I,2080,2173,94,"(68.316419, 0.780166)"
2171,V,I,2080,2173,94,"(68.316419, 1.180166)"
2172,K,I,2080,2173,94,"(68.316419, 1.580166)"
2173,Y,I,2080,2173,94,"(68.316419, 1.980166)"
2174,G,M,2174,2196,23,"(68.316419, 2.380166)"
2175,M,M,2174,2196,23,"(68.694554, 2.510601)"
2176,G,M,2174,2196,23,"(68.316419, 2.641036)"
2177,G,M,2174,2196,23,"(68.694554, 2.77147)"
2178,L,M,2174,2196,23,"(68.316419, 2.901905)"
2179,I,M,2174,2196,23,"(68.694554, 3.03234)"
2180,I,M,2174,2196,23,"(68.316419, 3.162775)"
2181,L,M,2174,2196,23,"(68.694554, 3.29321)"
2182,F,M,2174,2196,23,"(68.316419, 3.423644)"
2183,L,M,2174,2196,23,"(68.694554, 3.554079)"
2184,I,M,2174,2196,23,"(68.316419, 3.684514)"
2185,A,M,2174,2196,23,"(68.694554, 3.814949)"
2186,I,M,2174,2196,23,"(68.316419, 3.945383)"
2187,I,M,2174,2196,23,"(68.694554, 4.075818)"
2188,W,M,2174,2196,23,"(68.316419, 4.206253)"
2189,F,M,2174,2196,23,"(68.694554, 4.336688)"
2190,P,M,2174,2196,23,"(68.316419, 4.467123)"
2191,L,M,2174,2196,23,"(68.694554, 4.597557)"
2192,L,M,2174,2196,23,"(68.316419, 4.727992)"
2193,F,M,2174,2196,23,"(68.694554, 4.858427)"
2194,M,M,2174,2196,23,"(68.316419, 4.988862)"
2195,S,M,2174,2196,23,"(68.694554, 5.119297)"
2196,L,M,2174,2196,23,"(68.316419, 5.249731)"
2197,V,O,2197,2431,235,"(68.316419, 5.649731)"
2198,R,O,2197,2431,235,"(68.316419, 6.049731)"
2199,S,O,2197,2431,235,"(68.316419, 6.449731)"
2200,V,O,2197,2431,235,"(68.316419, 6.849731)"
2201,V,O,2197,2431,235,"(68.316419, 7.249731)"
2202,G,O,2197,2431,235,"(68.316419, 7.649731)"
2203,V,O,2197,2431,235,"(68.316419, 8.049731)"
2204,V,O,2197,2431,235,"(68.316419, 8.449731)"
2205,N,O,2197,2431,235,"(68.316419, 8.849731)"
2206,Q,O,2197,2431,235,"(68.316419, 9.249731)"
2207,P,O,2197,2431,235,"(68.316419, 9.649731)"
2208,I,O,2197,2431,235,"(68.316419, 10.049731)"
2209,D,O,2197,2431,235,"(68.316419, 10.449731)"
2210,V,O,2197,2431,235,"(68.316419, 10.849731)"
2211,T,O,2197,2431,235,"(68.316419, 11.249731)"
2212,V,O,2197,2431,235,"(68.316419, 11.649731)"
2213,T,O,2197,2431,235,"(68.316419, 12.049731)"
2214,L,O,2197,2431,235,"(68.316419, 12.449731)"
2215,K,O,2197,2431,235,"(68.316419, 12.849731)"
2216,L,O,2197,2431,235,"(68.662829, 13.049731)"
2217,G,O,2197,2431,235,"(69.009239, 12.849731)"
2218,G,O,2197,2431,235,"(69.009239, 12.449731)"
2219,Y,O,2197,2431,235,"(69.009239, 12.049731)"
2220,E,O,2197,2431,235,"(69.009239, 11.649731)"
2221,P,O,2197,2431,235,"(69.009239, 11.249731)"
2222,L,O,2197,2431,235,"(69.009239, 10.849731)"
2223,F,O,2197,2431,235,"(69.009239, 10.449731)"
2224,T,O,2197,2431,235,"(69.009239, 10.049731)"
2225,M,O,2197,2431,235,"(69.009239, 9.649731)"
2226,S,O,2197,2431,235,"(69.009239, 9.249731)"
2227,A,O,2197,2431,235,"(69.009239, 8.849731)"
2228,Q,O,2197,2431,235,"(69.009239, 8.449731)"
2229,Q,O,2197,2431,235,"(69.009239, 8.049731)"
2230,P,O,2197,2431,235,"(69.009239, 7.649731)"
2231,S,O,2197,2431,235,"(69.009239, 7.249731)"
2232,I,O,2197,2431,235,"(69.355649, 7.449731)"
2233,I,O,2197,2431,235,"(69.702059, 7.249731)"
2234,P,O,2197,2431,235,"(69.702059, 7.649731)"
2235,F,O,2197,2431,235,"(69.702059, 8.049731)"
2236,T,O,2197,2431,235,"(69.702059, 8.449731)"
2237,A,O,2197,2431,235,"(69.702059, 8.849731)"
2238,Q,O,2197,2431,235,"(69.702059, 9.249731)"
2239,A,O,2197,2431,235,"(69.702059, 9.649731)"
2240,Y,O,2197,2431,235,"(69.702059, 10.049731)"
2241,E,O,2197,2431,235,"(69.702059, 10.449731)"
2242,E,O,2197,2431,235,"(69.702059, 10.849731)"
2243,L,O,2197,2431,235,"(69.702059, 11.249731)"
2244,S,O,2197,2431,235,"(69.702059, 11.649731)"
2245,R,O,2197,2431,235,"(69.702059, 12.049731)"
2246,Q,O,2197,2431,235,"(69.702059, 12.449731)"
2247,F,O,2197,2431,235,"(69.702059, 12.849731)"
2248,D,O,2197,2431,235,"(70.048469, 13.049731)"
2249,P,O,2197,2431,235,"(70.394879, 12.849731)"
2250,Q,O,2197,2431,235,"(70.394879, 12.449731)"
2251,P,O,2197,2431,235,"(70.394879, 12.049731)"
2252,L,O,2197,2431,235,"(70.394879, 11.649731)"
2253,A,O,2197,2431,235,"(70.394879, 11.249731)"
2254,M,O,2197,2431,235,"(70.394879, 10.849731)"
2255,Q,O,2197,2431,235,"(70.394879, 10.449731)"
2256,F,O,2197,2431,235,"(70.394879, 10.049731)"
2257,I,O,2197,2431,235,"(70.394879, 9.649731)"
2258,S,O,2197,2431,235,"(70.394879, 9.249731)"
2259,Q,O,2197,2431,235,"(70.394879, 8.849731)"
2260,Y,O,2197,2431,235,"(70.394879, 8.449731)"
2261,S,O,2197,2431,235,"(70.394879, 8.049731)"
2262,P,O,2197,2431,235,"(70.394879, 7.649731)"
2263,E,O,2197,2431,235,"(70.394879, 7.249731)"
2264,D,O,2197,2431,235,"(70.74129, 7.449731)"
2265,I,O,2197,2431,235,"(71.0877, 7.249731)"
2266,V,O,2197,2431,235,"(71.0877, 7.649731)"
2267,T,O,2197,2431,235,"(71.0877, 8.049731)"
2268,A,O,2197,2431,235,"(71.0877, 8.449731)"
2269,Q,O,2197,2431,235,"(71.0877, 8.849731)"
2270,I,O,2197,2431,235,"(71.0877, 9.249731)"
2271,E,O,2197,2431,235,"(71.0877, 9.649731)"
2272,G,O,2197,2431,235,"(71.0877, 10.049731)"
2273,S,O,2197,2431,235,"(71.0877, 10.449731)"
2274,S,O,2197,2431,235,"(71.0877, 10.849731)"
2275,G,O,2197,2431,235,"(71.0877, 11.249731)"
2276,A,O,2197,2431,235,"(71.0877, 11.649731)"
2277,L,O,2197,2431,235,"(71.0877, 12.049731)"
2278,W,O,2197,2431,235,"(71.0877, 12.449731)"
2279,R,O,2197,2431,235,"(71.0877, 12.849731)"
2280,I,O,2197,2431,235,"(71.43411, 13.049731)"
2281,S,O,2197,2431,235,"(71.78052, 12.849731)"
2282,P,O,2197,2431,235,"(71.78052, 12.449731)"
2283,P,O,2197,2431,235,"(71.78052, 12.049731)"
2284,S,O,2197,2431,235,"(71.78052, 11.649731)"
2285,R,O,2197,2431,235,"(71.78052, 11.249731)"
2286,A,O,2197,2431,235,"(71.78052, 10.849731)"
2287,Q,O,2197,2431,235,"(71.78052, 10.449731)"
2288,M,O,2197,2431,235,"(71.78052, 10.049731)"
2289,K,O,2197,2431,235,"(71.78052, 9.649731)"
2290,R,O,2197,2431,235,"(71.78052, 9.249731)"
2291,E,O,2197,2431,235,"(71.78052, 8.849731)"
2292,L,O,2197,2431,235,"(71.78052, 8.449731)"
2293,Y,O,2197,2431,235,"(71.78052, 8.049731)"
2294,N,O,2197,2431,235,"(71.78052, 7.649731)"
2295,G,O,2197,2431,235,"(71.78052, 7.249731)"
2296,T,O,2197,2431,235,"(72.12693, 7.449731)"
2297,A,O,2197,2431,235,"(72.47334, 7.249731)"
2298,D,O,2197,2431,235,"(72.47334, 7.649731)"
2299,I,O,2197,2431,235,"(72.47334, 8.049731)"
2300,T,O,2197,2431,235,"(72.47334, 8.449731)"
2301,L,O,2197,2431,235,"(72.47334, 8.849731)"
2302,R,O,2197,2431,235,"(72.47334, 9.249731)"
2303,F,O,2197,2431,235,"(72.47334, 9.649731)"
2304,T,O,2197,2431,235,"(72.47334, 10.049731)"
2305,W,O,2197,2431,235,"(72.47334, 10.449731)"
2306,N,O,2197,2431,235,"(72.47334, 10.849731)"
2307,F,O,2197,2431,235,"(72.47334, 11.249731)"
2308,Q,O,2197,2431,235,"(72.47334, 11.649731)"
2309,R,O,2197,2431,235,"(72.47334, 12.049731)"
2310,D,O,2197,2431,235,"(72.47334, 12.449731)"
2311,L,O,2197,2431,235,"(72.47334, 12.849731)"
2312,A,O,2197,2431,235,"(72.819751, 13.049731)"
2313,K,O,2197,2431,235,"(73.166161, 12.849731)"
2314,G,O,2197,2431,235,"(73.166161, 12.449731)"
2315,G,O,2197,2431,235,"(73.166161, 12.049731)"
2316,T,O,2197,2431,235,"(73.166161, 11.649731)"
2317,V,O,2197,2431,235,"(73.166161, 11.249731)"
2318,E,O,2197,2431,235,"(73.166161, 10.849731)"
2319,Y,O,2197,2431,235,"(73.166161, 10.449731)"
2320,A,O,2197,2431,235,"(73.166161, 10.049731)"
2321,N,O,2197,2431,235,"(73.166161, 9.649731)"
2322,E,O,2197,2431,235,"(73.166161, 9.249731)"
2323,K,O,2197,2431,235,"(73.166161, 8.849731)"
2324,H,O,2197,2431,235,"(73.166161, 8.449731)"
2325,M,O,2197,2431,235,"(73.166161, 8.049731)"
2326,L,O,2197,2431,235,"(73.166161, 7.649731)"
2327,A,O,2197,2431,235,"(73.166161, 7.249731)"
2328,L,O,2197,2431,235,"(73.512571, 7.449731)"
2329,A,O,2197,2431,235,"(73.858981, 7.249731)"
2330,P,O,2197,2431,235,"(73.858981, 7.649731)"
2331,N,O,2197,2431,235,"(73.858981, 8.049731)"
2332,S,O,2197,2431,235,"(73.858981, 8.449731)"
2333,T,O,2197,2431,235,"(73.858981, 8.849731)"
2334,A,O,2197,2431,235,"(73.858981, 9.249731)"
2335,R,O,2197,2431,235,"(73.858981, 9.649731)"
2336,R,O,2197,2431,235,"(73.858981, 10.049731)"
2337,Q,O,2197,2431,235,"(73.858981, 10.449731)"
2338,L,O,2197,2431,235,"(73.858981, 10.849731)"
2339,A,O,2197,2431,235,"(73.858981, 11.249731)"
2340,S,O,2197,2431,235,"(73.858981, 11.649731)"
2341,L,O,2197,2431,235,"(73.858981, 12.049731)"
2342,L,O,2197,2431,235,"(73.858981, 12.449731)"
2343,E,O,2197,2431,235,"(73.858981, 12.849731)"
2344,G,O,2197,2431,235,"(74.205391, 13.049731)"
2345,T,O,2197,2431,235,"(74.551801, 12.849731)"
2346,S,O,2197,2431,235,"(74.551801, 12.449731)"
2347,D,O,2197,2431,235,"(74.551801, 12.049731)"
2348,Q,O,2197,2431,235,"(74.551801, 11.649731)"
2349,S,O,2197,2431,235,"(74.551801, 11.249731)"
2350,V,O,2197,2431,235,"(74.551801, 10.849731)"
2351,V,O,2197,2431,235,"(74.551801, 10.449731)"
2352,I,O,2197,2431,235,"(74.551801, 10.049731)"
2353,P,O,2197,2431,235,"(74.551801, 9.649731)"
2354,N,O,2197,2431,235,"(74.551801, 9.249731)"
2355,L,O,2197,2431,235,"(74.551801, 8.849731)"
2356,F,O,2197,2431,235,"(74.551801, 8.449731)"
2357,P,O,2197,2431,235,"(74.551801, 8.049731)"
2358,K,O,2197,2431,235,"(74.551801, 7.649731)"
2359,Y,O,2197,2431,235,"(74.551801, 7.249731)"
2360,I,O,2197,2431,235,"(74.751801, 7.596141)"
2361,R,O,2197,2431,235,"(75.151801, 7.596141)"
2362,A,O,2197,2431,235,"(75.351801, 7.249731)"
2363,P,O,2197,2431,235,"(75.351801, 7.649731)"
2364,N,O,2197,2431,235,"(75.351801, 8.049731)"
2365,G,O,2197,2431,235,"(75.351801, 8.449731)"
2366,P,O,2197,2431,235,"(75.351801, 8.849731)"
2367,E,O,2197,2431,235,"(75.351801, 9.249731)"
2368,A,O,2197,2431,235,"(75.351801, 9.649731)"
2369,N,O,2197,2431,235,"(75.351801, 10.049731)"
2370,P,O,2197,2431,235,"(75.351801, 10.449731)"
2371,V,O,2197,2431,235,"(75.351801, 10.849731)"
2372,K,O,2197,2431,235,"(75.351801, 11.249731)"
2373,Q,O,2197,2431,235,"(75.351801, 11.649731)"
2374,L,O,2197,2431,235,"(75.351801, 12.049731)"
2375,Q,O,2197,2431,235,"(75.351801, 12.449731)"
2376,P,O,2197,2431,235,"(75.351801, 12.849731)"
2377,N,O,2197,2431,235,"(75.551801, 13.196141)"
2378,E,O,2197,2431,235,"(75.951801, 13.196141)"
2379,E,O,2197,2431,235,"(76.151801, 12.849731)"
2380,A,O,2197,2431,235,"(76.151801, 12.449731)"
2381,D,O,2197,2431,235,"(76.151801, 12.049731)"
2382,Y,O,2197,2431,235,"(76.151801, 11.649731)"
2383,L,O,2197,2431,235,"(76.151801, 11.249731)"
2384,G,O,2197,2431,235,"(76.151801, 10.849731)"
2385,V,O,2197,2431,235,"(76.151801, 10.449731)"
2386,R,O,2197,2431,235,"(76.151801, 10.049731)"
2387,I,O,2197,2431,235,"(76.151801, 9.649731)"
2388,Q,O,2197,2431,235,"(76.151801, 9.249731)"
2389,L,O,2197,2431,235,"(76.151801, 8.849731)"
2390,R,O,2197,2431,235,"(76.151801, 8.449731)"
2391,R,O,2197,2431,235,"(76.151801, 8.049731)"
2392,E,O,2197,2431,235,"(76.151801, 7.649731)"
2393,Q,O,2197,2431,235,"(76.151801, 7.249731)"
2394,G,O,2197,2431,235,"(76.351801, 7.596141)"
2395,A,O,2197,2431,235,"(76.751801, 7.596141)"
2396,G,O,2197,2431,235,"(76.951801, 7.249731)"
2397,A,O,2197,2431,235,"(76.951801, 7.649731)"
2398,T,O,2197,2431,235,"(76.951801, 8.049731)"
2399,G,O,2197,2431,235,"(76.951801, 8.449731)"
2400,F,O,2197,2431,235,"(76.951801, 8.849731)"
2401,L,O,2197,2431,235,"(76.951801, 9.249731)"
2402,E,O,2197,2431,235,"(76.951801, 9.649731)"
2403,W,O,2197,2431,235,"(76.951801, 10.049731)"
2404,W,O,2197,2431,235,"(76.951801, 10.449731)"
2405,V,O,2197,2431,235,"(76.951801, 10.849731)"
2406,I,O,2197,2431,235,"(76.951801, 11.249731)"
2407,E,O,2197,2431,235,"(76.951801, 11.649731)"
2408,L,O,2197,2431,235,"(76.951801, 12.049731)"
2409,Q,O,2197,2431,235,"(76.951801, 12.449731)"
2410,E,O,2197,2431,235,"(76.951801, 12.849731)"
2411,C,O,2197,2431,235,"(77.151801, 13.196141)"
2412,R,O,2197,2431,235,"(77.551801, 13.196141)"
2413,T,O,2197,2431,235,"(77.751801, 12.849731)"
2414,D,O,2197,2431,235,"(77.751801, 12.449731)"
2415,C,O,2197,2431,235,"(77.751801, 12.049731)"
2416,N,O,2197,2431,235,"(77.751801, 11.649731)"
2417,L,O,2197,2431,235,"(77.751801, 11.249731)"
2418,L,O,2197,2431,235,"(77.751801, 10.849731)"
2419,P,O,2197,2431,235,"(77.751801, 10.449731)"
2420,M,O,2197,2431,235,"(77.751801, 10.049731)"
2421,V,O,2197,2431,235,"(77.751801, 9.649731)"
2422,I,O,2197,2431,235,"(77.751801, 9.249731)"
2423,F,O,2197,2431,235,"(77.751801, 8.849731)"
2424,S,O,2197,2431,235,"(77.751801, 8.449731)"
2425,D,O,2197,2431,235,"(77.751801, 8.049731)"
2426,K,O,2197,2431,235,"(77.751801, 7.649731)"
2427,V,O,2197,2431,235,"(77.751801, 7.249731)"
2428,S,O,2197,2431,235,"(77.751801, 6.849731)"
2429,P,O,2197,2431,235,"(77.751801, 6.449731)"
2430,P,O,2197,2431,235,"(77.751801, 6.049731)"
2431,S,O,2197,2431,235,"(77.751801, 5.649731)"
2432,L,M,2432,2452,21,"(77.751801, 5.249731)"
2433,G,M,2432,2452,21,"(78.125421, 5.106874)"
2434,F,M,2432,2452,21,"(77.751801, 4.964017)"
2435,L,M,2432,2452,21,"(78.125421, 4.82116)"
2436,A,M,2432,2452,21,"(77.751801, 4.678303)"
2437,G,M,2432,2452,21,"(78.125421, 4.535446)"
2438,Y,M,2432,2452,21,"(77.751801, 4.392588)"
2439,G,M,2432,2452,21,"(78.125421, 4.249731)"
2440,I,M,2432,2452,21,"(77.751801, 4.106874)"
2441,M,M,2432,2452,21,"(78.125421, 3.964017)"
2442,G,M,2432,2452,21,"(77.751801, 3.82116)"
2443,L,M,2432,2452,21,"(78.125421, 3.678303)"
2444,Y,M,2432,2452,21,"(77.751801, 3.535446)"
2445,V,M,2432,2452,21,"(78.125421, 3.392588)"
2446,S,M,2432,2452,21,"(77.751801, 3.249731)"
2447,I,M,2432,2452,21,"(78.125421, 3.106874)"
2448,V,M,2432,2452,21,"(77.751801, 2.964017)"
2449,L,M,2432,2452,21,"(78.125421, 2.82116)"
2450,V,M,2432,2452,21,"(77.751801, 2.678303)"
2451,I,M,2432,2452,21,"(78.125421, 2.535446)"
2452,G,M,2432,2452,21,"(77.751801, 2.392588)"
2453,K,I,2453,2521,69,"(77.751801, 1.992588)"
2454,F,I,2453,2521,69,"(77.751801, 1.592588)"
2455,V,I,2453,2521,69,"(77.751801, 1.192588)"
2456,R,I,2453,2521,69,"(77.751801, 0.792588)"
2457,G,I,2453,2521,69,"(77.751801, 0.392588)"
2458,F,I,2453,2521,69,"(77.751801, -0.007412)"
2459,F,I,2453,2521,69,"(77.751801, -0.407412)"
2460,S,I,2453,2521,69,"(77.751801, -0.807412)"
2461,E,I,2453,2521,69,"(77.751801, -1.207412)"
2462,I,I,2453,2521,69,"(77.751801, -1.607412)"
2463,S,I,2453,2521,69,"(77.751801, -2.007412)"
2464,H,I,2453,2521,69,"(77.751801, -2.407412)"
2465,S,I,2453,2521,69,"(77.751801, -2.807412)"
2466,I,I,2453,2521,69,"(77.751801, -3.207412)"
2467,M,I,2453,2521,69,"(77.751801, -3.607412)"
2468,F,I,2453,2521,69,"(77.751801, -4.007412)"
2469,E,I,2453,2521,69,"(77.751801, -4.407412)"
2470,E,I,2453,2521,69,"(77.751801, -4.807412)"
2471,L,I,2453,2521,69,"(77.751801, -5.207412)"
2472,P,I,2453,2521,69,"(78.098212, -5.407412)"
2473,C,I,2453,2521,69,"(78.444622, -5.207412)"
2474,V,I,2453,2521,69,"(78.444622, -4.807412)"
2475,D,I,2453,2521,69,"(78.444622, -4.407412)"
2476,R,I,2453,2521,69,"(78.444622, -4.007412)"
2477,I,I,2453,2521,69,"(78.444622, -3.607412)"
2478,L,I,2453,2521,69,"(78.444622, -3.207412)"
2479,K,I,2453,2521,69,"(78.444622, -2.807412)"
2480,L,I,2453,2521,69,"(78.444622, -2.407412)"
2481,C,I,2453,2521,69,"(78.444622, -2.007412)"
2482,Q,I,2453,2521,69,"(78.444622, -1.607412)"
2483,D,I,2453,2521,69,"(78.444622, -1.207412)"
2484,I,I,2453,2521,69,"(78.444622, -0.807412)"
2485,F,I,2453,2521,69,"(78.444622, -0.407412)"
2486,L,I,2453,2521,69,"(78.444622, -0.007412)"
2487,V,I,2453,2521,69,"(78.444622, 0.392588)"
2488,R,I,2453,2521,69,"(78.644622, 0.046178)"
2489,E,I,2453,2521,69,"(79.044622, 0.046178)"
2490,T,I,2453,2521,69,"(79.244622, 0.392588)"
2491,R,I,2453,2521,69,"(79.244622, -0.007412)"
2492,E,I,2453,2521,69,"(79.244622, -0.407412)"
2493,L,I,2453,2521,69,"(79.244622, -0.807412)"
2494,E,I,2453,2521,69,"(79.244622, -1.207412)"
2495,L,I,2453,2521,69,"(79.244622, -1.607412)"
2496,E,I,2453,2521,69,"(79.244622, -2.007412)"
2497,E,I,2453,2521,69,"(79.244622, -2.407412)"
2498,E,I,2453,2521,69,"(79.244622, -2.807412)"
2499,L,I,2453,2521,69,"(79.244622, -3.207412)"
2500,Y,I,2453,2521,69,"(79.244622, -3.607412)"
2501,A,I,2453,2521,69,"(79.244622, -4.007412)"
2502,K,I,2453,2521,69,"(79.244622, -4.407412)"
2503,L,I,2453,2521,69,"(79.244622, -4.807412)"
2504,I,I,2453,2521,69,"(79.244622, -5.207412)"
2505,F,I,2453,2521,69,"(79.444622, -5.553822)"
2506,L,I,2453,2521,69,"(79.844622, -5.553822)"
2507,Y,I,2453,2521,69,"(80.044622, -5.207412)"
2508,R,I,2453,2521,69,"(80.044622, -4.807412)"
2509,S,I,2453,2521,69,"(80.044622, -4.407412)"
2510,P,I,2453,2521,69,"(80.044622, -4.007412)"
2511,E,I,2453,2521,69,"(80.044622, -3.607412)"
2512,T,I,2453,2521,69,"(80.044622, -3.207412)"
2513,M,I,2453,2521,69,"(80.044622, -2.807412)"
2514,I,I,2453,2521,69,"(80.044622, -2.407412)"
2515,K,I,2453,2521,69,"(80.044622, -2.007412)"
2516,W,I,2453,2521,69,"(80.044622, -1.607412)"
2517,T,I,2453,2521,69,"(80.044622, -1.207412)"
2518,R,I,2453,2521,69,"(80.044622, -0.807412)"
2519,E,I,2453,2521,69,"(80.044622, -0.407412)"
2520,K,I,2453,2521,69,"(80.044622, -0.007412)"
2521,E,I,2453,2521,69,"(80.044622, 0.392588)"
