,region,tg,prob,eval,taxid,lineage,dbStartPos,dbEndPos,qStartPos,qEndPos
0,blade,AF-Q9H5I5-2-F1-model_v6,1.0,4.1300000000000003e-85,9606.0,cellular organisms;Eukaryota;Opisthokonta;Metazoa;Eumetazoa;Bilateria;Deuterostomia;Chordata;Craniata;Vertebrata;Gnathostomata;Teleostomi;Euteleostomi;Sarcopterygii;Dipnotetrapodomorpha;Tetrapoda;Amniota;Mammalia;Theria;Eutheria;Boreoeutheria;Euarchontoglires;Primates;Haplorrhini;Simiiformes;Catarrhini;Hominoidea;Hominidae;Homininae;Homo;Homo sapiens,1,1431,1,1304
3,blade,AF-A0AB32U1Q1-F1-model_v6,1.0,4.01e-81,7955.0,cellular organisms;Eukaryota;Opisthokonta;Metazoa;Eumetazoa;Bilateria;Deuterostomia;Chordata;Craniata;Vertebrata;Gnathostomata;Teleostomi;Euteleostomi;Actinopterygii;Actinopteri;Neopterygii;Teleostei;Osteoglossocephalai;Clupeocephala;Otomorpha;Ostariophysi;Otophysi;Cypriniphysae;Cypriniformes;Cyprinoidei;Danionidae;Danioninae;Danio;Danio rerio,58,1391,18,1304
5,blade,AF-Q4DXU9-F1-model_v6,1.0,9.6e-07,353153.0,cellular organisms;Eukaryota;Discoba;Euglenozoa;Kinetoplastea;Metakinetoplastina;Trypanosomatida;Trypanosomatidae;Trypanosoma;Schizotrypanum;Trypanosoma cruzi;Trypanosoma cruzi strain CL Brener,269,1525,44,1304
6,blade,AF-M9MSG8-F1-model_v6,1.0,1.85e-58,7227.0,cellular organisms;Eukaryota;Opisthokonta;Metazoa;Eumetazoa;Bilateria;Protostomia;Ecdysozoa;Panarthropoda;Arthropoda;Mandibulata;Pancrustacea;Hexapoda;Insecta;Dicondylia;Pterygota;Neoptera;Endopterygota;Diptera;Brachycera;Muscomorpha;Eremoneura;Cyclorrhapha;Schizophora;Acalyptratae;Ephydroidea;Drosophilidae;Drosophilinae;Drosophilini;Drosophila;Sophophora;melanogaster group;melanogaster subgroup;Drosophila melanogaster,1,1300,1,1304
9,blade,AF-E2JF22-F1-model_v6,1.0,0.0,10090.0,cellular organisms;Eukaryota;Opisthokonta;Metazoa;Eumetazoa;Bilateria;Deuterostomia;Chordata;Craniata;Vertebrata;Gnathostomata;Teleostomi;Euteleostomi;Sarcopterygii;Dipnotetrapodomorpha;Tetrapoda;Amniota;Mammalia;Theria;Eutheria;Boreoeutheria;Euarchontoglires;Glires;Rodentia;Myomorpha;Muroidea;Muridae;Murinae;Mus;Mus;Mus musculus,1,1299,1,1304
11,blade,AF-A0A8N7TDV6-F1-model_v6,1.0,0.0,7955.0,cellular organisms;Eukaryota;Opisthokonta;Metazoa;Eumetazoa;Bilateria;Deuterostomia;Chordata;Craniata;Vertebrata;Gnathostomata;Teleostomi;Euteleostomi;Actinopterygii;Actinopteri;Neopterygii;Teleostei;Osteoglossocephalai;Clupeocephala;Otomorpha;Ostariophysi;Otophysi;Cypriniphysae;Cypriniformes;Cyprinoidei;Danionidae;Danioninae;Danio;Danio rerio,1,1302,1,1304
13,blade,AF-Q92508-F1-model_v6,1.0,0.0,9606.0,cellular organisms;Eukaryota;Opisthokonta;Metazoa;Eumetazoa;Bilateria;Deuterostomia;Chordata;Craniata;Vertebrata;Gnathostomata;Teleostomi;Euteleostomi;Sarcopterygii;Dipnotetrapodomorpha;Tetrapoda;Amniota;Mammalia;Theria;Eutheria;Boreoeutheria;Euarchontoglires;Primates;Haplorrhini;Simiiformes;Catarrhini;Hominoidea;Hominidae;Homininae;Homo;Homo sapiens,1,1304,1,1304
15,blade,AF-A0A804N3J1-F1-model_v6,1.0,1.62e-18,4577.0,cellular organisms;Eukaryota;Viridiplantae;Streptophyta;Streptophytina;Embryophyta;Tracheophyta;Euphyllophyta;Spermatophyta;Magnoliopsida;Mesangiospermae;Liliopsida;Petrosaviidae;commelinids;Poales;Poaceae;PACMAD clade;Panicoideae;Andropogonodae;Andropogoneae;Tripsacinae;Zea;Zea mays,12,1354,13,1304
17,blade,AF-Q8CD54-2-F1-model_v6,1.0,1.45e-85,10090.0,cellular organisms;Eukaryota;Opisthokonta;Metazoa;Eumetazoa;Bilateria;Deuterostomia;Chordata;Craniata;Vertebrata;Gnathostomata;Teleostomi;Euteleostomi;Sarcopterygii;Dipnotetrapodomorpha;Tetrapoda;Amniota;Mammalia;Theria;Eutheria;Boreoeutheria;Euarchontoglires;Glires;Rodentia;Myomorpha;Muroidea;Muridae;Murinae;Mus;Mus;Mus musculus,1,1448,1,1304
18,blade,AF-Q8CD54-3-F1-model_v6,1.0,1.64e-24,10090.0,cellular organisms;Eukaryota;Opisthokonta;Metazoa;Eumetazoa;Bilateria;Deuterostomia;Chordata;Craniata;Vertebrata;Gnathostomata;Teleostomi;Euteleostomi;Sarcopterygii;Dipnotetrapodomorpha;Tetrapoda;Amniota;Mammalia;Theria;Eutheria;Boreoeutheria;Euarchontoglires;Glires;Rodentia;Myomorpha;Muroidea;Muridae;Murinae;Mus;Mus;Mus musculus,1,611,1,543
20,blade,AF-K7LGZ8-F1-model_v6,1.0,7.35e-18,3847.0,cellular organisms;Eukaryota;Viridiplantae;Streptophyta;Streptophytina;Embryophyta;Tracheophyta;Euphyllophyta;Spermatophyta;Magnoliopsida;Mesangiospermae;eudicotyledons;Gunneridae;Pentapetalae;rosids;fabids;Fabales;Fabaceae;Papilionoideae;50 kb inversion clade;NPAAA clade;indigoferoid/millettioid clade;Phaseoleae;Glycine;Glycine subgen. Soja;Glycine max,2,1352,7,1304
21,blade,AF-F4IN58-F1-model_v6,1.0,3.76e-16,3702.0,cellular organisms;Eukaryota;Viridiplantae;Streptophyta;Streptophytina;Embryophyta;Tracheophyta;Euphyllophyta;Spermatophyta;Magnoliopsida;Mesangiospermae;eudicotyledons;Gunneridae;Pentapetalae;rosids;malvids;Brassicales;Brassicaceae;Camelineae;Arabidopsis;Arabidopsis thaliana,2,1330,7,1304
23,blade,AF-A0A061ACU2-4-F1-model_v6,1.0,3.54e-53,6239.0,cellular organisms;Eukaryota;Opisthokonta;Metazoa;Eumetazoa;Bilateria;Protostomia;Ecdysozoa;Nematoda;Chromadorea;Rhabditida;Rhabditina;Rhabditomorpha;Rhabditoidea;Rhabditidae;Peloderinae;Caenorhabditis;Caenorhabditis elegans,3,1317,1,1304
24,blade,AF-A0A061ACU2-6-F1-model_v6,1.0,2.2e-53,6239.0,cellular organisms;Eukaryota;Opisthokonta;Metazoa;Eumetazoa;Bilateria;Protostomia;Ecdysozoa;Nematoda;Chromadorea;Rhabditida;Rhabditina;Rhabditomorpha;Rhabditoidea;Rhabditidae;Peloderinae;Caenorhabditis;Caenorhabditis elegans,3,1317,1,1304
25,blade,AF-A0A061ACU2-5-F1-model_v6,1.0,3.41e-52,6239.0,cellular organisms;Eukaryota;Opisthokonta;Metazoa;Eumetazoa;Bilateria;Protostomia;Ecdysozoa;Nematoda;Chromadorea;Rhabditida;Rhabditina;Rhabditomorpha;Rhabditoidea;Rhabditidae;Peloderinae;Caenorhabditis;Caenorhabditis elegans,3,1279,1,1304
26,blade,AF-A0A061ACU2-F1-model_v6,1.0,7.54e-53,6239.0,cellular organisms;Eukaryota;Opisthokonta;Metazoa;Eumetazoa;Bilateria;Protostomia;Ecdysozoa;Nematoda;Chromadorea;Rhabditida;Rhabditina;Rhabditomorpha;Rhabditoidea;Rhabditidae;Peloderinae;Caenorhabditis;Caenorhabditis elegans,3,1319,1,1304
27,blade,AF-A0A061ACU2-2-F1-model_v6,1.0,6.4299999999999995e-53,6239.0,cellular organisms;Eukaryota;Opisthokonta;Metazoa;Eumetazoa;Bilateria;Protostomia;Ecdysozoa;Nematoda;Chromadorea;Rhabditida;Rhabditina;Rhabditomorpha;Rhabditoidea;Rhabditidae;Peloderinae;Caenorhabditis;Caenorhabditis elegans,3,1315,1,1304
28,blade,AF-A0A061ACU2-3-F1-model_v6,1.0,5.74e-51,6239.0,cellular organisms;Eukaryota;Opisthokonta;Metazoa;Eumetazoa;Bilateria;Protostomia;Ecdysozoa;Nematoda;Chromadorea;Rhabditida;Rhabditina;Rhabditomorpha;Rhabditoidea;Rhabditidae;Peloderinae;Caenorhabditis;Caenorhabditis elegans,3,1277,1,1304
29,blade,AF-A0A061ACU2-8-F1-model_v6,1.0,7.56e-52,6239.0,cellular organisms;Eukaryota;Opisthokonta;Metazoa;Eumetazoa;Bilateria;Protostomia;Ecdysozoa;Nematoda;Chromadorea;Rhabditida;Rhabditina;Rhabditomorpha;Rhabditoidea;Rhabditidae;Peloderinae;Caenorhabditis;Caenorhabditis elegans,3,1281,1,1304
30,blade,AF-A0A061ACU2-7-F1-model_v6,1.0,2.92e-51,6239.0,cellular organisms;Eukaryota;Opisthokonta;Metazoa;Eumetazoa;Bilateria;Protostomia;Ecdysozoa;Nematoda;Chromadorea;Rhabditida;Rhabditina;Rhabditomorpha;Rhabditoidea;Rhabditidae;Peloderinae;Caenorhabditis;Caenorhabditis elegans,3,1279,1,1304
31,blade,AF-A0A061ACU2-11-F1-model_v6,1.0,1.6100000000000001e-21,6239.0,cellular organisms;Eukaryota;Opisthokonta;Metazoa;Eumetazoa;Bilateria;Protostomia;Ecdysozoa;Nematoda;Chromadorea;Rhabditida;Rhabditina;Rhabditomorpha;Rhabditoidea;Rhabditidae;Peloderinae;Caenorhabditis;Caenorhabditis elegans,3,563,741,1304
32,blade,AF-A0A061ACU2-9-F1-model_v6,1.0,1.7400000000000003e-21,6239.0,cellular organisms;Eukaryota;Opisthokonta;Metazoa;Eumetazoa;Bilateria;Protostomia;Ecdysozoa;Nematoda;Chromadorea;Rhabditida;Rhabditina;Rhabditomorpha;Rhabditoidea;Rhabditidae;Peloderinae;Caenorhabditis;Caenorhabditis elegans,1,581,715,1304
33,blade,AF-A0A061ACU2-10-F1-model_v6,1.0,3.56e-21,6239.0,cellular organisms;Eukaryota;Opisthokonta;Metazoa;Eumetazoa;Bilateria;Protostomia;Ecdysozoa;Nematoda;Chromadorea;Rhabditida;Rhabditina;Rhabditomorpha;Rhabditoidea;Rhabditidae;Peloderinae;Caenorhabditis;Caenorhabditis elegans,1,581,715,1304
71,blade,AF-A0A8R1XXW9-F1-model_v6,1.0,1.87e-54,6282.0,cellular organisms;Eukaryota;Opisthokonta;Metazoa;Eumetazoa;Bilateria;Protostomia;Ecdysozoa;Nematoda;Chromadorea;Rhabditida;Spirurina;Spiruromorpha;Filarioidea;Onchocercidae;Onchocerca;Onchocerca volvulus,4,1263,14,1304
72,blade,AF-A0A126GUQ2-F1-model_v6,1.0,5.1299999999999994e-48,7227.0,cellular organisms;Eukaryota;Opisthokonta;Metazoa;Eumetazoa;Bilateria;Protostomia;Ecdysozoa;Panarthropoda;Arthropoda;Mandibulata;Pancrustacea;Hexapoda;Insecta;Dicondylia;Pterygota;Neoptera;Endopterygota;Diptera;Brachycera;Muscomorpha;Eremoneura;Cyclorrhapha;Schizophora;Acalyptratae;Ephydroidea;Drosophilidae;Drosophilinae;Drosophilini;Drosophila;Sophophora;melanogaster group;melanogaster subgroup;Drosophila melanogaster,1,1220,2,1304
74,blade,AF-A0AAF5DN64-F1-model_v6,1.0,4.44e-43,6248.0,cellular organisms;Eukaryota;Opisthokonta;Metazoa;Eumetazoa;Bilateria;Protostomia;Ecdysozoa;Nematoda;Chromadorea;Rhabditida;Tylenchina;Panagrolaimomorpha;Strongyloidoidea;Strongyloididae;Strongyloides;Strongyloides stercoralis,6,1267,15,1304
76,blade,AF-A0A4E9EUW2-F1-model_v6,1.0,5.66e-56,6279.0,cellular organisms;Eukaryota;Opisthokonta;Metazoa;Eumetazoa;Bilateria;Protostomia;Ecdysozoa;Nematoda;Chromadorea;Rhabditida;Spirurina;Spiruromorpha;Filarioidea;Onchocercidae;Brugia;Brugia malayi,1,1215,1,1304
78,blade,AF-K7MZZ7-F1-model_v6,1.0,1.21e-10,3847.0,cellular organisms;Eukaryota;Viridiplantae;Streptophyta;Streptophytina;Embryophyta;Tracheophyta;Euphyllophyta;Spermatophyta;Magnoliopsida;Mesangiospermae;eudicotyledons;Gunneridae;Pentapetalae;rosids;fabids;Fabales;Fabaceae;Papilionoideae;50 kb inversion clade;NPAAA clade;indigoferoid/millettioid clade;Phaseoleae;Glycine;Glycine subgen. Soja;Glycine max,4,1023,2,1302
80,blade,AF-A0A4E9F501-F1-model_v6,1.0,3.1e-13,6279.0,cellular organisms;Eukaryota;Opisthokonta;Metazoa;Eumetazoa;Bilateria;Protostomia;Ecdysozoa;Nematoda;Chromadorea;Rhabditida;Spirurina;Spiruromorpha;Filarioidea;Onchocercidae;Brugia;Brugia malayi,2,633,565,1304
82,blade,AF-A0A158Q5L0-F1-model_v6,1.0,1.03e-25,318479.0,cellular organisms;Eukaryota;Opisthokonta;Metazoa;Eumetazoa;Bilateria;Protostomia;Ecdysozoa;Nematoda;Chromadorea;Rhabditida;Spirurina;Dracunculoidea;Dracunculidae;Dracunculus;Dracunculus medinensis,24,699,544,1304
84,blade,AF-A0A0N4U6X9-F1-model_v6,1.0,6.76e-34,318479.0,cellular organisms;Eukaryota;Opisthokonta;Metazoa;Eumetazoa;Bilateria;Protostomia;Ecdysozoa;Nematoda;Chromadorea;Rhabditida;Spirurina;Dracunculoidea;Dracunculidae;Dracunculus;Dracunculus medinensis,35,744,535,1304
86,blade,6kg7-assembly1_A,1.0,9.35e-62,10090.0,cellular organisms;Eukaryota;Opisthokonta;Metazoa;Eumetazoa;Bilateria;Deuterostomia;Chordata;Craniata;Vertebrata;Gnathostomata;Teleostomi;Euteleostomi;Sarcopterygii;Dipnotetrapodomorpha;Tetrapoda;Amniota;Mammalia;Theria;Eutheria;Boreoeutheria;Euarchontoglires;Glires;Rodentia;Myomorpha;Muroidea;Muridae;Murinae;Mus;Mus;Mus musculus,2,969,10,1304
87,blade,AF-A0A077Z8J1-F1-model_v6,1.0,4.15e-38,36087.0,cellular organisms;Eukaryota;Opisthokonta;Metazoa;Eumetazoa;Bilateria;Protostomia;Ecdysozoa;Nematoda;Enoplea;Dorylaimia;Trichinellida;Trichuridae;Trichuris;Trichuris trichiura,2,720,521,1304
89,blade,AF-A0A4E9FEN3-F1-model_v6,1.0,2.82e-19,6279.0,cellular organisms;Eukaryota;Opisthokonta;Metazoa;Eumetazoa;Bilateria;Protostomia;Ecdysozoa;Nematoda;Chromadorea;Rhabditida;Spirurina;Spiruromorpha;Filarioidea;Onchocercidae;Brugia;Brugia malayi,7,824,198,1304
115,blade,AF-A0A8R1TRS9-F1-model_v6,1.0,1.26e-10,6282.0,cellular organisms;Eukaryota;Opisthokonta;Metazoa;Eumetazoa;Bilateria;Protostomia;Ecdysozoa;Nematoda;Chromadorea;Rhabditida;Spirurina;Spiruromorpha;Filarioidea;Onchocercidae;Onchocerca;Onchocerca volvulus,2,683,186,1304
116,blade,AF-A0A8R1U0Y7-F1-model_v6,1.0,5.06e-09,6282.0,cellular organisms;Eukaryota;Opisthokonta;Metazoa;Eumetazoa;Bilateria;Protostomia;Ecdysozoa;Nematoda;Chromadorea;Rhabditida;Spirurina;Spiruromorpha;Filarioidea;Onchocercidae;Onchocerca;Onchocerca volvulus,37,582,770,1304
118,blade,6b3r-assembly1_A,1.0,8.13e-55,10090.0,cellular organisms;Eukaryota;Opisthokonta;Metazoa;Eumetazoa;Bilateria;Deuterostomia;Chordata;Craniata;Vertebrata;Gnathostomata;Teleostomi;Euteleostomi;Sarcopterygii;Dipnotetrapodomorpha;Tetrapoda;Amniota;Mammalia;Theria;Eutheria;Boreoeutheria;Euarchontoglires;Glires;Rodentia;Myomorpha;Muroidea;Muridae;Murinae;Mus;Mus;Mus musculus,4,646,574,1304
119,blade,7wlu-assembly1_A,1.0,1.47e-40,10090.0,cellular organisms;Eukaryota;Opisthokonta;Metazoa;Eumetazoa;Bilateria;Deuterostomia;Chordata;Craniata;Vertebrata;Gnathostomata;Teleostomi;Euteleostomi;Sarcopterygii;Dipnotetrapodomorpha;Tetrapoda;Amniota;Mammalia;Theria;Eutheria;Boreoeutheria;Euarchontoglires;Glires;Rodentia;Myomorpha;Muroidea;Muridae;Murinae;Mus;Mus;Mus musculus,2,577,571,1304
120,blade,7wlt-assembly1_A,1.0,1.03e-39,10090.0,cellular organisms;Eukaryota;Opisthokonta;Metazoa;Eumetazoa;Bilateria;Deuterostomia;Chordata;Craniata;Vertebrata;Gnathostomata;Teleostomi;Euteleostomi;Sarcopterygii;Dipnotetrapodomorpha;Tetrapoda;Amniota;Mammalia;Theria;Eutheria;Boreoeutheria;Euarchontoglires;Glires;Rodentia;Myomorpha;Muroidea;Muridae;Murinae;Mus;Mus;Mus musculus,2,460,790,1304
121,blade,5z10-assembly1_A,1.0,7.690000000000001e-31,10090.0,cellular organisms;Eukaryota;Opisthokonta;Metazoa;Eumetazoa;Bilateria;Deuterostomia;Chordata;Craniata;Vertebrata;Gnathostomata;Teleostomi;Euteleostomi;Sarcopterygii;Dipnotetrapodomorpha;Tetrapoda;Amniota;Mammalia;Theria;Eutheria;Boreoeutheria;Euarchontoglires;Glires;Rodentia;Myomorpha;Muroidea;Muridae;Murinae;Mus;Mus;Mus musculus,2,474,571,1304
122,blade,AF-A0A6A4WMD7-F1-model_v6,1.0,8.42e-44,1232801.0,cellular organisms;Eukaryota;Opisthokonta;Metazoa;Eumetazoa;Bilateria;Protostomia;Ecdysozoa;Panarthropoda;Arthropoda;Mandibulata;Pancrustacea;Crustacea;Multicrustacea;Thecostraca;Cirripedia;Thoracica;Thoracicalcarea;Balanomorpha;Balanoidea;Balanidae;Amphibalaninae;Amphibalanus;Amphibalanus amphitrite,103,1279,1,1149
123,blade,AF-A0A817NR70-F1-model_v6,1.0,3.4e-26,2762512.0,cellular organisms;Eukaryota;Opisthokonta;Metazoa;Eumetazoa;Bilateria;Protostomia;Spiralia;Gnathifera;Rotifera;Eurotatoria;Bdelloidea;Philodinida;Philodinidae;Rotaria;unclassified Rotaria;Rotaria sp. Silwood2,1,834,2,998
124,blade,AF-A0A8S2LA96-F1-model_v6,1.0,2.4899999999999997e-54,392030.0,cellular organisms;Eukaryota;Opisthokonta;Metazoa;Eumetazoa;Bilateria;Protostomia;Spiralia;Gnathifera;Rotifera;Eurotatoria;Bdelloidea;Philodinida;Philodinidae;Rotaria;Rotaria magnacalcarata,94,1276,3,1232
125,blade,AF-A0A7J7JSE9-F1-model_v6,1.0,2.1800000000000002e-29,10212.0,cellular organisms;Eukaryota;Opisthokonta;Metazoa;Eumetazoa;Bilateria;Protostomia;Spiralia;Lophotrochozoa;Bryozoa;Gymnolaemata;Cheilostomatida;Flustrina;Buguloidea;Bugulidae;Bugula;Bugula neritina,7,682,598,1304
126,blade,AF-A0A397BN74-F1-model_v6,1.0,1.41e-13,112090.0,cellular organisms;Eukaryota;Sar;Stramenopiles;Oomycota;Saprolegniomycetes;Saprolegniales;Verrucalvaceae;Aphanomyces;Aphanomyces astaci,171,1197,335,1304
127,blade,AF-A0A653DHE2-F1-model_v6,1.0,2.93e-08,64391.0,cellular organisms;Eukaryota;Opisthokonta;Metazoa;Eumetazoa;Bilateria;Protostomia;Ecdysozoa;Panarthropoda;Arthropoda;Mandibulata;Pancrustacea;Hexapoda;Insecta;Dicondylia;Pterygota;Neoptera;Endopterygota;Coleoptera;Polyphaga;Cucujiformia;Chrysomeloidea;Chrysomelidae;Bruchinae;Bruchini;Callosobruchus;Callosobruchus maculatus,2,309,1003,1304
128,blade,AF-A0A480KZG1-F1-model_v6,1.0,2.51e-66,9823.0,cellular organisms;Eukaryota;Opisthokonta;Metazoa;Eumetazoa;Bilateria;Deuterostomia;Chordata;Craniata;Vertebrata;Gnathostomata;Teleostomi;Euteleostomi;Sarcopterygii;Dipnotetrapodomorpha;Tetrapoda;Amniota;Mammalia;Theria;Eutheria;Boreoeutheria;Laurasiatheria;Artiodactyla;Suina;Suidae;Sus;Sus scrofa,1,1252,1,1147
129,blade,AF-A0A158Q727-F1-model_v6,1.0,6.02e-06,1147741.0,cellular organisms;Eukaryota;Opisthokonta;Metazoa;Eumetazoa;Bilateria;Protostomia;Ecdysozoa;Nematoda;Chromadorea;Rhabditida;Spirurina;Spiruromorpha;Filarioidea;Onchocercidae;Elaeophora;Elaeophora elaphi,4,354,952,1304
130,blade,AF-A0A2H1X0Q2-F1-model_v6,1.0,1.32e-53,7108.0,cellular organisms;Eukaryota;Opisthokonta;Metazoa;Eumetazoa;Bilateria;Protostomia;Ecdysozoa;Panarthropoda;Arthropoda;Mandibulata;Pancrustacea;Hexapoda;Insecta;Dicondylia;Pterygota;Neoptera;Endopterygota;Amphiesmenoptera;Lepidoptera;Glossata;Neolepidoptera;Heteroneura;Ditrysia;Obtectomera;Noctuoidea;Noctuidae;Amphipyrinae;Spodoptera;Spodoptera frugiperda,2,1255,18,1283
131,blade,AF-A0A6J2YXD6-F1-model_v6,1.0,3.37e-30,7048.0,cellular organisms;Eukaryota;Opisthokonta;Metazoa;Eumetazoa;Bilateria;Protostomia;Ecdysozoa;Panarthropoda;Arthropoda;Mandibulata;Pancrustacea;Hexapoda;Insecta;Dicondylia;Pterygota;Neoptera;Endopterygota;Coleoptera;Polyphaga;Cucujiformia;Curculionoidea;Curculionidae;Dryophthorinae;Sitophilus;Sitophilus oryzae,31,856,411,1304
132,blade,AF-A0A397F5V6-F1-model_v6,1.0,3.04e-09,112090.0,cellular organisms;Eukaryota;Sar;Stramenopiles;Oomycota;Saprolegniomycetes;Saprolegniales;Verrucalvaceae;Aphanomyces;Aphanomyces astaci,1,553,763,1304
133,blade,AF-A0A0Q5UK93-F1-model_v6,1.0,1.1399999999999999e-48,7220.0,cellular organisms;Eukaryota;Opisthokonta;Metazoa;Eumetazoa;Bilateria;Protostomia;Ecdysozoa;Panarthropoda;Arthropoda;Mandibulata;Pancrustacea;Hexapoda;Insecta;Dicondylia;Pterygota;Neoptera;Endopterygota;Diptera;Brachycera;Muscomorpha;Eremoneura;Cyclorrhapha;Schizophora;Acalyptratae;Ephydroidea;Drosophilidae;Drosophilinae;Drosophilini;Drosophila;Sophophora;melanogaster group;melanogaster subgroup;Drosophila erecta,1,1222,2,1304
134,blade,AF-A0A0A1U646-F1-model_v6,1.0,9.05e-17,370355.0,cellular organisms;Eukaryota;Amoebozoa;Evosea;Archamoebae;Mastigamoebida;Entamoebidae;Entamoeba;Entamoeba invadens;Entamoeba invadens IP1,40,1154,3,1303
135,blade,AF-A0A7J8CKB3-F1-model_v6,1.0,1.41e-88,9407.0,cellular organisms;Eukaryota;Opisthokonta;Metazoa;Eumetazoa;Bilateria;Deuterostomia;Chordata;Craniata;Vertebrata;Gnathostomata;Teleostomi;Euteleostomi;Sarcopterygii;Dipnotetrapodomorpha;Tetrapoda;Amniota;Mammalia;Theria;Eutheria;Boreoeutheria;Laurasiatheria;Chiroptera;Yinpterochiroptera;Pteropodoidea;Pteropodidae;Rousettinae;Rousettus;Rousettus aegyptiacus,233,1211,18,998
136,blade,AF-A0A8C2B9A3-F1-model_v6,1.0,3.39e-72,7962.0,cellular organisms;Eukaryota;Opisthokonta;Metazoa;Eumetazoa;Bilateria;Deuterostomia;Chordata;Craniata;Vertebrata;Gnathostomata;Teleostomi;Euteleostomi;Actinopterygii;Actinopteri;Neopterygii;Teleostei;Osteoglossocephalai;Clupeocephala;Otomorpha;Ostariophysi;Otophysi;Cypriniphysae;Cypriniformes;Cyprinoidei;Cyprinidae;Cyprininae;Cyprinus;Cyprinus carpio,6,1214,11,1304
137,blade,AF-A0A453EU98-F1-model_v6,1.0,0.000629,200361.0,cellular organisms;Eukaryota;Viridiplantae;Streptophyta;Streptophytina;Embryophyta;Tracheophyta;Euphyllophyta;Spermatophyta;Magnoliopsida;Mesangiospermae;Liliopsida;Petrosaviidae;commelinids;Poales;Poaceae;BOP clade;Pooideae;Triticodae;Triticeae;Triticinae;Aegilops;Aegilops tauschii;Aegilops tauschii subsp. strangulata,29,584,805,1304
138,blade,AF-A0A914YNX1-F1-model_v6,1.0,1.57e-47,310955.0,cellular organisms;Eukaryota;Opisthokonta;Metazoa;Eumetazoa;Bilateria;Protostomia;Ecdysozoa;Nematoda;Chromadorea;Rhabditida;Tylenchina;Panagrolaimomorpha;Panagrolaimoidea;Panagrolaimidae;Panagrolaimus;Panagrolaimus superbus,2,984,346,1304
139,blade,AF-A0A3N0XQA4-F1-model_v6,1.0,1.46e-44,495550.0,cellular organisms;Eukaryota;Opisthokonta;Metazoa;Eumetazoa;Bilateria;Deuterostomia;Chordata;Craniata;Vertebrata;Gnathostomata;Teleostomi;Euteleostomi;Actinopterygii;Actinopteri;Neopterygii;Teleostei;Osteoglossocephalai;Clupeocephala;Otomorpha;Ostariophysi;Otophysi;Cypriniphysae;Cypriniformes;Cyprinoidei;Xenocyprididae;Xenocypridinae;Xenocypridinae incertae sedis;Anabarilius;Anabarilius grahami,236,1227,147,1101
140,blade,AF-A0A226EIU0-F1-model_v6,1.0,3.13e-57,158441.0,cellular organisms;Eukaryota;Opisthokonta;Metazoa;Eumetazoa;Bilateria;Protostomia;Ecdysozoa;Panarthropoda;Arthropoda;Mandibulata;Pancrustacea;Hexapoda;Collembola;Entomobryomorpha;Isotomoidea;Isotomidae;Proisotominae;Folsomia;Folsomia candida,23,1198,1,1304
141,blade,8imz-assembly1_A,1.0,3.93e-30,10090.0,cellular organisms;Eukaryota;Opisthokonta;Metazoa;Eumetazoa;Bilateria;Deuterostomia;Chordata;Craniata;Vertebrata;Gnathostomata;Teleostomi;Euteleostomi;Sarcopterygii;Dipnotetrapodomorpha;Tetrapoda;Amniota;Mammalia;Theria;Eutheria;Boreoeutheria;Euarchontoglires;Glires;Rodentia;Myomorpha;Muroidea;Muridae;Murinae;Mus;Mus;Mus musculus,2,373,790,1304
142,blade,AF-A0AAV6VPB1-F1-model_v6,1.0,5.88e-59,931172.0,cellular organisms;Eukaryota;Opisthokonta;Metazoa;Eumetazoa;Bilateria;Protostomia;Ecdysozoa;Panarthropoda;Arthropoda;Chelicerata;Arachnida;Araneae;Araneomorphae;Entelegynae;Orbiculariae;Araneoidea;Linyphiidae;Erigoninae;Oedothorax;Oedothorax gibbosus,2,1220,1,1190
143,blade,AF-A0A8C6VJD5-F1-model_v6,1.0,4.92e-66,35670.0,cellular organisms;Eukaryota;Opisthokonta;Metazoa;Eumetazoa;Bilateria;Deuterostomia;Chordata;Craniata;Vertebrata;Gnathostomata;Teleostomi;Euteleostomi;Sarcopterygii;Dipnotetrapodomorpha;Tetrapoda;Amniota;Sauropsida;Sauria;Lepidosauria;Squamata;Bifurcata;Unidentata;Episquamata;Toxicofera;Serpentes;Colubroidea;Elapidae;Elapinae;Naja;Naja naja,8,1174,14,1304
144,blade,AF-A0A3Q3G502-F1-model_v6,1.0,1.75e-67,56723.0,cellular organisms;Eukaryota;Opisthokonta;Metazoa;Eumetazoa;Bilateria;Deuterostomia;Chordata;Craniata;Vertebrata;Gnathostomata;Teleostomi;Euteleostomi;Actinopterygii;Actinopteri;Neopterygii;Teleostei;Osteoglossocephalai;Clupeocephala;Euteleosteomorpha;Neoteleostei;Eurypterygia;Ctenosquamata;Acanthomorphata;Euacanthomorphacea;Percomorphaceae;Eupercaria;Labriformes;Labridae;Labrus;Labrus bergylta,9,1161,143,1304
145,blade,AF-A0A9P0M3N9-F1-model_v6,1.0,2.76e-15,200917.0,cellular organisms;Eukaryota;Opisthokonta;Metazoa;Eumetazoa;Bilateria;Protostomia;Ecdysozoa;Panarthropoda;Arthropoda;Mandibulata;Pancrustacea;Hexapoda;Insecta;Dicondylia;Pterygota;Neoptera;Endopterygota;Coleoptera;Polyphaga;Cucujiformia;Chrysomeloidea;Chrysomelidae;Bruchinae;Bruchini;Acanthoscelides;Acanthoscelides obtectus,2,468,838,1304
146,blade,AF-A0A2S2NRA1-F1-model_v6,1.0,1.4e-47,13262.0,cellular organisms;Eukaryota;Opisthokonta;Metazoa;Eumetazoa;Bilateria;Protostomia;Ecdysozoa;Panarthropoda;Arthropoda;Mandibulata;Pancrustacea;Hexapoda;Insecta;Dicondylia;Pterygota;Neoptera;Paraneoptera;Hemiptera;Sternorrhyncha;Aphidomorpha;Aphidoidea;Aphididae;Aphidinae;Aphidini;Schizaphis;Schizaphis graminum,5,960,347,1304
147,blade,AF-A0A0N5B170-F1-model_v6,1.0,1.52e-15,451379.0,cellular organisms;Eukaryota;Opisthokonta;Metazoa;Eumetazoa;Bilateria;Protostomia;Ecdysozoa;Nematoda;Chromadorea;Rhabditida;Spirurina;Oxyuridomorpha;Oxyuroidea;Oxyuridae;Syphacia;Syphacia muris,2,772,200,1304
148,blade,AF-A0A9P0KR01-F1-model_v6,1.0,3.32e-05,200917.0,cellular organisms;Eukaryota;Opisthokonta;Metazoa;Eumetazoa;Bilateria;Protostomia;Ecdysozoa;Panarthropoda;Arthropoda;Mandibulata;Pancrustacea;Hexapoda;Insecta;Dicondylia;Pterygota;Neoptera;Endopterygota;Coleoptera;Polyphaga;Cucujiformia;Chrysomeloidea;Chrysomelidae;Bruchinae;Bruchini;Acanthoscelides;Acanthoscelides obtectus,2,268,1044,1304
149,blade,AF-A0A0V1E9W0-F1-model_v6,1.0,9.510000000000001e-43,6337.0,cellular organisms;Eukaryota;Opisthokonta;Metazoa;Eumetazoa;Bilateria;Protostomia;Ecdysozoa;Nematoda;Enoplea;Dorylaimia;Trichinellida;Trichinellidae;Trichinella;Trichinella pseudospiralis,25,955,306,1304
150,blade,AF-A0A4U5PAW8-F1-model_v6,1.0,0.00253,34508.0,cellular organisms;Eukaryota;Opisthokonta;Metazoa;Eumetazoa;Bilateria;Protostomia;Ecdysozoa;Nematoda;Chromadorea;Rhabditida;Tylenchina;Panagrolaimomorpha;Strongyloidoidea;Steinernematidae;Steinernema;Steinernema carpocapsae,39,190,1142,1304
151,blade,AF-A0A482RRZ8-F1-model_v6,1.0,0.000347,1906665.0,cellular organisms;Archaea;unclassified Archaea;archaeon,1,946,1,957
152,blade,AF-A0AAV9R4T2-F1-model_v6,1.0,3.46e-20,28760.0,cellular organisms;Eukaryota;Opisthokonta;Metazoa;Eumetazoa;Bilateria;Deuterostomia;Chordata;Craniata;Vertebrata;Gnathostomata;Teleostomi;Euteleostomi;Actinopterygii;Actinopteri;Neopterygii;Teleostei;Osteoglossocephalai;Clupeocephala;Euteleosteomorpha;Neoteleostei;Eurypterygia;Ctenosquamata;Acanthomorphata;Euacanthomorphacea;Percomorphaceae;Ovalentaria;Atherinomorphae;Cyprinodontiformes;Cyprinodontoidei;Goodeidae;Crenichthys;Crenichthys baileyi,1,331,870,1304
153,blade,AF-A0A0A9XEI2-F1-model_v6,1.0,4.889999999999999e-54,30085.0,cellular organisms;Eukaryota;Opisthokonta;Metazoa;Eumetazoa;Bilateria;Protostomia;Ecdysozoa;Panarthropoda;Arthropoda;Mandibulata;Pancrustacea;Hexapoda;Insecta;Dicondylia;Pterygota;Neoptera;Paraneoptera;Hemiptera;Prosorrhyncha;Heteroptera;Euheteroptera;Neoheteroptera;Panheteroptera;Cimicomorpha;Cimicoidea;Miridae;Mirinae;Mirini;Lygus;Lygus hesperus,1,1194,1,1229
154,blade,AF-A0A315VGY0-F1-model_v6,1.0,1.9000000000000002e-80,33528.0,cellular organisms;Eukaryota;Opisthokonta;Metazoa;Eumetazoa;Bilateria;Deuterostomia;Chordata;Craniata;Vertebrata;Gnathostomata;Teleostomi;Euteleostomi;Actinopterygii;Actinopteri;Neopterygii;Teleostei;Osteoglossocephalai;Clupeocephala;Euteleosteomorpha;Neoteleostei;Eurypterygia;Ctenosquamata;Acanthomorphata;Euacanthomorphacea;Percomorphaceae;Ovalentaria;Atherinomorphae;Cyprinodontiformes;Cyprinodontoidei;Poeciliidae;Poeciliinae;Gambusia;Gambusia affinis,70,1178,15,1158
155,blade,AF-A0A3Q2Y0W9-F1-model_v6,1.0,1.9999999999999997e-61,109280.0,cellular organisms;Eukaryota;Opisthokonta;Metazoa;Eumetazoa;Bilateria;Deuterostomia;Chordata;Craniata;Vertebrata;Gnathostomata;Teleostomi;Euteleostomi;Actinopterygii;Actinopteri;Neopterygii;Teleostei;Osteoglossocephalai;Clupeocephala;Euteleosteomorpha;Neoteleostei;Eurypterygia;Ctenosquamata;Acanthomorphata;Euacanthomorphacea;Percomorphaceae;Syngnathiaria;Syngnathiformes;Syngnathoidei;Syngnathidae;Hippocampinae;Hippocampus;Hippocampus comes,26,1162,147,1304
156,blade,AF-A0A4D9EAT4-F1-model_v6,1.0,7.250000000000001e-70,55544.0,cellular organisms;Eukaryota;Opisthokonta;Metazoa;Eumetazoa;Bilateria;Deuterostomia;Chordata;Craniata;Vertebrata;Gnathostomata;Teleostomi;Euteleostomi;Sarcopterygii;Dipnotetrapodomorpha;Tetrapoda;Amniota;Sauropsida;Sauria;Archelosauria;Testudinata;Testudines;Cryptodira;Durocryptodira;Testudinoidea;Platysternidae;Platysternon;Platysternon megacephalum,2,1184,129,1259
157,blade,AF-A0A915EHD0-F1-model_v6,1.0,3.7e-39,166011.0,cellular organisms;Eukaryota;Opisthokonta;Metazoa;Eumetazoa;Bilateria;Protostomia;Ecdysozoa;Nematoda;Chromadorea;Rhabditida;Tylenchina;Tylenchomorpha;Sphaerularioidea;Anguinidae;Anguininae;Ditylenchus;Ditylenchus dipsaci,1,1118,157,1304
158,blade,AF-A0ABD1CZ18-F1-model_v6,1.0,4.49e-41,38569.0,cellular organisms;Eukaryota;Opisthokonta;Metazoa;Eumetazoa;Bilateria;Protostomia;Ecdysozoa;Panarthropoda;Arthropoda;Mandibulata;Pancrustacea;Hexapoda;Insecta;Dicondylia;Pterygota;Neoptera;Endopterygota;Diptera;Nematocera;Culicomorpha;Culicoidea;Culicidae;Culicinae;Culicini;Culex;Culex;Culex pipiens complex;Culex pipiens;Culex pipiens pipiens,2,892,438,1304
159,blade,AF-A0AAV7IMW3-F1-model_v6,1.0,6.61e-45,32391.0,cellular organisms;Eukaryota;Opisthokonta;Metazoa;Eumetazoa;Bilateria;Protostomia;Ecdysozoa;Panarthropoda;Arthropoda;Mandibulata;Pancrustacea;Hexapoda;Insecta;Dicondylia;Pterygota;Neoptera;Endopterygota;Hymenoptera;Apocrita;Ichneumonoidea;Braconidae;Microgastrinae;Cotesia;Cotesia glomerata,1,1158,1,1154
160,blade,AF-A0AAF3J5Y6-F1-model_v6,1.0,9.29e-22,2138241.0,cellular organisms;Eukaryota;Opisthokonta;Metazoa;Eumetazoa;Bilateria;Protostomia;Ecdysozoa;Nematoda;Chromadorea;Rhabditida;Rhabditina;Rhabditomorpha;Rhabditoidea;Rhabditidae;Mesorhabditinae;Mesorhabditis;Mesorhabditis belari,2,481,813,1304
161,blade,AF-A0A9Q0IW25-F1-model_v6,1.0,8.29e-20,630683.0,cellular organisms;Eukaryota;Opisthokonta;Metazoa;Eumetazoa;Bilateria;Deuterostomia;Chordata;Craniata;Vertebrata;Gnathostomata;Teleostomi;Euteleostomi;Actinopterygii;Actinopteri;Neopterygii;Teleostei;Osteoglossocephalai;Clupeocephala;Euteleosteomorpha;Neoteleostei;Eurypterygia;Ctenosquamata;Acanthomorphata;Paracanthopterygii;Zeiogadaria;Gadariae;Gadiformes;Muraenolepidoidei;Muraenolepididae;Muraenolepis;Muraenolepis orangiensis,1,375,830,1265
162,blade,AF-A0A158PKC0-F1-model_v6,1.0,0.00216,334426.0,cellular organisms;Eukaryota;Opisthokonta;Metazoa;Eumetazoa;Bilateria;Protostomia;Ecdysozoa;Nematoda;Chromadorea;Rhabditida;Rhabditina;Rhabditomorpha;Strongyloidea;Metastrongylidae;Angiostrongylus;Angiostrongylus costaricensis,2,172,1149,1304
163,blade,AF-A0A1I8EI99-F1-model_v6,1.0,9.76e-48,6293.0,cellular organisms;Eukaryota;Opisthokonta;Metazoa;Eumetazoa;Bilateria;Protostomia;Ecdysozoa;Nematoda;Chromadorea;Rhabditida;Spirurina;Spiruromorpha;Filarioidea;Onchocercidae;Wuchereria;Wuchereria bancrofti,1,1132,1,1304
164,blade,AF-A0A7R9CMV8-F1-model_v6,1.0,1.1400000000000001e-35,61476.0,cellular organisms;Eukaryota;Opisthokonta;Metazoa;Eumetazoa;Bilateria;Protostomia;Ecdysozoa;Panarthropoda;Arthropoda;Mandibulata;Pancrustacea;Hexapoda;Insecta;Dicondylia;Pterygota;Neoptera;Polyneoptera;Phasmatodea;Timematodea;Timematoidea;Timematidae;Timema;Timema cristinae,1,1160,1,1099
165,blade,AF-A0A8C8DMC3-F1-model_v6,1.0,1.32e-82,183150.0,cellular organisms;Eukaryota;Opisthokonta;Metazoa;Eumetazoa;Bilateria;Deuterostomia;Chordata;Craniata;Vertebrata;Gnathostomata;Teleostomi;Euteleostomi;Actinopterygii;Actinopteri;Neopterygii;Teleostei;Osteoglossocephalai;Clupeocephala;Euteleosteomorpha;Neoteleostei;Eurypterygia;Ctenosquamata;Acanthomorphata;Euacanthomorphacea;Percomorphaceae;Ovalentaria;Atherinomorphae;Beloniformes;Adrianichthyoidei;Adrianichthyidae;Oryziinae;Oryzias;Oryzias sinensis,26,1135,147,1304
166,blade,AF-A0AA38LDH7-F1-model_v6,1.0,8.27e-06,29808.0,cellular organisms;Eukaryota;Viridiplantae;Streptophyta;Streptophytina;Embryophyta;Tracheophyta;Euphyllophyta;Spermatophyta;Acrogymnospermae;Pinopsida;Pinidae;Conifers II;Cupressales;Taxaceae;Taxus;Taxus chinensis,2,1080,76,957
167,blade,AF-A0AA35RM69-F1-model_v6,1.0,1.55e-38,519541.0,cellular organisms;Eukaryota;Opisthokonta;Metazoa;Porifera;Demospongiae;Heteroscleromorpha;Tetractinellida;Astrophorina;Geodiidae;Geodia;Geodia barretti,7,1152,2,1109
168,blade,AF-A0A2K3NPR9-F1-model_v6,1.0,9.29e-07,57577.0,cellular organisms;Eukaryota;Viridiplantae;Streptophyta;Streptophytina;Embryophyta;Tracheophyta;Euphyllophyta;Spermatophyta;Magnoliopsida;Mesangiospermae;eudicotyledons;Gunneridae;Pentapetalae;rosids;fabids;Fabales;Fabaceae;Papilionoideae;50 kb inversion clade;NPAAA clade;Hologalegina;IRL clade;Trifolieae;Trifolium;Trifolium pratense,3,622,635,1302
169,blade,AF-A0A6A5AZS5-F1-model_v6,1.0,1.5e-06,112090.0,cellular organisms;Eukaryota;Sar;Stramenopiles;Oomycota;Saprolegniomycetes;Saprolegniales;Verrucalvaceae;Aphanomyces;Aphanomyces astaci,9,579,595,1304
170,blade,AF-A0AAV0R1C0-F1-model_v6,1.0,5.04e-13,586396.0,cellular organisms;Eukaryota;Viridiplantae;Streptophyta;Streptophytina;Embryophyta;Tracheophyta;Euphyllophyta;Spermatophyta;Magnoliopsida;Mesangiospermae;eudicotyledons;Gunneridae;Pentapetalae;rosids;fabids;Malpighiales;Linaceae;Linum;Linum tenue,2,1123,7,1251
171,blade,AF-A0A818S591-F1-model_v6,1.0,6.69e-26,392032.0,cellular organisms;Eukaryota;Opisthokonta;Metazoa;Eumetazoa;Bilateria;Protostomia;Spiralia;Gnathifera;Rotifera;Eurotatoria;Bdelloidea;Philodinida;Philodinidae;Rotaria;Rotaria socialis,2,1081,4,1304
172,blade,AF-A0A8C7MFW4-F1-model_v6,1.0,1.72e-58,8019.0,cellular organisms;Eukaryota;Opisthokonta;Metazoa;Eumetazoa;Bilateria;Deuterostomia;Chordata;Craniata;Vertebrata;Gnathostomata;Teleostomi;Euteleostomi;Actinopterygii;Actinopteri;Neopterygii;Teleostei;Osteoglossocephalai;Clupeocephala;Euteleosteomorpha;Protacanthopterygii;Salmoniformes;Salmonidae;Salmoninae;Oncorhynchus;Oncorhynchus kisutch,6,1121,9,1304
173,blade,AF-A0A819E6A4-F1-model_v6,1.0,4.5e-40,392033.0,cellular organisms;Eukaryota;Opisthokonta;Metazoa;Eumetazoa;Bilateria;Protostomia;Spiralia;Gnathifera;Rotifera;Eurotatoria;Bdelloidea;Philodinida;Philodinidae;Rotaria;Rotaria sordida,117,1133,3,1065
174,blade,AF-A0A1I8N034-F1-model_v6,1.0,1.3400000000000002e-47,7370.0,cellular organisms;Eukaryota;Opisthokonta;Metazoa;Eumetazoa;Bilateria;Protostomia;Ecdysozoa;Panarthropoda;Arthropoda;Mandibulata;Pancrustacea;Hexapoda;Insecta;Dicondylia;Pterygota;Neoptera;Endopterygota;Diptera;Brachycera;Muscomorpha;Eremoneura;Cyclorrhapha;Schizophora;Calyptratae;Muscoidea;Muscidae;Muscinae;Muscini;Musca;Musca;Musca domestica,2,1045,248,1304
175,blade,AF-A0A069DX80-F1-model_v6,1.0,3.37e-29,65343.0,cellular organisms;Eukaryota;Opisthokonta;Metazoa;Eumetazoa;Bilateria;Protostomia;Ecdysozoa;Panarthropoda;Arthropoda;Mandibulata;Pancrustacea;Hexapoda;Insecta;Dicondylia;Pterygota;Neoptera;Paraneoptera;Hemiptera;Prosorrhyncha;Heteroptera;Euheteroptera;Neoheteroptera;Panheteroptera;Cimicomorpha;Reduvioidea;Reduviidae;Triatominae;Panstrongylus;Panstrongylus megistus,2,652,626,1304
176,blade,AF-M4BPS5-F1-model_v6,1.0,7.28e-09,559515.0,cellular organisms;Eukaryota;Sar;Stramenopiles;Oomycota;Peronosporomycetes;Peronosporales;Peronosporaceae;Hyaloperonospora;Hyaloperonospora arabidopsidis;Hyaloperonospora arabidopsidis Emoy2,7,669,605,1304
177,blade,AF-A0A670I236-F1-model_v6,1.0,4.5399999999999995e-67,64176.0,cellular organisms;Eukaryota;Opisthokonta;Metazoa;Eumetazoa;Bilateria;Deuterostomia;Chordata;Craniata;Vertebrata;Gnathostomata;Teleostomi;Euteleostomi;Sarcopterygii;Dipnotetrapodomorpha;Tetrapoda;Amniota;Sauropsida;Sauria;Lepidosauria;Squamata;Bifurcata;Unidentata;Episquamata;Laterata;Lacertibaenia;Lacertidae;Lacertinae;Podarcis;Podarcis muralis,1,1093,165,1304
178,blade,AF-A0A3Q1F967-F1-model_v6,1.0,5.12e-66,80966.0,cellular organisms;Eukaryota;Opisthokonta;Metazoa;Eumetazoa;Bilateria;Deuterostomia;Chordata;Craniata;Vertebrata;Gnathostomata;Teleostomi;Euteleostomi;Actinopterygii;Actinopteri;Neopterygii;Teleostei;Osteoglossocephalai;Clupeocephala;Euteleosteomorpha;Neoteleostei;Eurypterygia;Ctenosquamata;Acanthomorphata;Euacanthomorphacea;Percomorphaceae;Ovalentaria;Ovalentaria incertae sedis;Pomacentridae;Acanthochromis;Acanthochromis polyacanthus,2,1080,122,1304
179,blade,AF-A0A6P6HMM7-F1-model_v6,1.0,2.98e-16,9696.0,cellular organisms;Eukaryota;Opisthokonta;Metazoa;Eumetazoa;Bilateria;Deuterostomia;Chordata;Craniata;Vertebrata;Gnathostomata;Teleostomi;Euteleostomi;Sarcopterygii;Dipnotetrapodomorpha;Tetrapoda;Amniota;Mammalia;Theria;Eutheria;Boreoeutheria;Laurasiatheria;Carnivora;Feliformia;Felidae;Felinae;Puma;Puma concolor,93,672,44,1231
180,blade,AF-A0AB34GA82-F1-model_v6,1.0,8.37e-61,9764.0,cellular organisms;Eukaryota;Opisthokonta;Metazoa;Eumetazoa;Bilateria;Deuterostomia;Chordata;Craniata;Vertebrata;Gnathostomata;Teleostomi;Euteleostomi;Sarcopterygii;Dipnotetrapodomorpha;Tetrapoda;Amniota;Mammalia;Theria;Eutheria;Boreoeutheria;Laurasiatheria;Artiodactyla;Whippomorpha;Cetacea;Mysticeti;Eschrichtiidae;Eschrichtius;Eschrichtius robustus,21,1065,280,1304
181,blade,AF-A0A1I8J2S1-F1-model_v6,1.0,2.24e-34,282301.0,cellular organisms;Eukaryota;Opisthokonta;Metazoa;Eumetazoa;Bilateria;Protostomia;Spiralia;Lophotrochozoa;Platyhelminthes;Rhabditophora;Macrostomorpha;Macrostomida;Macrostomidae;Macrostomum;Macrostomum lignano,2,1105,1,1101
182,blade,AF-M3TFI1-F1-model_v6,1.0,1.25e-14,885319.0,cellular organisms;Eukaryota;Amoebozoa;Evosea;Archamoebae;Mastigamoebida;Entamoebidae;Entamoeba;Entamoeba histolytica;Entamoeba histolytica HM-1:IMSS;Entamoeba histolytica HM-1:IMSS-B,41,955,374,1301
183,blade,AF-J9EW84-F1-model_v6,1.0,5.4e-17,6293.0,cellular organisms;Eukaryota;Opisthokonta;Metazoa;Eumetazoa;Bilateria;Protostomia;Ecdysozoa;Nematoda;Chromadorea;Rhabditida;Spirurina;Spiruromorpha;Filarioidea;Onchocercidae;Wuchereria;Wuchereria bancrofti,18,809,198,1304
184,blade,AF-A0A401NZB4-F1-model_v6,1.0,1.1999999999999999e-60,75743.0,cellular organisms;Eukaryota;Opisthokonta;Metazoa;Eumetazoa;Bilateria;Deuterostomia;Chordata;Craniata;Vertebrata;Gnathostomata;Chondrichthyes;Elasmobranchii;Selachii;Galeomorphii;Galeoidea;Carcharhiniformes;Scyliorhinidae;Scyliorhinus;Scyliorhinus torazame,1,1101,1,1111
185,blade,AF-A0A9D4DY65-F1-model_v6,1.0,2.12e-39,45954.0,cellular organisms;Eukaryota;Opisthokonta;Metazoa;Eumetazoa;Bilateria;Protostomia;Spiralia;Lophotrochozoa;Mollusca;Bivalvia;Autobranchia;Heteroconchia;Euheterodonta;Imparidentia;Neoheterodontei;Myida;Dreissenoidea;Dreissenidae;Dreissena;Dreissena polymorpha,1,715,548,1304
186,blade,AF-A0A3B0K6R0-F1-model_v6,1.0,2.8e-40,7266.0,cellular organisms;Eukaryota;Opisthokonta;Metazoa;Eumetazoa;Bilateria;Protostomia;Ecdysozoa;Panarthropoda;Arthropoda;Mandibulata;Pancrustacea;Hexapoda;Insecta;Dicondylia;Pterygota;Neoptera;Endopterygota;Diptera;Brachycera;Muscomorpha;Eremoneura;Cyclorrhapha;Schizophora;Acalyptratae;Ephydroidea;Drosophilidae;Drosophilinae;Drosophilini;Drosophila;Sophophora;obscura group;obscura subgroup;Drosophila guanche,2,1026,227,1304
187,blade,AF-A0A8B6XZ36-F1-model_v6,1.0,5.98e-53,6087.0,cellular organisms;Eukaryota;Opisthokonta;Metazoa;Eumetazoa;Cnidaria;Hydrozoa;Hydroidolina;Anthoathecata;Aplanulata;Hydridae;Hydra;Hydra vulgaris,1,1097,1,1189
188,blade,AF-A0A6V7VMH3-F1-model_v6,1.0,8.62e-20,390850.0,cellular organisms;Eukaryota;Opisthokonta;Metazoa;Eumetazoa;Bilateria;Protostomia;Ecdysozoa;Nematoda;Chromadorea;Rhabditida;Tylenchina;Tylenchomorpha;Tylenchoidea;Meloidogynidae;Meloidogyninae;Meloidogyne;Meloidogyne enterolobii,4,539,792,1304
189,blade,AF-A0A0T6BCZ5-F1-model_v6,1.0,2.49e-53,1629725.0,cellular organisms;Eukaryota;Opisthokonta;Metazoa;Eumetazoa;Bilateria;Protostomia;Ecdysozoa;Panarthropoda;Arthropoda;Mandibulata;Pancrustacea;Hexapoda;Insecta;Dicondylia;Pterygota;Neoptera;Endopterygota;Coleoptera;Polyphaga;Scarabaeiformia;Scarabaeoidea;Scarabaeidae;Dynastinae;Oryctes;Oryctes borbonicus,2,1069,207,1304
190,blade,AF-A0A8R7TW81-F1-model_v6,1.0,1.07e-12,4572.0,cellular organisms;Eukaryota;Viridiplantae;Streptophyta;Streptophytina;Embryophyta;Tracheophyta;Euphyllophyta;Spermatophyta;Magnoliopsida;Mesangiospermae;Liliopsida;Petrosaviidae;commelinids;Poales;Poaceae;BOP clade;Pooideae;Triticodae;Triticeae;Triticinae;Triticum;Triticum urartu,7,985,62,1304
191,blade,AF-A0A5N3V507-F1-model_v6,1.0,6.83e-18,9888.0,cellular organisms;Eukaryota;Opisthokonta;Metazoa;Eumetazoa;Bilateria;Deuterostomia;Chordata;Craniata;Vertebrata;Gnathostomata;Teleostomi;Euteleostomi;Sarcopterygii;Dipnotetrapodomorpha;Tetrapoda;Amniota;Mammalia;Theria;Eutheria;Boreoeutheria;Laurasiatheria;Artiodactyla;Ruminantia;Pecora;Cervidae;Muntiacinae;Muntiacus;Muntiacus muntjak,73,823,140,806
192,blade,AF-A0A9P0P8I7-F1-model_v6,1.0,4.7999999999999995e-46,200917.0,cellular organisms;Eukaryota;Opisthokonta;Metazoa;Eumetazoa;Bilateria;Protostomia;Ecdysozoa;Panarthropoda;Arthropoda;Mandibulata;Pancrustacea;Hexapoda;Insecta;Dicondylia;Pterygota;Neoptera;Endopterygota;Coleoptera;Polyphaga;Cucujiformia;Chrysomeloidea;Chrysomelidae;Bruchinae;Bruchini;Acanthoscelides;Acanthoscelides obtectus,2,883,413,1304
193,blade,AF-W6U812-F1-model_v6,1.0,7.12e-32,6210.0,cellular organisms;Eukaryota;Opisthokonta;Metazoa;Eumetazoa;Bilateria;Protostomia;Spiralia;Lophotrochozoa;Platyhelminthes;Cestoda;Eucestoda;Cyclophyllidea;Taeniidae;Echinococcus;Echinococcus granulosus group;Echinococcus granulosus,27,1044,107,1027
194,blade,AF-E4YX63-F1-model_v6,1.0,3.4099999999999998e-40,34765.0,cellular organisms;Eukaryota;Opisthokonta;Metazoa;Eumetazoa;Bilateria;Deuterostomia;Chordata;Tunicata;Appendicularia;Copelata;Oikopleuridae;Oikopleura;Oikopleura dioica,5,1077,1,1109
195,blade,AF-A0A9P0Q444-F1-model_v6,1.0,4.5600000000000005e-35,200917.0,cellular organisms;Eukaryota;Opisthokonta;Metazoa;Eumetazoa;Bilateria;Protostomia;Ecdysozoa;Panarthropoda;Arthropoda;Mandibulata;Pancrustacea;Hexapoda;Insecta;Dicondylia;Pterygota;Neoptera;Endopterygota;Coleoptera;Polyphaga;Cucujiformia;Chrysomeloidea;Chrysomelidae;Bruchinae;Bruchini;Acanthoscelides;Acanthoscelides obtectus,44,1078,1,1153
196,blade,AF-A0AAD3N4L6-F1-model_v6,1.0,1.89e-07,270547.0,cellular organisms;Eukaryota;Opisthokonta;Metazoa;Eumetazoa;Bilateria;Deuterostomia;Chordata;Craniata;Vertebrata;Gnathostomata;Teleostomi;Euteleostomi;Actinopterygii;Actinopteri;Neopterygii;Teleostei;Osteoglossocephalai;Clupeocephala;Euteleosteomorpha;Neoteleostei;Eurypterygia;Ctenosquamata;Acanthomorphata;Euacanthomorphacea;Percomorphaceae;Carangaria;Carangaria incertae sedis;Centropomidae;Lates;Lates japonicus,1,171,998,1168
197,blade,AF-A0A9Q1JA68-F1-model_v6,1.0,6.7e-40,118154.0,cellular organisms;Eukaryota;Opisthokonta;Metazoa;Eumetazoa;Bilateria;Deuterostomia;Chordata;Craniata;Vertebrata;Gnathostomata;Teleostomi;Euteleostomi;Actinopterygii;Actinopteri;Neopterygii;Teleostei;Elopocephalai;Elopocephala;Elopomorpha;Anguilliformes;Synaphobranchidae;Synaphobranchinae;Synaphobranchus;Synaphobranchus kaupii,8,562,752,1304
198,blade,AF-A0A6J3A8I7-F1-model_v6,1.0,5.7900000000000005e-80,30538.0,cellular organisms;Eukaryota;Opisthokonta;Metazoa;Eumetazoa;Bilateria;Deuterostomia;Chordata;Craniata;Vertebrata;Gnathostomata;Teleostomi;Euteleostomi;Sarcopterygii;Dipnotetrapodomorpha;Tetrapoda;Amniota;Mammalia;Theria;Eutheria;Boreoeutheria;Laurasiatheria;Artiodactyla;Tylopoda;Camelidae;Vicugna;Vicugna pacos,79,1057,14,1147
199,blade,AF-G3NS86-F1-model_v6,1.0,4.15e-41,481459.0,cellular organisms;Eukaryota;Opisthokonta;Metazoa;Eumetazoa;Bilateria;Deuterostomia;Chordata;Craniata;Vertebrata;Gnathostomata;Teleostomi;Euteleostomi;Actinopterygii;Actinopteri;Neopterygii;Teleostei;Osteoglossocephalai;Clupeocephala;Euteleosteomorpha;Neoteleostei;Eurypterygia;Ctenosquamata;Acanthomorphata;Euacanthomorphacea;Percomorphaceae;Eupercaria;Perciformes;Cottioidei;Gasterosteales;Gasterosteidae;Gasterosteus;Gasterosteus aculeatus;Gasterosteus aculeatus aculeatus,1,646,649,1304
200,blade,AF-A0A819ZSB0-F1-model_v6,1.0,1.25e-14,2762512.0,cellular organisms;Eukaryota;Opisthokonta;Metazoa;Eumetazoa;Bilateria;Protostomia;Spiralia;Gnathifera;Rotifera;Eurotatoria;Bdelloidea;Philodinida;Philodinidae;Rotaria;unclassified Rotaria;Rotaria sp. Silwood2,573,1048,555,1065
201,blade,AF-A0A817ENN0-F1-model_v6,1.0,8.240000000000001e-22,2762512.0,cellular organisms;Eukaryota;Opisthokonta;Metazoa;Eumetazoa;Bilateria;Protostomia;Spiralia;Gnathifera;Rotifera;Eurotatoria;Bdelloidea;Philodinida;Philodinidae;Rotaria;unclassified Rotaria;Rotaria sp. Silwood2,1,1060,13,1116
202,blade,AF-A0AAD5RB83-F1-model_v6,1.0,1.43e-37,148309.0,cellular organisms;Eukaryota;Opisthokonta;Metazoa;Eumetazoa;Bilateria;Protostomia;Ecdysozoa;Nematoda;Chromadorea;Rhabditida;Rhabditina;Rhabditomorpha;Strongyloidea;Metastrongylidae;Parelaphostrongylus;Parelaphostrongylus tenuis,3,1059,1,1147
203,blade,AF-A0AAW0IWY1-F1-model_v6,1.0,1.38e-51,447135.0,cellular organisms;Eukaryota;Opisthokonta;Metazoa;Eumetazoa;Bilateria;Deuterostomia;Chordata;Craniata;Vertebrata;Gnathostomata;Teleostomi;Euteleostomi;Sarcopterygii;Dipnotetrapodomorpha;Tetrapoda;Amniota;Mammalia;Theria;Eutheria;Boreoeutheria;Euarchontoglires;Glires;Rodentia;Myomorpha;Muroidea;Cricetidae;Arvicolinae;Myodes;Myodes glareolus,3,1039,414,1250
204,blade,AF-A0AAW0NN53-F1-model_v6,1.0,2.14e-50,88201.0,cellular organisms;Eukaryota;Opisthokonta;Metazoa;Eumetazoa;Bilateria;Deuterostomia;Chordata;Craniata;Vertebrata;Gnathostomata;Teleostomi;Euteleostomi;Actinopterygii;Actinopteri;Neopterygii;Teleostei;Osteoglossocephalai;Clupeocephala;Euteleosteomorpha;Neoteleostei;Eurypterygia;Ctenosquamata;Acanthomorphata;Euacanthomorphacea;Percomorphaceae;Gobiaria;Gobiiformes;Gobioidei;Gobiidae;Gobionellinae;Mugilogobius;Mugilogobius chulae,2,675,591,1304
205,blade,AF-A0AA36CH18-F1-model_v6,1.0,3.86e-38,96644.0,cellular organisms;Eukaryota;Opisthokonta;Metazoa;Eumetazoa;Bilateria;Protostomia;Ecdysozoa;Nematoda;Chromadorea;Rhabditida;Rhabditina;Rhabditomorpha;Rhabditoidea;Rhabditidae;Mesorhabditinae;Mesorhabditis;Mesorhabditis spiculigera,1,1056,43,1181
206,blade,AF-A0AAD7TBA8-F1-model_v6,1.0,1.58e-75,143900.0,cellular organisms;Eukaryota;Opisthokonta;Metazoa;Eumetazoa;Bilateria;Deuterostomia;Chordata;Craniata;Vertebrata;Gnathostomata;Teleostomi;Euteleostomi;Actinopterygii;Actinopteri;Neopterygii;Teleostei;Elopocephalai;Elopocephala;Elopomorpha;Notacanthiformes;Halosauridae;Aldrovandia;Aldrovandia affinis,2,852,432,1304
207,blade,AF-A0A0V1FX62-F1-model_v6,1.0,4.15e-41,6337.0,cellular organisms;Eukaryota;Opisthokonta;Metazoa;Eumetazoa;Bilateria;Protostomia;Ecdysozoa;Nematoda;Enoplea;Dorylaimia;Trichinellida;Trichinellidae;Trichinella;Trichinella pseudospiralis,23,1052,58,1221
208,blade,AF-A0A418B1K8-F1-model_v6,1.0,2.48e-10,157072.0,cellular organisms;Eukaryota;Sar;Stramenopiles;Oomycota;Saprolegniomycetes;Saprolegniales;Verrucalvaceae;Aphanomyces;Aphanomyces invadans,8,877,130,1304
209,blade,AF-X6MX60-F1-model_v6,1.0,0.000516,46433.0,cellular organisms;Eukaryota;Sar;Rhizaria;Retaria;Foraminifera;Monothalamids;Reticulomyxidae;Reticulomyxa;Reticulomyxa filosa,215,641,918,1304
210,blade,AF-A0A817PEB7-F1-model_v6,1.0,8.460000000000001e-27,2762512.0,cellular organisms;Eukaryota;Opisthokonta;Metazoa;Eumetazoa;Bilateria;Protostomia;Spiralia;Gnathifera;Rotifera;Eurotatoria;Bdelloidea;Philodinida;Philodinidae;Rotaria;unclassified Rotaria;Rotaria sp. Silwood2,51,1041,178,1265
211,blade,AF-A0A3R6YUM3-F1-model_v6,1.0,1.47e-12,112090.0,cellular organisms;Eukaryota;Sar;Stramenopiles;Oomycota;Saprolegniomycetes;Saprolegniales;Verrucalvaceae;Aphanomyces;Aphanomyces astaci,48,997,1,947
212,blade,AF-A0A915AV10-F1-model_v6,1.0,1.6200000000000002e-36,6257.0,cellular organisms;Eukaryota;Opisthokonta;Metazoa;Eumetazoa;Bilateria;Protostomia;Ecdysozoa;Nematoda;Chromadorea;Rhabditida;Spirurina;Ascaridomorpha;Ascaridoidea;Ascarididae;Parascaris;Parascaris univalens,2,1030,1,1065
213,blade,AF-H2YLP9-F1-model_v6,1.0,7.06e-50,51511.0,cellular organisms;Eukaryota;Opisthokonta;Metazoa;Eumetazoa;Bilateria;Deuterostomia;Chordata;Tunicata;Ascidiacea;Phlebobranchia;Cionidae;Ciona;Ciona savignyi,3,1011,210,1304
214,blade,AF-A0A915ALY6-F1-model_v6,1.0,7.3e-08,6257.0,cellular organisms;Eukaryota;Opisthokonta;Metazoa;Eumetazoa;Bilateria;Protostomia;Ecdysozoa;Nematoda;Chromadorea;Rhabditida;Spirurina;Ascaridomorpha;Ascaridoidea;Ascarididae;Parascaris;Parascaris univalens,99,566,764,1304
215,blade,AF-A0AAV4T1Y6-F1-model_v6,1.0,4.16e-10,172846.0,cellular organisms;Eukaryota;Opisthokonta;Metazoa;Eumetazoa;Bilateria;Protostomia;Ecdysozoa;Panarthropoda;Arthropoda;Chelicerata;Arachnida;Araneae;Araneomorphae;Entelegynae;Orbiculariae;Araneoidea;Araneidae;Caerostris;Caerostris extrusa,2,288,1010,1304
216,blade,AF-A0AAV7Y8J7-F1-model_v6,1.0,2.32e-05,1746091.0,cellular organisms;Eukaryota;Metamonada;Anaeramoebidae;Anaeramoeba;Anaeramoeba flamelloides,10,643,624,1304
217,blade,AF-A0AAD9BN81-F1-model_v6,1.0,1.0200000000000001e-29,100907.0,cellular organisms;Eukaryota;Opisthokonta;Metazoa;Eumetazoa;Bilateria;Deuterostomia;Chordata;Craniata;Vertebrata;Gnathostomata;Teleostomi;Euteleostomi;Actinopterygii;Actinopteri;Neopterygii;Teleostei;Osteoglossocephalai;Clupeocephala;Euteleosteomorpha;Neoteleostei;Eurypterygia;Ctenosquamata;Acanthomorphata;Euacanthomorphacea;Percomorphaceae;Eupercaria;Perciformes;Notothenioidei;Nototheniidae;Dissostichus;Dissostichus eleginoides,455,975,660,1304
218,blade,AF-A0A0N4WCJ0-F1-model_v6,1.0,3.63e-17,6290.0,cellular organisms;Eukaryota;Opisthokonta;Metazoa;Eumetazoa;Bilateria;Protostomia;Ecdysozoa;Nematoda;Chromadorea;Rhabditida;Rhabditina;Rhabditomorpha;Strongyloidea;Trichostrongylidae;Haemonchus;Haemonchus placei,2,464,796,1304
219,blade,AF-A0A914MN15-F1-model_v6,1.0,2.34e-18,6306.0,cellular organisms;Eukaryota;Opisthokonta;Metazoa;Eumetazoa;Bilateria;Protostomia;Ecdysozoa;Nematoda;Chromadorea;Rhabditida;Tylenchina;Tylenchomorpha;Tylenchoidea;Meloidogynidae;Meloidogyninae;Meloidogyne;Meloidogyne incognita group;Meloidogyne incognita,2,539,790,1304
220,blade,AF-A0ABD0Y9M7-F1-model_v6,1.0,4.18e-38,642074.0,cellular organisms;Eukaryota;Opisthokonta;Metazoa;Eumetazoa;Bilateria;Protostomia;Ecdysozoa;Panarthropoda;Arthropoda;Mandibulata;Pancrustacea;Hexapoda;Insecta;Dicondylia;Pterygota;Neoptera;Paraneoptera;Hemiptera;Prosorrhyncha;Heteroptera;Euheteroptera;Neoheteroptera;Panheteroptera;Nepomorpha;Nepidae;Ranatrinae;Ranatra;Ranatra chinensis,2,756,526,1304
221,blade,AF-A0A0S7F270-F1-model_v6,1.0,6.3399999999999995e-46,188132.0,cellular organisms;Eukaryota;Opisthokonta;Metazoa;Eumetazoa;Bilateria;Deuterostomia;Chordata;Craniata;Vertebrata;Gnathostomata;Teleostomi;Euteleostomi;Actinopterygii;Actinopteri;Neopterygii;Teleostei;Osteoglossocephalai;Clupeocephala;Euteleosteomorpha;Neoteleostei;Eurypterygia;Ctenosquamata;Acanthomorphata;Euacanthomorphacea;Percomorphaceae;Ovalentaria;Atherinomorphae;Cyprinodontiformes;Cyprinodontoidei;Poeciliidae;Poeciliinae;Poeciliopsis;Poeciliopsis prolifica,1,541,764,1304
222,blade,AF-A0A815HH47-F1-model_v6,1.0,1.54e-39,392033.0,cellular organisms;Eukaryota;Opisthokonta;Metazoa;Eumetazoa;Bilateria;Protostomia;Spiralia;Gnathifera;Rotifera;Eurotatoria;Bdelloidea;Philodinida;Philodinidae;Rotaria;Rotaria sordida,1,1011,2,1068
223,blade,AF-A0A7S0DLK8-F1-model_v6,1.0,0.000123,1561963.0,cellular organisms;Eukaryota;Sar;Rhizaria;Cercozoa;Chlorarachniophyceae;Amorphochlora;Amorphochlora amoebiformis,469,1002,335,891
224,blade,AF-A0A817GSN5-F1-model_v6,1.0,2.18e-15,2762512.0,cellular organisms;Eukaryota;Opisthokonta;Metazoa;Eumetazoa;Bilateria;Protostomia;Spiralia;Gnathifera;Rotifera;Eurotatoria;Bdelloidea;Philodinida;Philodinidae;Rotaria;unclassified Rotaria;Rotaria sp. Silwood2,50,682,557,1302
225,blade,AF-A0A0V0ZU08-F1-model_v6,1.0,2.24e-19,990121.0,cellular organisms;Eukaryota;Opisthokonta;Metazoa;Eumetazoa;Bilateria;Protostomia;Ecdysozoa;Nematoda;Enoplea;Dorylaimia;Trichinellida;Trichinellidae;Trichinella;Trichinella patagoniensis,2,465,845,1304
226,blade,AF-V3ZF50-F1-model_v6,1.0,8.169999999999999e-55,225164.0,cellular organisms;Eukaryota;Opisthokonta;Metazoa;Eumetazoa;Bilateria;Protostomia;Spiralia;Lophotrochozoa;Mollusca;Gastropoda;Patellogastropoda;Lottioidea;Lottiidae;Lottia;Lottia gigantea,2,971,208,1304
227,blade,AF-A0A672R5R8-F1-model_v6,1.0,1.41e-59,75366.0,cellular organisms;Eukaryota;Opisthokonta;Metazoa;Eumetazoa;Bilateria;Deuterostomia;Chordata;Craniata;Vertebrata;Gnathostomata;Teleostomi;Euteleostomi;Actinopterygii;Actinopteri;Neopterygii;Teleostei;Osteoglossocephalai;Clupeocephala;Otomorpha;Ostariophysi;Otophysi;Cypriniphysae;Cypriniformes;Cyprinoidei;Cyprinidae;Cyprininae;Sinocyclocheilus;Sinocyclocheilus grahami,17,977,286,1304
228,blade,AF-A0A820RJX2-F1-model_v6,1.0,1.78e-16,2762512.0,cellular organisms;Eukaryota;Opisthokonta;Metazoa;Eumetazoa;Bilateria;Protostomia;Spiralia;Gnathifera;Rotifera;Eurotatoria;Bdelloidea;Philodinida;Philodinidae;Rotaria;unclassified Rotaria;Rotaria sp. Silwood2,440,992,652,1197
229,blade,AF-A0A813RPE4-F1-model_v6,1.0,6.29e-34,104777.0,cellular organisms;Eukaryota;Opisthokonta;Metazoa;Eumetazoa;Bilateria;Protostomia;Spiralia;Gnathifera;Rotifera;Eurotatoria;Monogononta;Pseudotrocha;Ploima;Brachionidae;Brachionus;Brachionus calyciflorus,72,990,3,887
230,blade,AF-A0A914LGH4-F1-model_v6,1.0,0.00348,6306.0,cellular organisms;Eukaryota;Opisthokonta;Metazoa;Eumetazoa;Bilateria;Protostomia;Ecdysozoa;Nematoda;Chromadorea;Rhabditida;Tylenchina;Tylenchomorpha;Tylenchoidea;Meloidogynidae;Meloidogyninae;Meloidogyne;Meloidogyne incognita group;Meloidogyne incognita,2,169,1152,1304
231,blade,AF-A0A8S2PEM8-F1-model_v6,1.0,4.97e-18,1234261.0,cellular organisms;Eukaryota;Opisthokonta;Metazoa;Eumetazoa;Bilateria;Protostomia;Spiralia;Gnathifera;Rotifera;Eurotatoria;Bdelloidea;Philodinida;Philodinidae;Didymodactylos;Didymodactylos carnosus,1,596,667,1304
232,blade,AF-A0A3P7U3X9-F1-model_v6,1.0,9.67e-07,42155.0,cellular organisms;Eukaryota;Opisthokonta;Metazoa;Eumetazoa;Bilateria;Protostomia;Ecdysozoa;Nematoda;Chromadorea;Rhabditida;Spirurina;Spiruromorpha;Filarioidea;Onchocercidae;Brugia;Brugia timori,2,238,1077,1304
233,blade,AF-A0A7E4ZUG3-F1-model_v6,1.0,1.68e-36,6233.0,cellular organisms;Eukaryota;Opisthokonta;Metazoa;Eumetazoa;Bilateria;Protostomia;Ecdysozoa;Nematoda;Chromadorea;Rhabditida;Tylenchina;Panagrolaimomorpha;Panagrolaimoidea;Panagrolaimidae;Panagrellus;Panagrellus redivivus,32,904,402,1304
234,blade,AF-A0A7J8RVE4-F1-model_v6,1.0,4.2e-07,34287.0,cellular organisms;Eukaryota;Viridiplantae;Streptophyta;Streptophytina;Embryophyta;Tracheophyta;Euphyllophyta;Spermatophyta;Magnoliopsida;Mesangiospermae;eudicotyledons;Gunneridae;Pentapetalae;rosids;malvids;Malvales;Malvaceae;Malvoideae;Gossypium;Gossypium davidsonii,1,937,165,1057
235,blade,AF-A0A401SAX8-F1-model_v6,1.0,2.24e-49,137246.0,cellular organisms;Eukaryota;Opisthokonta;Metazoa;Eumetazoa;Bilateria;Deuterostomia;Chordata;Craniata;Vertebrata;Gnathostomata;Chondrichthyes;Elasmobranchii;Selachii;Galeomorphii;Galeoidea;Orectolobiformes;Hemiscylliidae;Chiloscyllium;Chiloscyllium punctatum,4,971,96,999
236,blade,AF-A0A158QCP8-F1-model_v6,1.0,5.4199999999999996e-30,6216.0,cellular organisms;Eukaryota;Opisthokonta;Metazoa;Eumetazoa;Bilateria;Protostomia;Spiralia;Lophotrochozoa;Platyhelminthes;Cestoda;Eucestoda;Cyclophyllidea;Hymenolepididae;Hymenolepis;Hymenolepis diminuta,2,949,114,961
237,blade,AF-A0A183K0Y5-F1-model_v6,1.0,1.91e-18,6186.0,cellular organisms;Eukaryota;Opisthokonta;Metazoa;Eumetazoa;Bilateria;Protostomia;Spiralia;Lophotrochozoa;Platyhelminthes;Trematoda;Digenea;Strigeidida;Schistosomatoidea;Schistosomatidae;Schistosoma;Schistosoma curassoni,2,927,28,998
238,blade,AF-A0A498LN81-F1-model_v6,1.0,3.8399999999999995e-40,84645.0,cellular organisms;Eukaryota;Opisthokonta;Metazoa;Eumetazoa;Bilateria;Deuterostomia;Chordata;Craniata;Vertebrata;Gnathostomata;Teleostomi;Euteleostomi;Actinopterygii;Actinopteri;Neopterygii;Teleostei;Osteoglossocephalai;Clupeocephala;Otomorpha;Ostariophysi;Otophysi;Cypriniphysae;Cypriniformes;Cyprinoidei;Cyprinidae;Labeoninae;Labeonini;Labeo;Labeo rohita,3,949,14,1304
239,blade,AF-A0A8R7TVF6-F1-model_v6,1.0,3.15e-10,4572.0,cellular organisms;Eukaryota;Viridiplantae;Streptophyta;Streptophytina;Embryophyta;Tracheophyta;Euphyllophyta;Spermatophyta;Magnoliopsida;Mesangiospermae;Liliopsida;Petrosaviidae;commelinids;Poales;Poaceae;BOP clade;Pooideae;Triticodae;Triticeae;Triticinae;Triticum;Triticum urartu,32,911,4,1127
240,blade,AF-A0A4W5RTC8-F1-model_v6,1.0,4.08e-47,62062.0,cellular organisms;Eukaryota;Opisthokonta;Metazoa;Eumetazoa;Bilateria;Deuterostomia;Chordata;Craniata;Vertebrata;Gnathostomata;Teleostomi;Euteleostomi;Actinopterygii;Actinopteri;Neopterygii;Teleostei;Osteoglossocephalai;Clupeocephala;Euteleosteomorpha;Protacanthopterygii;Salmoniformes;Salmonidae;Salmoninae;Hucho;Hucho hucho,7,938,54,1304
241,blade,AF-A0A1I8ILG3-F1-model_v6,1.0,1.8700000000000003e-27,282301.0,cellular organisms;Eukaryota;Opisthokonta;Metazoa;Eumetazoa;Bilateria;Protostomia;Spiralia;Lophotrochozoa;Platyhelminthes;Rhabditophora;Macrostomorpha;Macrostomida;Macrostomidae;Macrostomum;Macrostomum lignano,2,964,1,1101
242,blade,AF-A0A444UXD5-F1-model_v6,1.0,1.84e-18,7906.0,cellular organisms;Eukaryota;Opisthokonta;Metazoa;Eumetazoa;Bilateria;Deuterostomia;Chordata;Craniata;Vertebrata;Gnathostomata;Teleostomi;Euteleostomi;Actinopterygii;Actinopteri;Chondrostei;Acipenseriformes;Acipenseroidei;Acipenseridae;Acipenserinae;Acipenserini;Acipenser;Acipenser ruthenus,16,331,977,1304
243,blade,AF-A0A087T591-F1-model_v6,1.0,9.58e-40,407821.0,cellular organisms;Eukaryota;Opisthokonta;Metazoa;Eumetazoa;Bilateria;Protostomia;Ecdysozoa;Panarthropoda;Arthropoda;Chelicerata;Arachnida;Araneae;Araneomorphae;Entelegynae;Eresoidea;Eresidae;Stegodyphus;Stegodyphus mimosarum,1,955,1,929
244,blade,AF-A0AAF3EMF3-F1-model_v6,1.0,2.83e-06,2138241.0,cellular organisms;Eukaryota;Opisthokonta;Metazoa;Eumetazoa;Bilateria;Protostomia;Ecdysozoa;Nematoda;Chromadorea;Rhabditida;Rhabditina;Rhabditomorpha;Rhabditoidea;Rhabditidae;Mesorhabditinae;Mesorhabditis;Mesorhabditis belari,4,244,1087,1304
245,blade,AF-A0A6V7MAV2-F1-model_v6,1.0,3.81e-43,1563983.0,cellular organisms;Eukaryota;Opisthokonta;Metazoa;Eumetazoa;Bilateria;Protostomia;Ecdysozoa;Panarthropoda;Arthropoda;Mandibulata;Pancrustacea;Hexapoda;Insecta;Dicondylia;Pterygota;Neoptera;Endopterygota;Hymenoptera;Apocrita;Ichneumonoidea;Braconidae;Braconinae;Bracon;Bracon brevicornis,1,877,400,1304
246,blade,AF-A0AA36C590-F1-model_v6,1.0,4.52e-24,96644.0,cellular organisms;Eukaryota;Opisthokonta;Metazoa;Eumetazoa;Bilateria;Protostomia;Ecdysozoa;Nematoda;Chromadorea;Rhabditida;Rhabditina;Rhabditomorpha;Rhabditoidea;Rhabditidae;Mesorhabditinae;Mesorhabditis;Mesorhabditis spiculigera,5,886,5,962
247,blade,AF-A0A812QCM1-F1-model_v6,1.0,0.000477,631055.0,cellular organisms;Eukaryota;Sar;Alveolata;Dinophyceae;Suessiales;Symbiodiniaceae;Symbiodinium;unclassified Symbiodinium;Symbiodinium sp. CCMP2592,44,560,757,1304
248,blade,AF-A0A8S2MGE7-F1-model_v6,1.0,1.18e-35,1234261.0,cellular organisms;Eukaryota;Opisthokonta;Metazoa;Eumetazoa;Bilateria;Protostomia;Spiralia;Gnathifera;Rotifera;Eurotatoria;Bdelloidea;Philodinida;Philodinidae;Didymodactylos;Didymodactylos carnosus,24,930,1,957
249,blade,AF-A0A0V0VEE4-F1-model_v6,1.0,3.2500000000000004e-43,181606.0,cellular organisms;Eukaryota;Opisthokonta;Metazoa;Eumetazoa;Bilateria;Protostomia;Ecdysozoa;Nematoda;Enoplea;Dorylaimia;Trichinellida;Trichinellidae;Trichinella;unclassified Trichinella;Trichinella sp. T9,63,923,386,1304
250,blade,AF-A0A183H1L2-F1-model_v6,1.0,1.02e-15,387005.0,cellular organisms;Eukaryota;Opisthokonta;Metazoa;Eumetazoa;Bilateria;Protostomia;Ecdysozoa;Nematoda;Chromadorea;Rhabditida;Spirurina;Spiruromorpha;Filarioidea;Onchocercidae;Onchocerca;Onchocerca flexuosa,1,803,179,1304
251,blade,AF-A0AAD3R0R7-F1-model_v6,1.0,4.2200000000000004e-35,270547.0,cellular organisms;Eukaryota;Opisthokonta;Metazoa;Eumetazoa;Bilateria;Deuterostomia;Chordata;Craniata;Vertebrata;Gnathostomata;Teleostomi;Euteleostomi;Actinopterygii;Actinopteri;Neopterygii;Teleostei;Osteoglossocephalai;Clupeocephala;Euteleosteomorpha;Neoteleostei;Eurypterygia;Ctenosquamata;Acanthomorphata;Euacanthomorphacea;Percomorphaceae;Carangaria;Carangaria incertae sedis;Centropomidae;Lates;Lates japonicus,1,916,1,777
252,blade,AF-A0A7S1J956-F1-model_v6,1.0,3.5e-15,73025.0,cellular organisms;Eukaryota;Discoba;Euglenozoa;Euglenida;Spirocuta;Euglenophyceae;Eutreptiales;Eutreptiaceae;Eutreptiella;Eutreptiella gymnastica,9,853,382,1299
253,blade,AF-A0A7J6HLB8-F1-model_v6,1.0,5.56e-06,3483.0,cellular organisms;Eukaryota;Viridiplantae;Streptophyta;Streptophytina;Embryophyta;Tracheophyta;Euphyllophyta;Spermatophyta;Magnoliopsida;Mesangiospermae;eudicotyledons;Gunneridae;Pentapetalae;rosids;fabids;Rosales;Cannabaceae;Cannabis;Cannabis sativa,37,906,29,1068
254,blade,AF-A0A2P4XYM3-F1-model_v6,1.0,4.31e-12,4796.0,cellular organisms;Eukaryota;Sar;Stramenopiles;Oomycota;Peronosporomycetes;Peronosporales;Peronosporaceae;Phytophthora;Phytophthora palmivora,68,912,1,945
255,blade,AF-A0AAD4YFY2-F1-model_v6,1.0,1.16e-27,230172.0,cellular organisms;Eukaryota;Opisthokonta;Metazoa;Eumetazoa;Bilateria;Deuterostomia;Chordata;Craniata;Vertebrata;Gnathostomata;Teleostomi;Euteleostomi;Sarcopterygii;Dipnotetrapodomorpha;Tetrapoda;Amniota;Mammalia;Theria;Eutheria;Boreoeutheria;Laurasiatheria;Artiodactyla;Ruminantia;Pecora;Bovidae;Caprinae;Ovis;Ovis ammon;Ovis ammon polii,56,923,4,1186
256,blade,AF-A0A817HKZ7-F1-model_v6,1.0,3.41e-10,2762512.0,cellular organisms;Eukaryota;Opisthokonta;Metazoa;Eumetazoa;Bilateria;Protostomia;Spiralia;Gnathifera;Rotifera;Eurotatoria;Bdelloidea;Philodinida;Philodinidae;Rotaria;unclassified Rotaria;Rotaria sp. Silwood2,35,491,535,1067
257,blade,AF-A0A0A1TXS4-F1-model_v6,1.0,0.000423,370355.0,cellular organisms;Eukaryota;Amoebozoa;Evosea;Archamoebae;Mastigamoebida;Entamoebidae;Entamoeba;Entamoeba invadens;Entamoeba invadens IP1,5,886,1,875
258,blade,AF-A0A2J7R0H1-F1-model_v6,1.0,2.6000000000000002e-37,105785.0,cellular organisms;Eukaryota;Opisthokonta;Metazoa;Eumetazoa;Bilateria;Protostomia;Ecdysozoa;Panarthropoda;Arthropoda;Mandibulata;Pancrustacea;Hexapoda;Insecta;Dicondylia;Pterygota;Neoptera;Polyneoptera;Dictyoptera;Blattodea;Blattoidea;Termitoidae;Kalotermitidae;Cryptotermitinae;Cryptotermes;Cryptotermes secundus,5,906,47,998
259,blade,AF-A0A401T3H2-F1-model_v6,1.0,3.68e-41,137246.0,cellular organisms;Eukaryota;Opisthokonta;Metazoa;Eumetazoa;Bilateria;Deuterostomia;Chordata;Craniata;Vertebrata;Gnathostomata;Chondrichthyes;Elasmobranchii;Selachii;Galeomorphii;Galeoidea;Orectolobiformes;Hemiscylliidae;Chiloscyllium;Chiloscyllium punctatum,6,863,301,1304
260,blade,AF-A0A8J2Q803-F1-model_v6,1.0,5.84e-32,2874296.0,cellular organisms;Eukaryota;Opisthokonta;Metazoa;Eumetazoa;Bilateria;Protostomia;Ecdysozoa;Nematoda;Chromadorea;Rhabditida;Spirurina;Spiruromorpha;Filarioidea;Onchocercidae;Cercopithifilaria;Cercopithifilaria johnstoni,1,908,1,996
261,blade,AF-A0A915E435-F1-model_v6,1.0,3.27e-26,166011.0,cellular organisms;Eukaryota;Opisthokonta;Metazoa;Eumetazoa;Bilateria;Protostomia;Ecdysozoa;Nematoda;Chromadorea;Rhabditida;Tylenchina;Tylenchomorpha;Sphaerularioidea;Anguinidae;Anguininae;Ditylenchus;Ditylenchus dipsaci,103,892,399,1247
262,blade,AF-A0A817EAU4-F1-model_v6,1.0,4.2699999999999995e-30,2762512.0,cellular organisms;Eukaryota;Opisthokonta;Metazoa;Eumetazoa;Bilateria;Protostomia;Spiralia;Gnathifera;Rotifera;Eurotatoria;Bdelloidea;Philodinida;Philodinidae;Rotaria;unclassified Rotaria;Rotaria sp. Silwood2,1,902,2,1265
263,blade,AF-A0A6G1RCQ3-F1-model_v6,1.0,2.58e-41,2861861.0,cellular organisms;Eukaryota;Opisthokonta;Metazoa;Eumetazoa;Bilateria;Deuterostomia;Chordata;Craniata;Vertebrata;Gnathostomata;Teleostomi;Euteleostomi;Sarcopterygii;Dipnotetrapodomorpha;Tetrapoda;Amniota;Sauropsida;Sauria;Archelosauria;Archosauria;Dinosauria;Saurischia;Theropoda;Coelurosauria;Aves;Neognathae;Neoaves;Gruiformes;Rallidae;Hypotaenidia;Hypotaenidia okinawae,1,532,772,1304
264,blade,6bpz-assembly1_A,1.0,4.92e-05,10090.0,cellular organisms;Eukaryota;Opisthokonta;Metazoa;Eumetazoa;Bilateria;Deuterostomia;Chordata;Craniata;Vertebrata;Gnathostomata;Teleostomi;Euteleostomi;Sarcopterygii;Dipnotetrapodomorpha;Tetrapoda;Amniota;Mammalia;Theria;Eutheria;Boreoeutheria;Euarchontoglires;Glires;Rodentia;Myomorpha;Muroidea;Muridae;Murinae;Mus;Mus;Mus musculus,1,116,1142,1304
265,blade,AF-A0A653DWX2-F1-model_v6,1.0,1.04e-38,64391.0,cellular organisms;Eukaryota;Opisthokonta;Metazoa;Eumetazoa;Bilateria;Protostomia;Ecdysozoa;Panarthropoda;Arthropoda;Mandibulata;Pancrustacea;Hexapoda;Insecta;Dicondylia;Pterygota;Neoptera;Endopterygota;Coleoptera;Polyphaga;Cucujiformia;Chrysomeloidea;Chrysomelidae;Bruchinae;Bruchini;Callosobruchus;Callosobruchus maculatus,2,771,526,1304
266,blade,AF-A0A8C4R4T6-F1-model_v6,1.0,1.23e-34,7764.0,cellular organisms;Eukaryota;Opisthokonta;Metazoa;Eumetazoa;Bilateria;Deuterostomia;Chordata;Craniata;Vertebrata;Cyclostomata;Myxini;Myxiniformes;Myxinidae;Eptatretinae;Eptatretus;Eptatretus burgeri,1,859,1,777
267,blade,AF-A0A183T6D2-F1-model_v6,1.0,3.7e-24,70667.0,cellular organisms;Eukaryota;Opisthokonta;Metazoa;Eumetazoa;Bilateria;Protostomia;Spiralia;Lophotrochozoa;Platyhelminthes;Cestoda;Eucestoda;Diphyllobothriidea;Diphyllobothriidae;Schistocephalus;Schistocephalus solidus,34,890,110,712
268,blade,AF-Q4RWW2-F1-model_v6,1.0,4.2399999999999996e-48,99883.0,cellular organisms;Eukaryota;Opisthokonta;Metazoa;Eumetazoa;Bilateria;Deuterostomia;Chordata;Craniata;Vertebrata;Gnathostomata;Teleostomi;Euteleostomi;Actinopterygii;Actinopteri;Neopterygii;Teleostei;Osteoglossocephalai;Clupeocephala;Euteleosteomorpha;Neoteleostei;Eurypterygia;Ctenosquamata;Acanthomorphata;Euacanthomorphacea;Percomorphaceae;Eupercaria;Tetraodontiformes;Tetraodontoidei;Tetradontoidea;Tetraodontidae;Tetraodon;Tetraodon nigroviridis,2,812,521,1304
269,blade,AF-A0A7R9AWQ2-F1-model_v6,1.0,4.31e-27,629360.0,cellular organisms;Eukaryota;Opisthokonta;Metazoa;Eumetazoa;Bilateria;Protostomia;Ecdysozoa;Panarthropoda;Arthropoda;Mandibulata;Pancrustacea;Hexapoda;Insecta;Dicondylia;Pterygota;Neoptera;Polyneoptera;Phasmatodea;Timematodea;Timematoidea;Timematidae;Timema;Timema shepardi,1,715,384,1065
270,blade,AF-A0AAV2APG7-F1-model_v6,1.0,2.4899999999999998e-39,280406.0,cellular organisms;Eukaryota;Opisthokonta;Metazoa;Eumetazoa;Bilateria;Protostomia;Ecdysozoa;Panarthropoda;Arthropoda;Chelicerata;Arachnida;Araneae;Araneomorphae;Entelegynae;Orbiculariae;Araneoidea;Araneidae;Larinioides;Larinioides sclopetarius,27,885,335,1153
271,blade,AF-A0A914GN85-F1-model_v6,1.0,3.44e-22,591445.0,cellular organisms;Eukaryota;Opisthokonta;Metazoa;Eumetazoa;Bilateria;Protostomia;Ecdysozoa;Nematoda;Chromadorea;Rhabditida;Tylenchina;Panagrolaimomorpha;Panagrolaimoidea;Panagrolaimidae;Panagrolaimus;unclassified Panagrolaimus;Panagrolaimus sp. ES5,1,874,1,1041
272,blade,AF-A0A060WVG4-F1-model_v6,1.0,2.83e-35,8022.0,cellular organisms;Eukaryota;Opisthokonta;Metazoa;Eumetazoa;Bilateria;Deuterostomia;Chordata;Craniata;Vertebrata;Gnathostomata;Teleostomi;Euteleostomi;Actinopterygii;Actinopteri;Neopterygii;Teleostei;Osteoglossocephalai;Clupeocephala;Euteleosteomorpha;Protacanthopterygii;Salmoniformes;Salmonidae;Salmoninae;Oncorhynchus;Oncorhynchus mykiss,14,641,140,780
273,blade,AF-A0A9P3JI08-F1-model_v6,1.0,0.00184,2019903.0,cellular organisms;Eukaryota;Viridiplantae;Streptophyta;Streptophytina;Zygnematophyceae;Zygnematophycidae;Desmidiales;Closteriaceae;Closterium;Closterium peracerosum-strigosum-littorale complex;unclassified Closterium peracerosum-strigosum-littorale complex;Closterium sp. NIES-68,3,739,319,962
274,blade,AF-A0A7S1JBW4-F1-model_v6,1.0,0.00011,73025.0,cellular organisms;Eukaryota;Discoba;Euglenozoa;Euglenida;Spirocuta;Euglenophyceae;Eutreptiales;Eutreptiaceae;Eutreptiella;Eutreptiella gymnastica,5,528,743,1304
275,blade,AF-A0A0P8XZA1-F1-model_v6,1.0,6.55e-34,7217.0,cellular organisms;Eukaryota;Opisthokonta;Metazoa;Eumetazoa;Bilateria;Protostomia;Ecdysozoa;Panarthropoda;Arthropoda;Mandibulata;Pancrustacea;Hexapoda;Insecta;Dicondylia;Pterygota;Neoptera;Endopterygota;Diptera;Brachycera;Muscomorpha;Eremoneura;Cyclorrhapha;Schizophora;Acalyptratae;Ephydroidea;Drosophilidae;Drosophilinae;Drosophilini;Drosophila;Sophophora;melanogaster group;ananassae subgroup;ananassae species complex;Drosophila ananassae,2,846,431,1304
276,blade,AF-A0A182G146-F1-model_v6,1.0,1.9000000000000002e-36,7160.0,cellular organisms;Eukaryota;Opisthokonta;Metazoa;Eumetazoa;Bilateria;Protostomia;Ecdysozoa;Panarthropoda;Arthropoda;Mandibulata;Pancrustacea;Hexapoda;Insecta;Dicondylia;Pterygota;Neoptera;Endopterygota;Diptera;Nematocera;Culicomorpha;Culicoidea;Culicidae;Culicinae;Aedini;Aedes;Stegomyia;Aedes albopictus,2,844,438,1304
277,blade,AF-G0NWW3-F1-model_v6,1.0,6.02e-21,135651.0,cellular organisms;Eukaryota;Opisthokonta;Metazoa;Eumetazoa;Bilateria;Protostomia;Ecdysozoa;Nematoda;Chromadorea;Rhabditida;Rhabditina;Rhabditomorpha;Rhabditoidea;Rhabditidae;Peloderinae;Caenorhabditis;Caenorhabditis brenneri,28,860,11,774
278,blade,AF-A0A314UCB2-F1-model_v6,1.0,1.97e-08,2094558.0,cellular organisms;Eukaryota;Viridiplantae;Streptophyta;Streptophytina;Embryophyta;Tracheophyta;Euphyllophyta;Spermatophyta;Magnoliopsida;Mesangiospermae;eudicotyledons;Gunneridae;Pentapetalae;rosids;fabids;Rosales;Rosaceae;Amygdaloideae;Amygdaleae;Prunus;Prunus yedoensis;Prunus yedoensis var. nudiflora,2,676,7,802
279,blade,AF-A0AAD6NQV9-F1-model_v6,1.0,0.0309,889485.0,cellular organisms;Eukaryota;Viridiplantae;Streptophyta;Streptophytina;Embryophyta;Tracheophyta;Euphyllophyta;Spermatophyta;Magnoliopsida;Mesangiospermae;eudicotyledons;Gunneridae;Pentapetalae;rosids;fabids;Malpighiales;Salicaceae;Saliceae;Salix;Salix udensis,3,703,7,572
280,blade,AF-A0A1S3M1P2-F1-model_v6,1.0,1.57e-34,8030.0,cellular organisms;Eukaryota;Opisthokonta;Metazoa;Eumetazoa;Bilateria;Deuterostomia;Chordata;Craniata;Vertebrata;Gnathostomata;Teleostomi;Euteleostomi;Actinopterygii;Actinopteri;Neopterygii;Teleostei;Osteoglossocephalai;Clupeocephala;Euteleosteomorpha;Protacanthopterygii;Salmoniformes;Salmonidae;Salmoninae;Salmo;Salmo salar,2,850,303,987
281,blade,AF-A0A0B2VM07-F1-model_v6,1.0,2.9e-12,6265.0,cellular organisms;Eukaryota;Opisthokonta;Metazoa;Eumetazoa;Bilateria;Protostomia;Ecdysozoa;Nematoda;Chromadorea;Rhabditida;Spirurina;Ascaridomorpha;Ascaridoidea;Toxocaridae;Toxocara;Toxocara canis,7,709,198,1304
282,blade,AF-A0A5J4XG18-F1-model_v6,1.0,0.0562,2608996.0,cellular organisms;Eukaryota;Viridiplantae;Chlorophyta;core chlorophytes;Trebouxiophyceae;Trebouxiales;Trebouxiaceae;Trebouxia;unclassified Trebouxia;Trebouxia sp. A1-2,36,382,980,1304
283,blade,AF-E3NQL2-F1-model_v6,1.0,1.5000000000000001e-21,31234.0,cellular organisms;Eukaryota;Opisthokonta;Metazoa;Eumetazoa;Bilateria;Protostomia;Ecdysozoa;Nematoda;Chromadorea;Rhabditida;Rhabditina;Rhabditomorpha;Rhabditoidea;Rhabditidae;Peloderinae;Caenorhabditis;Caenorhabditis remanei,142,723,710,1304
284,blade,AF-A0A653DFQ5-F1-model_v6,1.0,9.98e-25,64391.0,cellular organisms;Eukaryota;Opisthokonta;Metazoa;Eumetazoa;Bilateria;Protostomia;Ecdysozoa;Panarthropoda;Arthropoda;Mandibulata;Pancrustacea;Hexapoda;Insecta;Dicondylia;Pterygota;Neoptera;Endopterygota;Coleoptera;Polyphaga;Cucujiformia;Chrysomeloidea;Chrysomelidae;Bruchinae;Bruchini;Callosobruchus;Callosobruchus maculatus,1,843,1,967
285,blade,AF-A0A0L7KQS8-F1-model_v6,1.0,2.03e-26,104452.0,cellular organisms;Eukaryota;Opisthokonta;Metazoa;Eumetazoa;Bilateria;Protostomia;Ecdysozoa;Panarthropoda;Arthropoda;Mandibulata;Pancrustacea;Hexapoda;Insecta;Dicondylia;Pterygota;Neoptera;Endopterygota;Amphiesmenoptera;Lepidoptera;Glossata;Neolepidoptera;Heteroneura;Ditrysia;Obtectomera;Geometroidea;Geometridae;Larentiinae;Operophtera;Operophtera brumata,1,838,55,1212
286,blade,AF-A0A8J8P9Q6-F1-model_v6,1.0,0.00145,5974.0,cellular organisms;Eukaryota;Sar;Alveolata;Ciliophora;Intramacronucleata;Spirotrichea;Stichotrichia;Sporadotrichida;Halteriidae;Halteria;Halteria grandinella,22,742,559,1302
287,blade,AF-A0A8S2QNQ3-F1-model_v6,1.0,1.59e-12,1234261.0,cellular organisms;Eukaryota;Opisthokonta;Metazoa;Eumetazoa;Bilateria;Protostomia;Spiralia;Gnathifera;Rotifera;Eurotatoria;Bdelloidea;Philodinida;Philodinidae;Didymodactylos;Didymodactylos carnosus,5,393,967,1304
288,blade,AF-A0A820JUF7-F1-model_v6,1.0,5.63e-16,392032.0,cellular organisms;Eukaryota;Opisthokonta;Metazoa;Eumetazoa;Bilateria;Protostomia;Spiralia;Gnathifera;Rotifera;Eurotatoria;Bdelloidea;Philodinida;Philodinidae;Rotaria;Rotaria socialis,93,794,2,708
289,blade,AF-A0ABD0WTF1-F1-model_v6,1.0,1.62e-35,75934.0,cellular organisms;Eukaryota;Opisthokonta;Metazoa;Eumetazoa;Bilateria;Deuterostomia;Chordata;Craniata;Vertebrata;Gnathostomata;Teleostomi;Euteleostomi;Actinopterygii;Actinopteri;Neopterygii;Teleostei;Osteoglossocephalai;Clupeocephala;Euteleosteomorpha;Protacanthopterygii;Esociformes;Umbridae;Umbra;Umbra pygmaea,1,812,1,712
290,blade,AF-A0AAV9R8A6-F1-model_v6,1.0,2.4e-53,28760.0,cellular organisms;Eukaryota;Opisthokonta;Metazoa;Eumetazoa;Bilateria;Deuterostomia;Chordata;Craniata;Vertebrata;Gnathostomata;Teleostomi;Euteleostomi;Actinopterygii;Actinopteri;Neopterygii;Teleostei;Osteoglossocephalai;Clupeocephala;Euteleosteomorpha;Neoteleostei;Eurypterygia;Ctenosquamata;Acanthomorphata;Euacanthomorphacea;Percomorphaceae;Ovalentaria;Atherinomorphae;Cyprinodontiformes;Cyprinodontoidei;Goodeidae;Crenichthys;Crenichthys baileyi,1,827,1,832
291,blade,AF-A0A0K0FWJ2-F1-model_v6,1.0,1.09e-22,75913.0,cellular organisms;Eukaryota;Opisthokonta;Metazoa;Eumetazoa;Bilateria;Protostomia;Ecdysozoa;Nematoda;Chromadorea;Rhabditida;Tylenchina;Panagrolaimomorpha;Strongyloidoidea;Strongyloididae;Strongyloides;Strongyloides venezuelensis,27,827,172,934
292,blade,AF-A0A821T6Y7-F1-model_v6,1.0,2.42e-34,392032.0,cellular organisms;Eukaryota;Opisthokonta;Metazoa;Eumetazoa;Bilateria;Protostomia;Spiralia;Gnathifera;Rotifera;Eurotatoria;Bdelloidea;Philodinida;Philodinidae;Rotaria;Rotaria socialis,1,755,548,1304
293,blade,AF-A0A267FZ22-F1-model_v6,1.0,1.8199999999999997e-23,282301.0,cellular organisms;Eukaryota;Opisthokonta;Metazoa;Eumetazoa;Bilateria;Protostomia;Spiralia;Lophotrochozoa;Platyhelminthes;Rhabditophora;Macrostomorpha;Macrostomida;Macrostomidae;Macrostomum;Macrostomum lignano,5,806,4,782
294,blade,AF-N6TAG7-F1-model_v6,1.0,6.81e-19,77166.0,cellular organisms;Eukaryota;Opisthokonta;Metazoa;Eumetazoa;Bilateria;Protostomia;Ecdysozoa;Panarthropoda;Arthropoda;Mandibulata;Pancrustacea;Hexapoda;Insecta;Dicondylia;Pterygota;Neoptera;Endopterygota;Coleoptera;Polyphaga;Cucujiformia;Curculionoidea;Curculionidae;Scolytinae;Dendroctonus;Dendroctonus ponderosae,1,581,578,1304
295,blade,AF-A0A915ALZ1-F1-model_v6,1.0,5.44e-14,6257.0,cellular organisms;Eukaryota;Opisthokonta;Metazoa;Eumetazoa;Bilateria;Protostomia;Ecdysozoa;Nematoda;Chromadorea;Rhabditida;Spirurina;Ascaridomorpha;Ascaridoidea;Ascarididae;Parascaris;Parascaris univalens,1,637,557,1304
296,blade,AF-A0A183LV05-F1-model_v6,1.0,1.09e-19,48269.0,cellular organisms;Eukaryota;Opisthokonta;Metazoa;Eumetazoa;Bilateria;Protostomia;Spiralia;Lophotrochozoa;Platyhelminthes;Trematoda;Digenea;Strigeidida;Schistosomatoidea;Schistosomatidae;Schistosoma;Schistosoma margrebowiei,171,810,335,941
297,blade,AF-A0A183TW26-F1-model_v6,1.0,2.35e-31,6265.0,cellular organisms;Eukaryota;Opisthokonta;Metazoa;Eumetazoa;Bilateria;Protostomia;Ecdysozoa;Nematoda;Chromadorea;Rhabditida;Spirurina;Ascaridomorpha;Ascaridoidea;Toxocaridae;Toxocara;Toxocara canis,5,813,335,1221
298,blade,AF-A0A7R9AX44-F1-model_v6,1.0,5.51e-09,629360.0,cellular organisms;Eukaryota;Opisthokonta;Metazoa;Eumetazoa;Bilateria;Protostomia;Ecdysozoa;Panarthropoda;Arthropoda;Mandibulata;Pancrustacea;Hexapoda;Insecta;Dicondylia;Pterygota;Neoptera;Polyneoptera;Phasmatodea;Timematodea;Timematoidea;Timematidae;Timema;Timema shepardi,3,760,15,558
299,blade,AF-A0A9Q0DTG6-F1-model_v6,1.0,6.36e-15,630683.0,cellular organisms;Eukaryota;Opisthokonta;Metazoa;Eumetazoa;Bilateria;Deuterostomia;Chordata;Craniata;Vertebrata;Gnathostomata;Teleostomi;Euteleostomi;Actinopterygii;Actinopteri;Neopterygii;Teleostei;Osteoglossocephalai;Clupeocephala;Euteleosteomorpha;Neoteleostei;Eurypterygia;Ctenosquamata;Acanthomorphata;Paracanthopterygii;Zeiogadaria;Gadariae;Gadiformes;Muraenolepidoidei;Muraenolepididae;Muraenolepis;Muraenolepis orangiensis,267,786,26,568
300,blade,AF-A0A8S2P9Z6-F1-model_v6,1.0,1.35e-15,392030.0,cellular organisms;Eukaryota;Opisthokonta;Metazoa;Eumetazoa;Bilateria;Protostomia;Spiralia;Gnathifera;Rotifera;Eurotatoria;Bdelloidea;Philodinida;Philodinidae;Rotaria;Rotaria magnacalcarata,28,770,31,872
301,blade,AF-A0AAD3M1G6-F1-model_v6,1.0,4.2200000000000004e-35,270547.0,cellular organisms;Eukaryota;Opisthokonta;Metazoa;Eumetazoa;Bilateria;Deuterostomia;Chordata;Craniata;Vertebrata;Gnathostomata;Teleostomi;Euteleostomi;Actinopterygii;Actinopteri;Neopterygii;Teleostei;Osteoglossocephalai;Clupeocephala;Euteleosteomorpha;Neoteleostei;Eurypterygia;Ctenosquamata;Acanthomorphata;Euacanthomorphacea;Percomorphaceae;Carangaria;Carangaria incertae sedis;Centropomidae;Lates;Lates japonicus,1,738,1,717
302,blade,AF-A0A9P0GMA9-F1-model_v6,1.0,3.49e-17,467358.0,cellular organisms;Eukaryota;Opisthokonta;Metazoa;Eumetazoa;Bilateria;Protostomia;Ecdysozoa;Panarthropoda;Arthropoda;Mandibulata;Pancrustacea;Hexapoda;Insecta;Dicondylia;Pterygota;Neoptera;Endopterygota;Coleoptera;Polyphaga;Cucujiformia;Curculionoidea;Curculionidae;Ceutorhynchinae;Ceutorhynchus;Ceutorhynchus assimilis,3,776,39,998
303,blade,AF-A0A3R6Z4T7-F1-model_v6,1.0,1.98e-06,112090.0,cellular organisms;Eukaryota;Sar;Stramenopiles;Oomycota;Saprolegniomycetes;Saprolegniales;Verrucalvaceae;Aphanomyces;Aphanomyces astaci,17,747,321,962
304,blade,AF-A0A060X2S1-F1-model_v6,1.0,8.05e-16,8022.0,cellular organisms;Eukaryota;Opisthokonta;Metazoa;Eumetazoa;Bilateria;Deuterostomia;Chordata;Craniata;Vertebrata;Gnathostomata;Teleostomi;Euteleostomi;Actinopterygii;Actinopteri;Neopterygii;Teleostei;Osteoglossocephalai;Clupeocephala;Euteleosteomorpha;Protacanthopterygii;Salmoniformes;Salmonidae;Salmoninae;Oncorhynchus;Oncorhynchus mykiss,2,264,1042,1304
305,blade,AF-B7PSR6-F1-model_v6,1.0,7.67e-34,6945.0,cellular organisms;Eukaryota;Opisthokonta;Metazoa;Eumetazoa;Bilateria;Protostomia;Ecdysozoa;Panarthropoda;Arthropoda;Chelicerata;Arachnida;Acari;Parasitiformes;Ixodida;Ixodoidea;Ixodidae;Ixodinae;Ixodes;Ixodes scapularis,1,766,562,1304
306,blade,AF-A0A0D8XKP2-F1-model_v6,1.0,1.89e-09,29172.0,cellular organisms;Eukaryota;Opisthokonta;Metazoa;Eumetazoa;Bilateria;Protostomia;Ecdysozoa;Nematoda;Chromadorea;Rhabditida;Rhabditina;Rhabditomorpha;Strongyloidea;Metastrongylidae;Dictyocaulus;Dictyocaulus viviparus,153,770,22,732
307,blade,AF-A0A2A2M0E5-F1-model_v6,1.0,3.07e-20,2018661.0,cellular organisms;Eukaryota;Opisthokonta;Metazoa;Eumetazoa;Bilateria;Protostomia;Ecdysozoa;Nematoda;Chromadorea;Rhabditida;Rhabditina;Rhabditomorpha;Rhabditoidea;Rhabditidae;Rhabditidae incertae sedis;Diploscapter;Diploscapter pachys,2,723,1,710
308,blade,AF-A0AAD6NPW5-F1-model_v6,1.0,4.2e-07,889485.0,cellular organisms;Eukaryota;Viridiplantae;Streptophyta;Streptophytina;Embryophyta;Tracheophyta;Euphyllophyta;Spermatophyta;Magnoliopsida;Mesangiospermae;eudicotyledons;Gunneridae;Pentapetalae;rosids;fabids;Malpighiales;Salicaceae;Saliceae;Salix;Salix udensis,2,745,7,778
309,blade,AF-A0A7J0GSB1-F1-model_v6,1.0,0.000191,165716.0,cellular organisms;Eukaryota;Viridiplantae;Streptophyta;Streptophytina;Embryophyta;Tracheophyta;Euphyllophyta;Spermatophyta;Magnoliopsida;Mesangiospermae;eudicotyledons;Gunneridae;Pentapetalae;asterids;Ericales;Actinidiaceae;Actinidia;Actinidia rufa,24,759,414,1205
310,blade,AF-A0A8J4BIJ6-F1-model_v6,1.0,3.9e-05,51714.0,cellular organisms;Eukaryota;Viridiplantae;Chlorophyta;core chlorophytes;Chlorophyceae;CS clade;Chlamydomonadales;Volvocaceae;Volvox;Volvox africanus,8,715,14,581
311,blade,AF-A0A819H799-F1-model_v6,1.0,1.26e-26,433720.0,cellular organisms;Eukaryota;Opisthokonta;Metazoa;Eumetazoa;Bilateria;Protostomia;Spiralia;Gnathifera;Rotifera;Eurotatoria;Bdelloidea;Adinetida;Adinetidae;Adineta;Adineta steineri,96,760,4,711
312,blade,AF-A0A3N0YZV0-F1-model_v6,1.0,2.45e-30,495550.0,cellular organisms;Eukaryota;Opisthokonta;Metazoa;Eumetazoa;Bilateria;Deuterostomia;Chordata;Craniata;Vertebrata;Gnathostomata;Teleostomi;Euteleostomi;Actinopterygii;Actinopteri;Neopterygii;Teleostei;Osteoglossocephalai;Clupeocephala;Otomorpha;Ostariophysi;Otophysi;Cypriniphysae;Cypriniformes;Cyprinoidei;Xenocyprididae;Xenocypridinae;Xenocypridinae incertae sedis;Anabarilius;Anabarilius grahami,1,746,43,712
313,blade,AF-A0A2J7ZQK8-F1-model_v6,1.0,3.9e-05,47790.0,cellular organisms;Eukaryota;Viridiplantae;Chlorophyta;core chlorophytes;Chlorophyceae;CS clade;Chlamydomonadales;Tetrabaenaceae;Tetrabaena;Tetrabaena socialis,2,746,201,853
314,blade,AF-A0A396ZVX2-F1-model_v6,1.0,1.27e-08,112090.0,cellular organisms;Eukaryota;Sar;Stramenopiles;Oomycota;Saprolegniomycetes;Saprolegniales;Verrucalvaceae;Aphanomyces;Aphanomyces astaci,1,553,763,1304
315,blade,AF-A0A821AY38-F1-model_v6,1.0,5.36e-05,2762512.0,cellular organisms;Eukaryota;Opisthokonta;Metazoa;Eumetazoa;Bilateria;Protostomia;Spiralia;Gnathifera;Rotifera;Eurotatoria;Bdelloidea;Philodinida;Philodinidae;Rotaria;unclassified Rotaria;Rotaria sp. Silwood2,13,233,1080,1304
316,blade,AF-A0A1I8GRR1-F1-model_v6,1.0,1.4e-17,282301.0,cellular organisms;Eukaryota;Opisthokonta;Metazoa;Eumetazoa;Bilateria;Protostomia;Spiralia;Lophotrochozoa;Platyhelminthes;Rhabditophora;Macrostomorpha;Macrostomida;Macrostomidae;Macrostomum;Macrostomum lignano,3,743,210,998
317,blade,AF-A0AAE9ADI6-F1-model_v6,1.0,2.5000000000000002e-22,6238.0,cellular organisms;Eukaryota;Opisthokonta;Metazoa;Eumetazoa;Bilateria;Protostomia;Ecdysozoa;Nematoda;Chromadorea;Rhabditida;Rhabditina;Rhabditomorpha;Rhabditoidea;Rhabditidae;Peloderinae;Caenorhabditis;Caenorhabditis briggsae,3,751,1,737
318,blade,AF-A0A1S3M010-F1-model_v6,1.0,1.95e-25,8030.0,cellular organisms;Eukaryota;Opisthokonta;Metazoa;Eumetazoa;Bilateria;Deuterostomia;Chordata;Craniata;Vertebrata;Gnathostomata;Teleostomi;Euteleostomi;Actinopterygii;Actinopteri;Neopterygii;Teleostei;Osteoglossocephalai;Clupeocephala;Euteleosteomorpha;Protacanthopterygii;Salmoniformes;Salmonidae;Salmoninae;Salmo;Salmo salar,3,422,895,1304
319,blade,AF-A0A0D6MA53-F1-model_v6,1.0,8.97e-20,53326.0,cellular organisms;Eukaryota;Opisthokonta;Metazoa;Eumetazoa;Bilateria;Protostomia;Ecdysozoa;Nematoda;Chromadorea;Rhabditida;Rhabditina;Rhabditomorpha;Strongyloidea;Ancylostomatidae;Ancylostomatinae;Ancylostoma;Ancylostoma ceylanicum,1,596,676,1304
320,blade,AF-A0A1S3HSM4-F1-model_v6,1.0,2.4400000000000003e-31,7574.0,cellular organisms;Eukaryota;Opisthokonta;Metazoa;Eumetazoa;Bilateria;Protostomia;Spiralia;Lophotrochozoa;Brachiopoda;Linguliformea;Lingulata;Lingulida;Linguloidea;Lingulidae;Lingula;Lingula anatina,2,701,93,803
321,blade,AF-A0A4C1UY82-F1-model_v6,1.0,1.84e-17,151549.0,cellular organisms;Eukaryota;Opisthokonta;Metazoa;Eumetazoa;Bilateria;Protostomia;Ecdysozoa;Panarthropoda;Arthropoda;Mandibulata;Pancrustacea;Hexapoda;Insecta;Dicondylia;Pterygota;Neoptera;Endopterygota;Amphiesmenoptera;Lepidoptera;Glossata;Neolepidoptera;Heteroneura;Ditrysia;Tineoidea;Psychidae;Oiketicinae;Eumeta;Eumeta japonica,115,681,53,617
322,blade,AF-A0A819HCB6-F1-model_v6,1.0,3.18e-22,2762512.0,cellular organisms;Eukaryota;Opisthokonta;Metazoa;Eumetazoa;Bilateria;Protostomia;Spiralia;Gnathifera;Rotifera;Eurotatoria;Bdelloidea;Philodinida;Philodinidae;Rotaria;unclassified Rotaria;Rotaria sp. Silwood2,94,740,46,711
323,blade,AF-A0A914TIV3-F1-model_v6,1.0,4.7e-24,55785.0,cellular organisms;Eukaryota;Opisthokonta;Metazoa;Eumetazoa;Bilateria;Protostomia;Ecdysozoa;Nematoda;Chromadorea;Rhabditida;Tylenchina;Panagrolaimomorpha;Panagrolaimoidea;Panagrolaimidae;Panagrolaimus;unclassified Panagrolaimus;Panagrolaimus sp. PS1159,1,712,1,710
324,blade,AF-A0AAF3EM81-F1-model_v6,1.0,7.53e-26,2138241.0,cellular organisms;Eukaryota;Opisthokonta;Metazoa;Eumetazoa;Bilateria;Protostomia;Ecdysozoa;Nematoda;Chromadorea;Rhabditida;Rhabditina;Rhabditomorpha;Rhabditoidea;Rhabditidae;Mesorhabditinae;Mesorhabditis;Mesorhabditis belari,1,742,338,1066
325,blade,AF-A0A1W0X1X0-F1-model_v6,1.0,9.790000000000001e-32,2072580.0,cellular organisms;Eukaryota;Opisthokonta;Metazoa;Eumetazoa;Bilateria;Protostomia;Ecdysozoa;Panarthropoda;Tardigrada;Eutardigrada;Parachela;Hypsibioidea;Hypsibiidae;Hypsibius;Hypsibius exemplaris,4,732,2,826
326,blade,AF-A2WQC6-F1-model_v6,1.0,4.54e-07,39946.0,cellular organisms;Eukaryota;Viridiplantae;Streptophyta;Streptophytina;Embryophyta;Tracheophyta;Euphyllophyta;Spermatophyta;Magnoliopsida;Mesangiospermae;Liliopsida;Petrosaviidae;commelinids;Poales;Poaceae;BOP clade;Oryzoideae;Oryzeae;Oryzinae;Oryza;Oryza sativa;Oryza sativa Indica Group,80,687,756,1304
327,blade,AF-A0A9D3RZT4-F1-model_v6,1.0,1.29e-46,7936.0,cellular organisms;Eukaryota;Opisthokonta;Metazoa;Eumetazoa;Bilateria;Deuterostomia;Chordata;Craniata;Vertebrata;Gnathostomata;Teleostomi;Euteleostomi;Actinopterygii;Actinopteri;Neopterygii;Teleostei;Elopocephalai;Elopocephala;Elopomorpha;Anguilliformes;Anguillidae;Anguilla;Anguilla anguilla,2,701,252,960
328,blade,AF-A0A1I7S5E3-F1-model_v6,1.0,7.61e-22,6326.0,cellular organisms;Eukaryota;Opisthokonta;Metazoa;Eumetazoa;Bilateria;Protostomia;Ecdysozoa;Nematoda;Chromadorea;Rhabditida;Tylenchina;Tylenchomorpha;Aphelenchoidea;Aphelenchoididae;Bursaphelenchus;Bursaphelenchus xylophilus,2,733,1,733
329,blade,AF-A0A0N5AVK8-F1-model_v6,1.0,5.9699999999999996e-24,451379.0,cellular organisms;Eukaryota;Opisthokonta;Metazoa;Eumetazoa;Bilateria;Protostomia;Ecdysozoa;Nematoda;Chromadorea;Rhabditida;Spirurina;Oxyuridomorpha;Oxyuroidea;Oxyuridae;Syphacia;Syphacia muris,3,727,1,722
330,blade,AF-A0A835ZIV2-F1-model_v6,1.0,1.56e-19,9940.0,cellular organisms;Eukaryota;Opisthokonta;Metazoa;Eumetazoa;Bilateria;Deuterostomia;Chordata;Craniata;Vertebrata;Gnathostomata;Teleostomi;Euteleostomi;Sarcopterygii;Dipnotetrapodomorpha;Tetrapoda;Amniota;Mammalia;Theria;Eutheria;Boreoeutheria;Laurasiatheria;Artiodactyla;Ruminantia;Pecora;Bovidae;Caprinae;Ovis;Ovis aries,96,733,336,1187
331,blade,AF-A0A226NGJ2-F1-model_v6,1.0,1.1699999999999998e-23,9009.0,cellular organisms;Eukaryota;Opisthokonta;Metazoa;Eumetazoa;Bilateria;Deuterostomia;Chordata;Craniata;Vertebrata;Gnathostomata;Teleostomi;Euteleostomi;Sarcopterygii;Dipnotetrapodomorpha;Tetrapoda;Amniota;Sauropsida;Sauria;Archelosauria;Archosauria;Dinosauria;Saurischia;Theropoda;Coelurosauria;Aves;Neognathae;Galloanserae;Galliformes;Odontophoridae;Callipepla;Callipepla squamata,20,731,31,663
332,blade,AF-A0A158PIP0-F1-model_v6,1.0,2.56e-13,334426.0,cellular organisms;Eukaryota;Opisthokonta;Metazoa;Eumetazoa;Bilateria;Protostomia;Ecdysozoa;Nematoda;Chromadorea;Rhabditida;Rhabditina;Rhabditomorpha;Strongyloidea;Metastrongylidae;Angiostrongylus;Angiostrongylus costaricensis,3,732,75,1065
333,blade,AF-A0ABD2Z9J9-F1-model_v6,1.0,2.92e-09,153742.0,cellular organisms;Eukaryota;Viridiplantae;Streptophyta;Streptophytina;Embryophyta;Tracheophyta;Euphyllophyta;Spermatophyta;Magnoliopsida;Mesangiospermae;eudicotyledons;Gunneridae;Pentapetalae;asterids;lamiids;Gentianales;Rubiaceae;Cinchonoideae;Cinchoneae;Cinchona;Cinchona calisaya,48,716,12,775
334,blade,AF-A0A914XDQ8-F1-model_v6,1.0,9.070000000000001e-31,2011161.0,cellular organisms;Eukaryota;Opisthokonta;Metazoa;Eumetazoa;Bilateria;Protostomia;Ecdysozoa;Nematoda;Chromadorea;Plectida;Plectina;Plectoidea;Plectidae;Plectus;Plectus sambesii,2,643,611,1304
335,blade,AF-A0A820WYB2-F1-model_v6,1.0,4.41e-18,2762511.0,cellular organisms;Eukaryota;Opisthokonta;Metazoa;Eumetazoa;Bilateria;Protostomia;Spiralia;Gnathifera;Rotifera;Eurotatoria;Bdelloidea;Philodinida;Philodinidae;Rotaria;unclassified Rotaria;Rotaria sp. Silwood1,98,703,23,714
336,blade,AF-A0A7R8ZB90-F1-model_v6,1.0,1.07e-27,61478.0,cellular organisms;Eukaryota;Opisthokonta;Metazoa;Eumetazoa;Bilateria;Protostomia;Ecdysozoa;Panarthropoda;Arthropoda;Mandibulata;Pancrustacea;Hexapoda;Insecta;Dicondylia;Pterygota;Neoptera;Polyneoptera;Phasmatodea;Timematodea;Timematoidea;Timematidae;Timema;Timema douglasi,29,698,404,1065
337,blade,AF-A0A914W9E5-F1-model_v6,1.0,1.1e-16,2011161.0,cellular organisms;Eukaryota;Opisthokonta;Metazoa;Eumetazoa;Bilateria;Protostomia;Ecdysozoa;Nematoda;Chromadorea;Plectida;Plectina;Plectoidea;Plectidae;Plectus;Plectus sambesii,22,683,714,1304
338,blade,AF-A0AAV2HH44-F1-model_v6,1.0,2.16e-33,6523.0,cellular organisms;Eukaryota;Opisthokonta;Metazoa;Eumetazoa;Bilateria;Protostomia;Spiralia;Lophotrochozoa;Mollusca;Gastropoda;Heterobranchia;Euthyneura;Panpulmonata;Hygrophila;Lymnaeoidea;Lymnaeidae;Lymnaea;Lymnaea stagnalis,1,700,1,715
339,blade,AF-A0A1I8IZC9-F1-model_v6,1.0,5.9e-13,282301.0,cellular organisms;Eukaryota;Opisthokonta;Metazoa;Eumetazoa;Bilateria;Protostomia;Spiralia;Lophotrochozoa;Platyhelminthes;Rhabditophora;Macrostomorpha;Macrostomida;Macrostomidae;Macrostomum;Macrostomum lignano,85,586,321,803
340,blade,AF-A0A822ATN0-F1-model_v6,1.0,0.000581,2762511.0,cellular organisms;Eukaryota;Opisthokonta;Metazoa;Eumetazoa;Bilateria;Protostomia;Spiralia;Gnathifera;Rotifera;Eurotatoria;Bdelloidea;Philodinida;Philodinidae;Rotaria;unclassified Rotaria;Rotaria sp. Silwood1,12,273,1058,1304
341,blade,AF-A0AA88LJ86-F1-model_v6,1.0,1e-23,6661.0,cellular organisms;Eukaryota;Opisthokonta;Metazoa;Eumetazoa;Bilateria;Protostomia;Ecdysozoa;Panarthropoda;Arthropoda;Mandibulata;Pancrustacea;Crustacea;Branchiopoda;Sarsostraca;Anostraca;Artemiidae;Artemia;Artemia franciscana,3,684,103,803
342,blade,AF-A0A556VCH7-F1-model_v6,1.0,1.13e-21,175774.0,cellular organisms;Eukaryota;Opisthokonta;Metazoa;Eumetazoa;Bilateria;Deuterostomia;Chordata;Craniata;Vertebrata;Gnathostomata;Teleostomi;Euteleostomi;Actinopterygii;Actinopteri;Neopterygii;Teleostei;Osteoglossocephalai;Clupeocephala;Otomorpha;Ostariophysi;Otophysi;Characiphysae;Siluriformes;Siluroidei;Sisoridae;Sisorinae;Bagarius;Bagarius yarrelli,12,685,15,1147
343,blade,AF-A0A158QWY7-F1-model_v6,1.0,5.63e-16,27835.0,cellular organisms;Eukaryota;Opisthokonta;Metazoa;Eumetazoa;Bilateria;Protostomia;Ecdysozoa;Nematoda;Chromadorea;Rhabditida;Rhabditina;Rhabditomorpha;Strongyloidea;Heligmosomidae;Nippostrongylus;Nippostrongylus brasiliensis,5,683,3,747
344,blade,AF-K1RGF7-F1-model_v6,1.0,8.2e-24,29159.0,cellular organisms;Eukaryota;Opisthokonta;Metazoa;Eumetazoa;Bilateria;Protostomia;Spiralia;Lophotrochozoa;Mollusca;Bivalvia;Autobranchia;Pteriomorphia;Ostreida;Ostreoidea;Ostreidae;Magallana;Magallana gigas,88,655,1,569
345,blade,AF-A0A2P4SQD4-F1-model_v6,1.0,4.26e-46,9083.0,cellular organisms;Eukaryota;Opisthokonta;Metazoa;Eumetazoa;Bilateria;Deuterostomia;Chordata;Craniata;Vertebrata;Gnathostomata;Teleostomi;Euteleostomi;Sarcopterygii;Dipnotetrapodomorpha;Tetrapoda;Amniota;Sauropsida;Sauria;Archelosauria;Archosauria;Dinosauria;Saurischia;Theropoda;Coelurosauria;Aves;Neognathae;Galloanserae;Galliformes;Phasianidae;Perdicinae;Bambusicola;Bambusicola thoracicus,1,677,23,687
346,blade,AF-A0A6A4LSQ3-F1-model_v6,1.0,0.00243,262921.0,cellular organisms;Eukaryota;Viridiplantae;Streptophyta;Streptophytina;Embryophyta;Tracheophyta;Euphyllophyta;Spermatophyta;Magnoliopsida;Mesangiospermae;eudicotyledons;Gunneridae;Pentapetalae;asterids;Ericales;Ericaceae;Ericoideae;Rhodoreae;Rhododendron;Rhododendron williamsianum,3,665,5,811
347,blade,AF-A0AAJ8B0T9-F1-model_v6,1.0,4.1399999999999996e-42,8187.0,cellular organisms;Eukaryota;Opisthokonta;Metazoa;Eumetazoa;Bilateria;Deuterostomia;Chordata;Craniata;Vertebrata;Gnathostomata;Teleostomi;Euteleostomi;Actinopterygii;Actinopteri;Neopterygii;Teleostei;Osteoglossocephalai;Clupeocephala;Euteleosteomorpha;Neoteleostei;Eurypterygia;Ctenosquamata;Acanthomorphata;Euacanthomorphacea;Percomorphaceae;Carangaria;Carangaria incertae sedis;Centropomidae;Lates;Lates calcarifer,17,670,144,806
348,blade,AF-A0A183DPV4-F1-model_v6,1.0,3.94e-16,637853.0,cellular organisms;Eukaryota;Opisthokonta;Metazoa;Eumetazoa;Bilateria;Protostomia;Ecdysozoa;Nematoda;Chromadorea;Rhabditida;Spirurina;Spiruromorpha;Spiruroidea;Gongylonematidae;Gongylonema;Gongylonema pulchrum,1,652,1,560
349,blade,AF-A0A8R1DPN1-F1-model_v6,1.0,9.79e-17,281687.0,cellular organisms;Eukaryota;Opisthokonta;Metazoa;Eumetazoa;Bilateria;Protostomia;Ecdysozoa;Nematoda;Chromadorea;Rhabditida;Rhabditina;Rhabditomorpha;Rhabditoidea;Rhabditidae;Peloderinae;Caenorhabditis;Caenorhabditis japonica,3,662,1,676
350,blade,AF-A0A087UY53-F1-model_v6,1.0,1.73e-11,407821.0,cellular organisms;Eukaryota;Opisthokonta;Metazoa;Eumetazoa;Bilateria;Protostomia;Ecdysozoa;Panarthropoda;Arthropoda;Chelicerata;Arachnida;Araneae;Araneomorphae;Entelegynae;Eresoidea;Eresidae;Stegodyphus;Stegodyphus mimosarum,5,272,1030,1304
351,blade,AF-G3N9E4-F1-model_v6,1.0,1.98e-36,69293.0,cellular organisms;Eukaryota;Opisthokonta;Metazoa;Eumetazoa;Bilateria;Deuterostomia;Chordata;Craniata;Vertebrata;Gnathostomata;Teleostomi;Euteleostomi;Actinopterygii;Actinopteri;Neopterygii;Teleostei;Osteoglossocephalai;Clupeocephala;Euteleosteomorpha;Neoteleostei;Eurypterygia;Ctenosquamata;Acanthomorphata;Euacanthomorphacea;Percomorphaceae;Eupercaria;Perciformes;Cottioidei;Gasterosteales;Gasterosteidae;Gasterosteus;Gasterosteus aculeatus,2,500,807,1304
352,blade,AF-A0A7S0SD32-F1-model_v6,1.0,2.31e-07,81844.0,cellular organisms;Eukaryota;Viridiplantae;Chlorophyta;Mamiellophyceae;Mamiellales;Mamiellaceae;Mantoniella;Mantoniella antarctica,23,651,1,542
353,blade,AF-A0A5N4CHM3-F1-model_v6,1.0,8.22e-23,9838.0,cellular organisms;Eukaryota;Opisthokonta;Metazoa;Eumetazoa;Bilateria;Deuterostomia;Chordata;Craniata;Vertebrata;Gnathostomata;Teleostomi;Euteleostomi;Sarcopterygii;Dipnotetrapodomorpha;Tetrapoda;Amniota;Mammalia;Theria;Eutheria;Boreoeutheria;Laurasiatheria;Artiodactyla;Tylopoda;Camelidae;Camelus;Camelus dromedarius,1,638,268,829
354,blade,AF-A0AAE9A6J5-F1-model_v6,1.0,1.52e-15,6238.0,cellular organisms;Eukaryota;Opisthokonta;Metazoa;Eumetazoa;Bilateria;Protostomia;Ecdysozoa;Nematoda;Chromadorea;Rhabditida;Rhabditina;Rhabditomorpha;Rhabditoidea;Rhabditidae;Peloderinae;Caenorhabditis;Caenorhabditis briggsae,3,594,1,569
355,blade,AF-A0AAV1A2G6-F1-model_v6,1.0,1.82e-08,3906.0,cellular organisms;Eukaryota;Viridiplantae;Streptophyta;Streptophytina;Embryophyta;Tracheophyta;Euphyllophyta;Spermatophyta;Magnoliopsida;Mesangiospermae;eudicotyledons;Gunneridae;Pentapetalae;rosids;fabids;Fabales;Fabaceae;Papilionoideae;50 kb inversion clade;NPAAA clade;Hologalegina;IRL clade;Fabeae;Vicia;Vicia faba,2,654,7,776
356,blade,AF-A0A9P0E2U6-F1-model_v6,1.0,3.88e-21,85310.0,cellular organisms;Eukaryota;Opisthokonta;Metazoa;Eumetazoa;Bilateria;Protostomia;Ecdysozoa;Panarthropoda;Arthropoda;Mandibulata;Pancrustacea;Hexapoda;Insecta;Dicondylia;Pterygota;Neoptera;Paraneoptera;Hemiptera;Prosorrhyncha;Heteroptera;Euheteroptera;Neoheteroptera;Panheteroptera;Pentatomomorpha;Pentatomoidea;Pentatomidae;Pentatominae;Nezara;Nezara viridula,3,641,54,778
357,blade,AF-V5I8F8-F1-model_v6,1.0,9.61e-24,217634.0,cellular organisms;Eukaryota;Opisthokonta;Metazoa;Eumetazoa;Bilateria;Protostomia;Ecdysozoa;Panarthropoda;Arthropoda;Mandibulata;Pancrustacea;Hexapoda;Insecta;Dicondylia;Pterygota;Neoptera;Endopterygota;Coleoptera;Polyphaga;Cucujiformia;Chrysomeloidea;Cerambycidae;Lamiinae;Lamiini;Anoplophora;Anoplophora glabripennis,1,646,2,659
358,blade,AF-A0A091DNK6-F1-model_v6,1.0,6.03e-35,885580.0,cellular organisms;Eukaryota;Opisthokonta;Metazoa;Eumetazoa;Bilateria;Deuterostomia;Chordata;Craniata;Vertebrata;Gnathostomata;Teleostomi;Euteleostomi;Sarcopterygii;Dipnotetrapodomorpha;Tetrapoda;Amniota;Mammalia;Theria;Eutheria;Boreoeutheria;Euarchontoglires;Glires;Rodentia;Hystricomorpha;Bathyergidae;Fukomys;Fukomys damarensis,18,646,22,560
359,blade,AF-A0A0N5DC76-F1-model_v6,1.0,0.0519,103827.0,cellular organisms;Eukaryota;Opisthokonta;Metazoa;Eumetazoa;Bilateria;Protostomia;Ecdysozoa;Nematoda;Chromadorea;Rhabditida;Spirurina;Spiruromorpha;Thelazioidea;Thelaziidae;Thelazia;Thelazia callipaeda,9,302,1031,1304
360,blade,AF-A0A1V4J962-F1-model_v6,1.0,1.04e-25,372326.0,cellular organisms;Eukaryota;Opisthokonta;Metazoa;Eumetazoa;Bilateria;Deuterostomia;Chordata;Craniata;Vertebrata;Gnathostomata;Teleostomi;Euteleostomi;Sarcopterygii;Dipnotetrapodomorpha;Tetrapoda;Amniota;Sauropsida;Sauria;Archelosauria;Archosauria;Dinosauria;Saurischia;Theropoda;Coelurosauria;Aves;Neognathae;Neoaves;Columbimorphae;Columbiformes;Columbidae;Patagioenas;Patagioenas fasciata;Patagioenas fasciata monilis,1,616,1,543
361,blade,AF-A0A915NIH3-F1-model_v6,1.0,2.09e-15,298350.0,cellular organisms;Eukaryota;Opisthokonta;Metazoa;Eumetazoa;Bilateria;Protostomia;Ecdysozoa;Nematoda;Chromadorea;Rhabditida;Tylenchina;Tylenchomorpha;Tylenchoidea;Meloidogynidae;Meloidogyninae;Meloidogyne;Meloidogyne floridensis,24,530,796,1304
362,blade,AF-A0A0C2GSY1-F1-model_v6,1.0,7.899999999999999e-23,51022.0,cellular organisms;Eukaryota;Opisthokonta;Metazoa;Eumetazoa;Bilateria;Protostomia;Ecdysozoa;Nematoda;Chromadorea;Rhabditida;Rhabditina;Rhabditomorpha;Strongyloidea;Ancylostomatidae;Ancylostomatinae;Ancylostoma;Ancylostoma duodenale,1,607,676,1304
363,blade,AF-A0A9J2P616-F1-model_v6,1.0,4.45e-15,6252.0,cellular organisms;Eukaryota;Opisthokonta;Metazoa;Eumetazoa;Bilateria;Protostomia;Ecdysozoa;Nematoda;Chromadorea;Rhabditida;Spirurina;Ascaridomorpha;Ascaridoidea;Ascarididae;Ascaris;Ascaris lumbricoides,5,630,5,526
364,blade,AF-A0A8S2EQE7-F1-model_v6,1.0,3.32e-20,1234261.0,cellular organisms;Eukaryota;Opisthokonta;Metazoa;Eumetazoa;Bilateria;Protostomia;Spiralia;Gnathifera;Rotifera;Eurotatoria;Bdelloidea;Philodinida;Philodinidae;Didymodactylos;Didymodactylos carnosus,10,628,2,658
365,blade,AF-A0A817LVL9-F1-model_v6,1.0,1.86e-13,2762512.0,cellular organisms;Eukaryota;Opisthokonta;Metazoa;Eumetazoa;Bilateria;Protostomia;Spiralia;Gnathifera;Rotifera;Eurotatoria;Bdelloidea;Philodinida;Philodinidae;Rotaria;unclassified Rotaria;Rotaria sp. Silwood2,80,587,26,591
366,blade,AF-A0A2G8LNW3-F1-model_v6,1.0,3.5400000000000003e-26,307972.0,cellular organisms;Eukaryota;Opisthokonta;Metazoa;Eumetazoa;Bilateria;Deuterostomia;Echinodermata;Eleutherozoa;Echinozoa;Holothuroidea;Aspidochirotacea;Aspidochirotida;Stichopodidae;Apostichopus;Apostichopus japonicus,8,545,754,1304
367,blade,AF-A0AAV2LVL7-F1-model_v6,1.0,2.46e-14,637954.0,cellular organisms;Eukaryota;Opisthokonta;Metazoa;Eumetazoa;Bilateria;Deuterostomia;Chordata;Craniata;Vertebrata;Gnathostomata;Teleostomi;Euteleostomi;Actinopterygii;Actinopteri;Neopterygii;Teleostei;Osteoglossocephalai;Clupeocephala;Euteleosteomorpha;Neoteleostei;Eurypterygia;Ctenosquamata;Acanthomorphata;Euacanthomorphacea;Percomorphaceae;Gobiaria;Gobiiformes;Gobioidei;Gobiidae;Gobiinae;Knipowitschia;Knipowitschia caucasica,96,602,335,717
368,blade,AF-A0A6F9CMR8-F1-model_v6,1.0,5.07e-40,861768.0,cellular organisms;Eukaryota;Opisthokonta;Metazoa;Eumetazoa;Bilateria;Deuterostomia;Chordata;Craniata;Vertebrata;Gnathostomata;Teleostomi;Euteleostomi;Actinopterygii;Actinopteri;Neopterygii;Teleostei;Osteoglossocephalai;Clupeocephala;Euteleosteomorpha;Protacanthopterygii;Salmoniformes;Salmonidae;Coregoninae;Coregonus;unclassified Coregonus;Coregonus sp. 'balchen',11,569,738,1304
369,blade,AF-A0A3S1BPS2-F1-model_v6,1.0,7.32e-22,188477.0,cellular organisms;Eukaryota;Opisthokonta;Metazoa;Eumetazoa;Bilateria;Protostomia;Spiralia;Lophotrochozoa;Mollusca;Gastropoda;Heterobranchia;Euthyneura;Panpulmonata;Sacoglossa;Placobranchoidea;Plakobranchidae;Elysia;Elysia chlorotica,1,606,1,572
370,blade,AF-A0A8S3Z5V8-F1-model_v6,1.0,6.9799999999999995e-25,100452.0,cellular organisms;Eukaryota;Opisthokonta;Metazoa;Eumetazoa;Bilateria;Protostomia;Spiralia;Lophotrochozoa;Mollusca;Gastropoda;Heterobranchia;Euthyneura;Panpulmonata;Eupulmonata;Stylommatophora;Helicina;Helicoidea;Geomitridae;Candidula;Candidula unifasciata,2,511,782,1304
371,blade,AF-A0A8K0GGP8-F1-model_v6,1.0,1.27e-09,2038154.0,cellular organisms;Eukaryota;Opisthokonta;Metazoa;Eumetazoa;Bilateria;Protostomia;Ecdysozoa;Panarthropoda;Arthropoda;Mandibulata;Pancrustacea;Hexapoda;Insecta;Dicondylia;Pterygota;Neoptera;Endopterygota;Coleoptera;Polyphaga;Elateriformia;Elateroidea;Elateridae;Agrypninae;Pyrophorini;Ignelater;Ignelater luminosus,2,292,1012,1304
372,blade,AF-T1F269-F1-model_v6,1.0,8.899999999999999e-23,6412.0,cellular organisms;Eukaryota;Opisthokonta;Metazoa;Eumetazoa;Bilateria;Protostomia;Spiralia;Lophotrochozoa;Annelida;Clitellata;Hirudinea;Rhynchobdellida;Glossiphoniidae;Helobdella;Helobdella robusta,3,603,66,712
373,blade,AF-A0A158QJ81-F1-model_v6,1.0,6.67e-12,102285.0,cellular organisms;Eukaryota;Opisthokonta;Metazoa;Eumetazoa;Bilateria;Protostomia;Spiralia;Lophotrochozoa;Platyhelminthes;Cestoda;Eucestoda;Cyclophyllidea;Hymenolepididae;Rodentolepis;Rodentolepis nana,11,610,114,572
374,blade,AF-A0A8X7YH43-F1-model_v6,1.0,0.0115,118781.0,cellular organisms;Eukaryota;Viridiplantae;Streptophyta;Streptophytina;Embryophyta;Tracheophyta;Euphyllophyta;Spermatophyta;Magnoliopsida;Mesangiospermae;eudicotyledons;Gunneridae;Pentapetalae;rosids;fabids;Malpighiales;Salicaceae;Saliceae;Populus;Populus tomentosa,2,269,7,340
375,blade,AF-A0A6A4WVZ2-F1-model_v6,1.0,0.0772,1232801.0,cellular organisms;Eukaryota;Opisthokonta;Metazoa;Eumetazoa;Bilateria;Protostomia;Ecdysozoa;Panarthropoda;Arthropoda;Mandibulata;Pancrustacea;Crustacea;Multicrustacea;Thecostraca;Cirripedia;Thoracica;Thoracicalcarea;Balanomorpha;Balanoidea;Balanidae;Amphibalaninae;Amphibalanus;Amphibalanus amphitrite,3,161,1153,1302
376,blade,AF-A0A820W1M7-F1-model_v6,1.0,3.75e-19,2762511.0,cellular organisms;Eukaryota;Opisthokonta;Metazoa;Eumetazoa;Bilateria;Protostomia;Spiralia;Gnathifera;Rotifera;Eurotatoria;Bdelloidea;Philodinida;Philodinidae;Rotaria;unclassified Rotaria;Rotaria sp. Silwood1,4,599,82,714
377,blade,AF-A0A6S7J1J6-F1-model_v6,1.0,4.94e-20,317549.0,cellular organisms;Eukaryota;Opisthokonta;Metazoa;Eumetazoa;Cnidaria;Anthozoa;Octocorallia;Malacalcyonacea;Plexauridae;Paramuricea;Paramuricea clavata,2,608,234,889
378,blade,AF-A0A1V9Y3U5-F1-model_v6,1.0,1.06e-16,418985.0,cellular organisms;Eukaryota;Opisthokonta;Metazoa;Eumetazoa;Bilateria;Protostomia;Ecdysozoa;Panarthropoda;Arthropoda;Chelicerata;Arachnida;Acari;Parasitiformes;Mesostigmata;Monogynaspida;Gamasina;Dermanyssoidea;Laelapidae;Tropilaelaps;Tropilaelaps mercedesae,1,572,96,610
379,blade,AF-A0AB34GI10-F1-model_v6,1.0,2.54e-16,9764.0,cellular organisms;Eukaryota;Opisthokonta;Metazoa;Eumetazoa;Bilateria;Deuterostomia;Chordata;Craniata;Vertebrata;Gnathostomata;Teleostomi;Euteleostomi;Sarcopterygii;Dipnotetrapodomorpha;Tetrapoda;Amniota;Mammalia;Theria;Eutheria;Boreoeutheria;Laurasiatheria;Artiodactyla;Whippomorpha;Cetacea;Mysticeti;Eschrichtiidae;Eschrichtius;Eschrichtius robustus,2,569,623,1304
380,blade,AF-A0A6V7WRF5-F1-model_v6,1.0,1.4e-17,390850.0,cellular organisms;Eukaryota;Opisthokonta;Metazoa;Eumetazoa;Bilateria;Protostomia;Ecdysozoa;Nematoda;Chromadorea;Rhabditida;Tylenchina;Tylenchomorpha;Tylenchoidea;Meloidogynidae;Meloidogyninae;Meloidogyne;Meloidogyne enterolobii,1,587,148,715
381,blade,AF-A0A2J8RFQ9-F1-model_v6,1.0,6.32e-32,9601.0,cellular organisms;Eukaryota;Opisthokonta;Metazoa;Eumetazoa;Bilateria;Deuterostomia;Chordata;Craniata;Vertebrata;Gnathostomata;Teleostomi;Euteleostomi;Sarcopterygii;Dipnotetrapodomorpha;Tetrapoda;Amniota;Mammalia;Theria;Eutheria;Boreoeutheria;Euarchontoglires;Primates;Haplorrhini;Simiiformes;Catarrhini;Hominoidea;Hominidae;Ponginae;Pongo;Pongo abelii,1,434,870,1304
382,blade,AF-A0A060WXK8-F1-model_v6,1.0,4.08e-32,8022.0,cellular organisms;Eukaryota;Opisthokonta;Metazoa;Eumetazoa;Bilateria;Deuterostomia;Chordata;Craniata;Vertebrata;Gnathostomata;Teleostomi;Euteleostomi;Actinopterygii;Actinopteri;Neopterygii;Teleostei;Osteoglossocephalai;Clupeocephala;Euteleosteomorpha;Protacanthopterygii;Salmoniformes;Salmonidae;Salmoninae;Oncorhynchus;Oncorhynchus mykiss,12,595,623,1157
383,blade,AF-A0A6A4QPP6-F1-model_v6,1.0,5.13e-06,3870.0,cellular organisms;Eukaryota;Viridiplantae;Streptophyta;Streptophytina;Embryophyta;Tracheophyta;Euphyllophyta;Spermatophyta;Magnoliopsida;Mesangiospermae;eudicotyledons;Gunneridae;Pentapetalae;rosids;fabids;Fabales;Fabaceae;Papilionoideae;50 kb inversion clade;genistoids sensu lato;core genistoids;Genisteae;Lupinus;Lupinus albus,2,585,66,737
384,blade,AF-A0A8S1DEM2-F1-model_v6,1.0,2.04e-09,197152.0,cellular organisms;Eukaryota;Opisthokonta;Metazoa;Eumetazoa;Bilateria;Protostomia;Ecdysozoa;Panarthropoda;Arthropoda;Mandibulata;Pancrustacea;Hexapoda;Insecta;Dicondylia;Pterygota;Palaeoptera;Ephemeroptera;Pisciforma;Baetidae;Cloeon;Cloeon dipterum,6,574,2,703
385,blade,AF-A0A7R9L235-F1-model_v6,1.0,6.58e-17,1979941.0,cellular organisms;Eukaryota;Opisthokonta;Metazoa;Eumetazoa;Bilateria;Protostomia;Ecdysozoa;Panarthropoda;Arthropoda;Chelicerata;Arachnida;Acari;Acariformes;Sarcoptiformes;Oribatida;Brachypylina;Oppioidea;Oppiidae;Medioppia;Medioppia subpectinata,6,577,369,995
386,blade,AF-A0AAV7ZLP2-F1-model_v6,1.0,0.000391,1746091.0,cellular organisms;Eukaryota;Metamonada;Anaeramoebidae;Anaeramoeba;Anaeramoeba flamelloides,71,531,1,560
387,blade,AF-A0A974HE50-F1-model_v6,1.0,9.38e-33,8355.0,cellular organisms;Eukaryota;Opisthokonta;Metazoa;Eumetazoa;Bilateria;Deuterostomia;Chordata;Craniata;Vertebrata;Gnathostomata;Teleostomi;Euteleostomi;Sarcopterygii;Dipnotetrapodomorpha;Tetrapoda;Amphibia;Batrachia;Anura;Pipoidea;Pipidae;Xenopodinae;Xenopus;Xenopus;Xenopus laevis,3,572,633,1152
388,blade,AF-A0A8C2YS04-F1-model_v6,1.0,1.76e-19,34839.0,cellular organisms;Eukaryota;Opisthokonta;Metazoa;Eumetazoa;Bilateria;Deuterostomia;Chordata;Craniata;Vertebrata;Gnathostomata;Teleostomi;Euteleostomi;Sarcopterygii;Dipnotetrapodomorpha;Tetrapoda;Amniota;Mammalia;Theria;Eutheria;Boreoeutheria;Euarchontoglires;Glires;Rodentia;Hystricomorpha;Chinchillidae;Chinchilla;Chinchilla lanigera,2,572,61,558
389,blade,AF-A0A9D4IDV1-F1-model_v6,1.0,5.95e-25,45954.0,cellular organisms;Eukaryota;Opisthokonta;Metazoa;Eumetazoa;Bilateria;Protostomia;Spiralia;Lophotrochozoa;Mollusca;Bivalvia;Autobranchia;Heteroconchia;Euheterodonta;Imparidentia;Neoheterodontei;Myida;Dreissenoidea;Dreissenidae;Dreissena;Dreissena polymorpha,10,564,3,560
390,blade,AF-A0A835U5U2-F1-model_v6,1.0,1.28e-06,51239.0,cellular organisms;Eukaryota;Viridiplantae;Streptophyta;Streptophytina;Embryophyta;Tracheophyta;Euphyllophyta;Spermatophyta;Magnoliopsida;Mesangiospermae;Liliopsida;Petrosaviidae;Asparagales;Orchidaceae;Vanilloideae;Vanilleae;Vanilla;Vanilla planifolia,13,559,7,661
391,blade,AF-A0A0R1E8N1-F1-model_v6,1.0,1.02e-17,7245.0,cellular organisms;Eukaryota;Opisthokonta;Metazoa;Eumetazoa;Bilateria;Protostomia;Ecdysozoa;Panarthropoda;Arthropoda;Mandibulata;Pancrustacea;Hexapoda;Insecta;Dicondylia;Pterygota;Neoptera;Endopterygota;Diptera;Brachycera;Muscomorpha;Eremoneura;Cyclorrhapha;Schizophora;Acalyptratae;Ephydroidea;Drosophilidae;Drosophilinae;Drosophilini;Drosophila;Sophophora;melanogaster group;melanogaster subgroup;Drosophila yakuba,4,540,620,1304
392,blade,MGYP001428331725,1.0,2.57e-08,946362.0,cellular organisms;Eukaryota;Opisthokonta;Choanoflagellata;Craspedida;Salpingoecidae;Salpingoeca;Salpingoeca rosetta,30,556,386,1029
393,blade,AF-A0A0D8XPP7-F1-model_v6,1.0,1.29e-16,29172.0,cellular organisms;Eukaryota;Opisthokonta;Metazoa;Eumetazoa;Bilateria;Protostomia;Ecdysozoa;Nematoda;Chromadorea;Rhabditida;Rhabditina;Rhabditomorpha;Strongyloidea;Metastrongylidae;Dictyocaulus;Dictyocaulus viviparus,5,480,849,1304
394,blade,AF-A0A7S3ZD25-F1-model_v6,1.0,0.00392,91324.0,cellular organisms;Eukaryota;Sar;Rhizaria;Cercozoa;Chlorarachniophyceae;Lotharella;Lotharella globosa,131,528,345,702
395,blade,AF-A0A183AS46-F1-model_v6,1.0,1e-08,27848.0,cellular organisms;Eukaryota;Opisthokonta;Metazoa;Eumetazoa;Bilateria;Protostomia;Spiralia;Lophotrochozoa;Platyhelminthes;Trematoda;Digenea;Plagiorchiida;Echinostomata;Echinostomatoidea;Echinostomatidae;Echinostoma;Echinostoma caproni,1,558,292,665
396,blade,AF-X6M6V7-F1-model_v6,1.0,0.0115,46433.0,cellular organisms;Eukaryota;Sar;Rhizaria;Retaria;Foraminifera;Monothalamids;Reticulomyxidae;Reticulomyxa;Reticulomyxa filosa,3,404,995,1304
397,blade,AF-A0A8J5CWB5-F1-model_v6,1.0,1.04e-09,41210.0,cellular organisms;Eukaryota;Opisthokonta;Metazoa;Eumetazoa;Bilateria;Protostomia;Ecdysozoa;Panarthropoda;Arthropoda;Mandibulata;Pancrustacea;Crustacea;Multicrustacea;Malacostraca;Eumalacostraca;Eucarida;Decapoda;Pleocyemata;Brachyura;Eubrachyura;Heterotremata;Majoidea;Majidae;Chionoecetes;Chionoecetes opilio,108,548,335,682
398,blade,AF-A0AAD7SQN5-F1-model_v6,1.0,4.37e-07,143900.0,cellular organisms;Eukaryota;Opisthokonta;Metazoa;Eumetazoa;Bilateria;Deuterostomia;Chordata;Craniata;Vertebrata;Gnathostomata;Teleostomi;Euteleostomi;Actinopterygii;Actinopteri;Neopterygii;Teleostei;Elopocephalai;Elopocephala;Elopomorpha;Notacanthiformes;Halosauridae;Aldrovandia;Aldrovandia affinis,1,179,1130,1304
399,blade,AF-A0AAZ3QBH6-F1-model_v6,1.0,3.0399999999999997e-38,74940.0,cellular organisms;Eukaryota;Opisthokonta;Metazoa;Eumetazoa;Bilateria;Deuterostomia;Chordata;Craniata;Vertebrata;Gnathostomata;Teleostomi;Euteleostomi;Actinopterygii;Actinopteri;Neopterygii;Teleostei;Osteoglossocephalai;Clupeocephala;Euteleosteomorpha;Protacanthopterygii;Salmoniformes;Salmonidae;Salmoninae;Oncorhynchus;Oncorhynchus tshawytscha,6,550,779,1300
400,blade,AF-A0A183I937-F1-model_v6,1.0,1.24e-17,241478.0,cellular organisms;Eukaryota;Opisthokonta;Metazoa;Eumetazoa;Bilateria;Protostomia;Ecdysozoa;Nematoda;Enoplea;Dorylaimia;Dioctophymatida;Dioctophymatoidea;Soboliphymatidae;Soboliphyme;Soboliphyme baturini,11,551,108,665
401,blade,AF-A0A8S3URJ4-F1-model_v6,1.0,2.67e-12,6550.0,cellular organisms;Eukaryota;Opisthokonta;Metazoa;Eumetazoa;Bilateria;Protostomia;Spiralia;Lophotrochozoa;Mollusca;Bivalvia;Autobranchia;Pteriomorphia;Mytilida;Mytiloidea;Mytilidae;Mytilinae;Mytilus;Mytilus edulis,8,496,55,575
402,blade,AF-A0A6P4ED45-F1-model_v6,1.0,5.67e-13,1041015.0,cellular organisms;Eukaryota;Opisthokonta;Metazoa;Eumetazoa;Bilateria;Protostomia;Ecdysozoa;Panarthropoda;Arthropoda;Mandibulata;Pancrustacea;Hexapoda;Insecta;Dicondylia;Pterygota;Neoptera;Endopterygota;Diptera;Brachycera;Muscomorpha;Eremoneura;Cyclorrhapha;Schizophora;Acalyptratae;Ephydroidea;Drosophilidae;Drosophilinae;Drosophilini;Drosophila;Sophophora;melanogaster group;rhopaloa subgroup;Drosophila rhopaloa,2,530,26,468
403,blade,AF-A0A8S3YUI8-F1-model_v6,1.0,1.57e-18,100452.0,cellular organisms;Eukaryota;Opisthokonta;Metazoa;Eumetazoa;Bilateria;Protostomia;Spiralia;Lophotrochozoa;Mollusca;Gastropoda;Heterobranchia;Euthyneura;Panpulmonata;Eupulmonata;Stylommatophora;Helicina;Helicoidea;Geomitridae;Candidula;Candidula unifasciata,2,539,56,558
404,blade,AF-A0A0L7KV50-F1-model_v6,1.0,1.89e-08,104452.0,cellular organisms;Eukaryota;Opisthokonta;Metazoa;Eumetazoa;Bilateria;Protostomia;Ecdysozoa;Panarthropoda;Arthropoda;Mandibulata;Pancrustacea;Hexapoda;Insecta;Dicondylia;Pterygota;Neoptera;Endopterygota;Amphiesmenoptera;Lepidoptera;Glossata;Neolepidoptera;Heteroneura;Ditrysia;Obtectomera;Geometroidea;Geometridae;Larentiinae;Operophtera;Operophtera brumata,1,287,998,1304
405,blade,AF-A0A6A4S7Z5-F1-model_v6,1.0,0.0335,52904.0,cellular organisms;Eukaryota;Opisthokonta;Metazoa;Eumetazoa;Bilateria;Deuterostomia;Chordata;Craniata;Vertebrata;Gnathostomata;Teleostomi;Euteleostomi;Actinopterygii;Actinopteri;Neopterygii;Teleostei;Osteoglossocephalai;Clupeocephala;Euteleosteomorpha;Neoteleostei;Eurypterygia;Ctenosquamata;Acanthomorphata;Euacanthomorphacea;Percomorphaceae;Carangaria;Pleuronectiformes;Pleuronectoidei;Scophthalmidae;Scophthalmus;Scophthalmus maximus,178,484,23,248
406,blade,AF-D2I3S8-F1-model_v6,1.0,7.88e-39,9646.0,cellular organisms;Eukaryota;Opisthokonta;Metazoa;Eumetazoa;Bilateria;Deuterostomia;Chordata;Craniata;Vertebrata;Gnathostomata;Teleostomi;Euteleostomi;Sarcopterygii;Dipnotetrapodomorpha;Tetrapoda;Amniota;Mammalia;Theria;Eutheria;Boreoeutheria;Laurasiatheria;Carnivora;Caniformia;Ursidae;Ailuropoda;Ailuropoda melanoleuca,2,539,20,560
407,blade,AF-A0A817HAY4-F1-model_v6,1.0,1.56e-06,2762512.0,cellular organisms;Eukaryota;Opisthokonta;Metazoa;Eumetazoa;Bilateria;Protostomia;Spiralia;Gnathifera;Rotifera;Eurotatoria;Bdelloidea;Philodinida;Philodinidae;Rotaria;unclassified Rotaria;Rotaria sp. Silwood2,222,540,776,1067
408,blade,AF-A0A5K0XSE7-F1-model_v6,1.0,0.00459,210225.0,cellular organisms;Eukaryota;Viridiplantae;Streptophyta;Streptophytina;Embryophyta;Tracheophyta;Euphyllophyta;Spermatophyta;Magnoliopsida;Nymphaeales;Nymphaeaceae;Nymphaea;Nymphaea colorata,50,515,17,499
409,blade,AF-A0A9D4NVW3-F1-model_v6,1.0,5.48e-11,6954.0,cellular organisms;Eukaryota;Opisthokonta;Metazoa;Eumetazoa;Bilateria;Protostomia;Ecdysozoa;Panarthropoda;Arthropoda;Chelicerata;Arachnida;Acari;Acariformes;Sarcoptiformes;Astigmata;Psoroptidia;Analgoidea;Pyroglyphidae;Dermatophagoidinae;Dermatophagoides;Dermatophagoides farinae,61,494,3,408
410,blade,AF-A0ABD2QRI7-F1-model_v6,1.0,2.18e-14,1844966.0,cellular organisms;Eukaryota;Opisthokonta;Metazoa;Eumetazoa;Bilateria;Protostomia;Spiralia;Lophotrochozoa;Platyhelminthes;Monogenea;Monopisthocotylea;Dactylogyridea;Ancyrocephalidae;Cichlidogyrus;Cichlidogyrus casuarinus,5,370,940,1304
411,blade,AF-A0A368GKK6-F1-model_v6,1.0,1.2e-15,29170.0,cellular organisms;Eukaryota;Opisthokonta;Metazoa;Eumetazoa;Bilateria;Protostomia;Ecdysozoa;Nematoda;Chromadorea;Rhabditida;Rhabditina;Rhabditomorpha;Strongyloidea;Ancylostomatidae;Ancylostomatinae;Ancylostoma;Ancylostoma caninum,4,518,3,541
412,blade,AF-A0A9N9QVJ7-F1-model_v6,1.0,1.34e-17,40085.0,cellular organisms;Eukaryota;Opisthokonta;Metazoa;Eumetazoa;Bilateria;Protostomia;Ecdysozoa;Panarthropoda;Arthropoda;Mandibulata;Pancrustacea;Hexapoda;Insecta;Dicondylia;Pterygota;Neoptera;Endopterygota;Amphiesmenoptera;Lepidoptera;Glossata;Neolepidoptera;Heteroneura;Ditrysia;Obtectomera;Pyraloidea;Crambidae;Crambinae;Diatraea;Diatraea saccharalis,1,488,1,542
413,blade,AF-A0AAD6AEM4-F1-model_v6,1.0,7.52e-12,1090488.0,cellular organisms;Eukaryota;Opisthokonta;Metazoa;Eumetazoa;Bilateria;Deuterostomia;Chordata;Craniata;Vertebrata;Gnathostomata;Teleostomi;Euteleostomi;Actinopterygii;Actinopteri;Neopterygii;Teleostei;Osteoglossocephalai;Clupeocephala;Euteleosteomorpha;Neoteleostei;Eurypterygia;Ctenosquamata;Acanthomorphata;Euacanthomorphacea;Percomorphaceae;Eupercaria;Perciformes;Notothenioidei;Artedidraconidae;Pogonophryne;Pogonophryne albipinna,4,522,19,500
414,blade,AF-A0A914XSB9-F1-model_v6,1.0,7.15e-16,2011161.0,cellular organisms;Eukaryota;Opisthokonta;Metazoa;Eumetazoa;Bilateria;Protostomia;Ecdysozoa;Nematoda;Chromadorea;Plectida;Plectina;Plectoidea;Plectidae;Plectus;Plectus sambesii,3,518,1,476
415,blade,AF-A0A556V194-F1-model_v6,1.0,2.55e-15,175774.0,cellular organisms;Eukaryota;Opisthokonta;Metazoa;Eumetazoa;Bilateria;Deuterostomia;Chordata;Craniata;Vertebrata;Gnathostomata;Teleostomi;Euteleostomi;Actinopterygii;Actinopteri;Neopterygii;Teleostei;Osteoglossocephalai;Clupeocephala;Otomorpha;Ostariophysi;Otophysi;Characiphysae;Siluriformes;Siluroidei;Sisoridae;Sisorinae;Bagarius;Bagarius yarrelli,1,523,1,435
416,blade,AF-A0A914YQC1-F1-model_v6,1.0,2.32e-20,310955.0,cellular organisms;Eukaryota;Opisthokonta;Metazoa;Eumetazoa;Bilateria;Protostomia;Ecdysozoa;Nematoda;Chromadorea;Rhabditida;Tylenchina;Panagrolaimomorpha;Panagrolaimoidea;Panagrolaimidae;Panagrolaimus;Panagrolaimus superbus,1,524,772,1297
417,blade,AF-A0AAV2LVK2-F1-model_v6,1.0,2.41e-06,637954.0,cellular organisms;Eukaryota;Opisthokonta;Metazoa;Eumetazoa;Bilateria;Deuterostomia;Chordata;Craniata;Vertebrata;Gnathostomata;Teleostomi;Euteleostomi;Actinopterygii;Actinopteri;Neopterygii;Teleostei;Osteoglossocephalai;Clupeocephala;Euteleosteomorpha;Neoteleostei;Eurypterygia;Ctenosquamata;Acanthomorphata;Euacanthomorphacea;Percomorphaceae;Gobiaria;Gobiiformes;Gobioidei;Gobiidae;Gobiinae;Knipowitschia;Knipowitschia caucasica,2,524,725,997
418,blade,AF-A0A821TR04-F1-model_v6,1.0,2.16e-17,2762511.0,cellular organisms;Eukaryota;Opisthokonta;Metazoa;Eumetazoa;Bilateria;Protostomia;Spiralia;Gnathifera;Rotifera;Eurotatoria;Bdelloidea;Philodinida;Philodinidae;Rotaria;unclassified Rotaria;Rotaria sp. Silwood1,1,508,2,542
419,blade,AF-A0A3P7FGZ1-F1-model_v6,1.0,2.95e-17,6293.0,cellular organisms;Eukaryota;Opisthokonta;Metazoa;Eumetazoa;Bilateria;Protostomia;Ecdysozoa;Nematoda;Chromadorea;Rhabditida;Spirurina;Spiruromorpha;Filarioidea;Onchocercidae;Wuchereria;Wuchereria bancrofti,1,519,1,542
420,blade,AF-A0ABD2QNM9-F1-model_v6,1.0,6.92e-13,1844966.0,cellular organisms;Eukaryota;Opisthokonta;Metazoa;Eumetazoa;Bilateria;Protostomia;Spiralia;Lophotrochozoa;Platyhelminthes;Monogenea;Monopisthocotylea;Dactylogyridea;Ancyrocephalidae;Cichlidogyrus;Cichlidogyrus casuarinus,25,503,312,708
421,blade,AF-A0A8C0UDY1-F1-model_v6,1.0,9.070000000000001e-31,156563.0,cellular organisms;Eukaryota;Opisthokonta;Metazoa;Eumetazoa;Bilateria;Deuterostomia;Chordata;Craniata;Vertebrata;Gnathostomata;Teleostomi;Euteleostomi;Sarcopterygii;Dipnotetrapodomorpha;Tetrapoda;Amniota;Sauropsida;Sauria;Archelosauria;Archosauria;Dinosauria;Saurischia;Theropoda;Coelurosauria;Aves;Neognathae;Neoaves;Telluraves;Australaves;Passeriformes;Paridae;Cyanistes;Cyanistes caeruleus,40,437,875,1265
422,blade,AF-A0A1W7R470-F1-model_v6,1.0,3.89e-20,7160.0,cellular organisms;Eukaryota;Opisthokonta;Metazoa;Eumetazoa;Bilateria;Protostomia;Ecdysozoa;Panarthropoda;Arthropoda;Mandibulata;Pancrustacea;Hexapoda;Insecta;Dicondylia;Pterygota;Neoptera;Endopterygota;Diptera;Nematocera;Culicomorpha;Culicoidea;Culicidae;Culicinae;Aedini;Aedes;Stegomyia;Aedes albopictus,1,509,1,542
423,blade,AF-A0AAR5QG10-F1-model_v6,1.0,1.01e-19,77166.0,cellular organisms;Eukaryota;Opisthokonta;Metazoa;Eumetazoa;Bilateria;Protostomia;Ecdysozoa;Panarthropoda;Arthropoda;Mandibulata;Pancrustacea;Hexapoda;Insecta;Dicondylia;Pterygota;Neoptera;Endopterygota;Coleoptera;Polyphaga;Cucujiformia;Curculionoidea;Curculionidae;Scolytinae;Dendroctonus;Dendroctonus ponderosae,1,503,390,887
424,blade,AF-A0A077ZB03-F1-model_v6,1.0,1.83e-17,36087.0,cellular organisms;Eukaryota;Opisthokonta;Metazoa;Eumetazoa;Bilateria;Protostomia;Ecdysozoa;Nematoda;Enoplea;Dorylaimia;Trichinellida;Trichuridae;Trichuris;Trichuris trichiura,4,509,7,531
426,blade,AF-A0A151P375-F1-model_v6,1.0,1.08e-40,8496.0,cellular organisms;Eukaryota;Opisthokonta;Metazoa;Eumetazoa;Bilateria;Deuterostomia;Chordata;Craniata;Vertebrata;Gnathostomata;Teleostomi;Euteleostomi;Sarcopterygii;Dipnotetrapodomorpha;Tetrapoda;Amniota;Sauropsida;Sauria;Archelosauria;Archosauria;Crocodylia;Alligatoridae;Alligatorinae;Alligator;Alligator mississippiensis,2,477,612,1100
427,blade,AF-N6SRF8-F1-model_v6,1.0,1.46e-15,77166.0,cellular organisms;Eukaryota;Opisthokonta;Metazoa;Eumetazoa;Bilateria;Protostomia;Ecdysozoa;Panarthropoda;Arthropoda;Mandibulata;Pancrustacea;Hexapoda;Insecta;Dicondylia;Pterygota;Neoptera;Endopterygota;Coleoptera;Polyphaga;Cucujiformia;Curculionoidea;Curculionidae;Scolytinae;Dendroctonus;Dendroctonus ponderosae,1,442,387,792
428,blade,AF-A0A7I8V5E3-F1-model_v6,1.0,1.71e-15,2664684.0,cellular organisms;Eukaryota;Opisthokonta;Metazoa;Eumetazoa;Bilateria;Protostomia;Spiralia;Lophotrochozoa;Annelida;Polychaeta;Polychaeta incertae sedis;Dinophilidae;Dimorphilus;Dimorphilus gyrociliatus,2,495,66,572
429,blade,AF-A0A7R8ZE57-F1-model_v6,1.0,0.000629,61478.0,cellular organisms;Eukaryota;Opisthokonta;Metazoa;Eumetazoa;Bilateria;Protostomia;Ecdysozoa;Panarthropoda;Arthropoda;Mandibulata;Pancrustacea;Hexapoda;Insecta;Dicondylia;Pterygota;Neoptera;Polyneoptera;Phasmatodea;Timematodea;Timematoidea;Timematidae;Timema;Timema douglasi,40,286,1099,1304
430,blade,AF-S8E9K8-F1-model_v6,1.0,0.000516,192259.0,cellular organisms;Eukaryota;Viridiplantae;Streptophyta;Streptophytina;Embryophyta;Tracheophyta;Euphyllophyta;Spermatophyta;Magnoliopsida;Mesangiospermae;eudicotyledons;Gunneridae;Pentapetalae;asterids;lamiids;Lamiales;Lentibulariaceae;Genlisea;Genlisea aurea,1,492,26,572
431,blade,AF-A0A6F9BY74-F1-model_v6,1.0,3.4e-26,861768.0,cellular organisms;Eukaryota;Opisthokonta;Metazoa;Eumetazoa;Bilateria;Deuterostomia;Chordata;Craniata;Vertebrata;Gnathostomata;Teleostomi;Euteleostomi;Actinopterygii;Actinopteri;Neopterygii;Teleostei;Osteoglossocephalai;Clupeocephala;Euteleosteomorpha;Protacanthopterygii;Salmoniformes;Salmonidae;Coregoninae;Coregonus;unclassified Coregonus;Coregonus sp. 'balchen',1,493,546,997
432,blade,AF-A0A2Y9GZJ7-F1-model_v6,1.0,5.25e-27,29088.0,cellular organisms;Eukaryota;Opisthokonta;Metazoa;Eumetazoa;Bilateria;Deuterostomia;Chordata;Craniata;Vertebrata;Gnathostomata;Teleostomi;Euteleostomi;Sarcopterygii;Dipnotetrapodomorpha;Tetrapoda;Amniota;Mammalia;Theria;Eutheria;Boreoeutheria;Laurasiatheria;Carnivora;Caniformia;Pinnipedia;Phocidae;Monachinae;Monachini;Neomonachus;Neomonachus schauinslandi,1,422,23,433
433,blade,AF-A0A3B4BM33-F1-model_v6,1.0,6.7e-25,409849.0,cellular organisms;Eukaryota;Opisthokonta;Metazoa;Eumetazoa;Bilateria;Deuterostomia;Chordata;Craniata;Vertebrata;Gnathostomata;Teleostomi;Euteleostomi;Actinopterygii;Actinopteri;Neopterygii;Teleostei;Osteoglossocephalai;Clupeocephala;Euteleosteomorpha;Neoteleostei;Eurypterygia;Ctenosquamata;Acanthomorphata;Euacanthomorphacea;Percomorphaceae;Gobiaria;Gobiiformes;Gobioidei;Gobiidae;Oxudercinae;Periophthalmus;Periophthalmus magnuspinnatus,1,411,870,1280
434,blade,AF-A0A7F8RLG2-F1-model_v6,1.0,1.83e-20,9713.0,cellular organisms;Eukaryota;Opisthokonta;Metazoa;Eumetazoa;Bilateria;Deuterostomia;Chordata;Craniata;Vertebrata;Gnathostomata;Teleostomi;Euteleostomi;Sarcopterygii;Dipnotetrapodomorpha;Tetrapoda;Amniota;Mammalia;Theria;Eutheria;Boreoeutheria;Laurasiatheria;Carnivora;Caniformia;Pinnipedia;Phocidae;Monachinae;Lobodontini;Leptonychotes;Leptonychotes weddellii,3,470,414,829
435,blade,AF-A0A0M3KAN0-F1-model_v6,1.0,4.5400000000000005e-22,6269.0,cellular organisms;Eukaryota;Opisthokonta;Metazoa;Eumetazoa;Bilateria;Protostomia;Ecdysozoa;Nematoda;Chromadorea;Rhabditida;Spirurina;Ascaridomorpha;Ascaridoidea;Anisakidae;Anisakis;Anisakis simplex complex;Anisakis simplex,8,485,755,1262
436,blade,AF-A0A7S1NIG2-F1-model_v6,1.0,0.00424,73025.0,cellular organisms;Eukaryota;Discoba;Euglenozoa;Euglenida;Spirocuta;Euglenophyceae;Eutreptiales;Eutreptiaceae;Eutreptiella;Eutreptiella gymnastica,49,484,1,438
437,blade,AF-A0A7R9GZC7-F1-model_v6,1.0,3.1e-16,170557.0,cellular organisms;Eukaryota;Opisthokonta;Metazoa;Eumetazoa;Bilateria;Protostomia;Ecdysozoa;Panarthropoda;Arthropoda;Mandibulata;Pancrustacea;Hexapoda;Insecta;Dicondylia;Pterygota;Neoptera;Polyneoptera;Phasmatodea;Timematodea;Timematoidea;Timematidae;Timema;Timema poppense,3,489,7,522
438,blade,AF-A0A819ZWP4-F1-model_v6,1.0,4.44e-16,433720.0,cellular organisms;Eukaryota;Opisthokonta;Metazoa;Eumetazoa;Bilateria;Protostomia;Spiralia;Gnathifera;Rotifera;Eurotatoria;Bdelloidea;Adinetida;Adinetidae;Adineta;Adineta steineri,2,483,679,1170
439,blade,AF-A0A0M3I8P1-F1-model_v6,1.0,1.22e-07,6252.0,cellular organisms;Eukaryota;Opisthokonta;Metazoa;Eumetazoa;Bilateria;Protostomia;Ecdysozoa;Nematoda;Chromadorea;Rhabditida;Spirurina;Ascaridomorpha;Ascaridoidea;Ascarididae;Ascaris;Ascaris lumbricoides,4,454,783,1304
440,blade,AF-U4UL03-F1-model_v6,1.0,5.65e-15,77166.0,cellular organisms;Eukaryota;Opisthokonta;Metazoa;Eumetazoa;Bilateria;Protostomia;Ecdysozoa;Panarthropoda;Arthropoda;Mandibulata;Pancrustacea;Hexapoda;Insecta;Dicondylia;Pterygota;Neoptera;Endopterygota;Coleoptera;Polyphaga;Cucujiformia;Curculionoidea;Curculionidae;Scolytinae;Dendroctonus;Dendroctonus ponderosae,3,459,54,542
441,blade,AF-A0AAD3NN43-F1-model_v6,1.0,3.72e-07,270547.0,cellular organisms;Eukaryota;Opisthokonta;Metazoa;Eumetazoa;Bilateria;Deuterostomia;Chordata;Craniata;Vertebrata;Gnathostomata;Teleostomi;Euteleostomi;Actinopterygii;Actinopteri;Neopterygii;Teleostei;Osteoglossocephalai;Clupeocephala;Euteleosteomorpha;Neoteleostei;Eurypterygia;Ctenosquamata;Acanthomorphata;Euacanthomorphacea;Percomorphaceae;Carangaria;Carangaria incertae sedis;Centropomidae;Lates;Lates japonicus,88,484,286,615
442,blade,AF-A0A3B5M9M3-F1-model_v6,1.0,5.72e-25,32473.0,cellular organisms;Eukaryota;Opisthokonta;Metazoa;Eumetazoa;Bilateria;Deuterostomia;Chordata;Craniata;Vertebrata;Gnathostomata;Teleostomi;Euteleostomi;Actinopterygii;Actinopteri;Neopterygii;Teleostei;Osteoglossocephalai;Clupeocephala;Euteleosteomorpha;Neoteleostei;Eurypterygia;Ctenosquamata;Acanthomorphata;Euacanthomorphacea;Percomorphaceae;Ovalentaria;Atherinomorphae;Cyprinodontiformes;Cyprinodontoidei;Poeciliidae;Poeciliinae;Xiphophorus;Xiphophorus couchianus,7,397,878,1265
443,blade,AF-A0AAV2AQ35-F1-model_v6,1.0,4.67e-12,280406.0,cellular organisms;Eukaryota;Opisthokonta;Metazoa;Eumetazoa;Bilateria;Protostomia;Ecdysozoa;Panarthropoda;Arthropoda;Chelicerata;Arachnida;Araneae;Araneomorphae;Entelegynae;Orbiculariae;Araneoidea;Araneidae;Larinioides;Larinioides sclopetarius,73,461,3,418
444,blade,AF-A0A1I8B460-F1-model_v6,1.0,1.75e-08,6305.0,cellular organisms;Eukaryota;Opisthokonta;Metazoa;Eumetazoa;Bilateria;Protostomia;Ecdysozoa;Nematoda;Chromadorea;Rhabditida;Tylenchina;Tylenchomorpha;Tylenchoidea;Meloidogynidae;Meloidogyninae;Meloidogyne;Meloidogyne hapla,1,464,148,715
445,blade,AF-A0A6G1QMZ4-F1-model_v6,1.0,2.65e-15,215402.0,cellular organisms;Eukaryota;Opisthokonta;Metazoa;Eumetazoa;Bilateria;Deuterostomia;Chordata;Craniata;Vertebrata;Gnathostomata;Teleostomi;Euteleostomi;Actinopterygii;Actinopteri;Neopterygii;Teleostei;Osteoglossocephalai;Clupeocephala;Euteleosteomorpha;Neoteleostei;Eurypterygia;Ctenosquamata;Acanthomorphata;Euacanthomorphacea;Percomorphaceae;Anabantaria;Anabantiformes;Channoidei;Channidae;Channa;Channa argus,1,481,1,551
446,blade,AF-A0A3M7SW70-F1-model_v6,1.0,5.7e-11,10195.0,cellular organisms;Eukaryota;Opisthokonta;Metazoa;Eumetazoa;Bilateria;Protostomia;Spiralia;Gnathifera;Rotifera;Eurotatoria;Monogononta;Pseudotrocha;Ploima;Brachionidae;Brachionus;Brachionus plicatilis,62,452,1,423
447,blade,AF-A0A183CAA2-F1-model_v6,1.0,5.34e-06,36090.0,cellular organisms;Eukaryota;Opisthokonta;Metazoa;Eumetazoa;Bilateria;Protostomia;Ecdysozoa;Nematoda;Chromadorea;Rhabditida;Tylenchina;Tylenchomorpha;Tylenchoidea;Heteroderidae;Heteroderinae;Globodera;Globodera pallida,17,478,229,733
448,blade,AF-A0A913WTW8-F1-model_v6,1.0,1.24e-16,2652724.0,cellular organisms;Eukaryota;Opisthokonta;Metazoa;Eumetazoa;Cnidaria;Anthozoa;Hexacorallia;Actiniaria;Aiptasiidae;Exaiptasia;Exaiptasia diaphana,2,476,465,929
449,blade,AF-A0A8B6XM53-F1-model_v6,1.0,1.87e-12,6087.0,cellular organisms;Eukaryota;Opisthokonta;Metazoa;Eumetazoa;Cnidaria;Hydrozoa;Hydroidolina;Anthoathecata;Aplanulata;Hydridae;Hydra;Hydra vulgaris,3,317,976,1302
450,blade,AF-A0A8S3YZ24-F1-model_v6,1.0,1.05e-19,100452.0,cellular organisms;Eukaryota;Opisthokonta;Metazoa;Eumetazoa;Bilateria;Protostomia;Spiralia;Lophotrochozoa;Mollusca;Gastropoda;Heterobranchia;Euthyneura;Panpulmonata;Eupulmonata;Stylommatophora;Helicina;Helicoidea;Geomitridae;Candidula;Candidula unifasciata,1,471,755,1212
451,blade,AF-A0A6H5HQ23-F1-model_v6,1.0,1.46e-16,355587.0,cellular organisms;Eukaryota;Opisthokonta;Metazoa;Eumetazoa;Bilateria;Protostomia;Ecdysozoa;Panarthropoda;Arthropoda;Mandibulata;Pancrustacea;Hexapoda;Insecta;Dicondylia;Pterygota;Neoptera;Paraneoptera;Hemiptera;Prosorrhyncha;Heteroptera;Euheteroptera;Neoheteroptera;Panheteroptera;Cimicomorpha;Cimicoidea;Miridae;Bryocorinae;Dicyphini;Dicyphina;Nesidiocoris;Nesidiocoris tenuis,2,469,207,663
452,blade,AF-A0AAW0PHZ7-F1-model_v6,1.0,0.00497,88201.0,cellular organisms;Eukaryota;Opisthokonta;Metazoa;Eumetazoa;Bilateria;Deuterostomia;Chordata;Craniata;Vertebrata;Gnathostomata;Teleostomi;Euteleostomi;Actinopterygii;Actinopteri;Neopterygii;Teleostei;Osteoglossocephalai;Clupeocephala;Euteleosteomorpha;Neoteleostei;Eurypterygia;Ctenosquamata;Acanthomorphata;Euacanthomorphacea;Percomorphaceae;Gobiaria;Gobiiformes;Gobioidei;Gobiidae;Gobionellinae;Mugilogobius;Mugilogobius chulae,33,385,42,432
453,blade,AF-A0A914WB89-F1-model_v6,1.0,3.68e-12,2011161.0,cellular organisms;Eukaryota;Opisthokonta;Metazoa;Eumetazoa;Bilateria;Protostomia;Ecdysozoa;Nematoda;Chromadorea;Plectida;Plectina;Plectoidea;Plectidae;Plectus;Plectus sambesii,5,468,5,473
454,blade,AF-A0A8B9S359-F1-model_v6,1.0,6.21e-24,8824.0,cellular organisms;Eukaryota;Opisthokonta;Metazoa;Eumetazoa;Bilateria;Deuterostomia;Chordata;Craniata;Vertebrata;Gnathostomata;Teleostomi;Euteleostomi;Sarcopterygii;Dipnotetrapodomorpha;Tetrapoda;Amniota;Sauropsida;Sauria;Archelosauria;Archosauria;Dinosauria;Saurischia;Theropoda;Coelurosauria;Aves;Palaeognathae;Apterygiformes;Apterygidae;Apteryx;Apteryx owenii,2,457,834,1300
455,blade,AF-A0A6V7NTB9-F1-model_v6,1.0,0.00538,296719.0,cellular organisms;Eukaryota;Viridiplantae;Streptophyta;Streptophytina;Embryophyta;Tracheophyta;Euphyllophyta;Spermatophyta;Magnoliopsida;Mesangiospermae;Liliopsida;Petrosaviidae;commelinids;Poales;Bromeliaceae;Bromelioideae;Ananas;Ananas comosus;Ananas comosus var. bracteatus,10,353,182,572
456,blade,AF-A0AB40DKU8-F1-model_v6,1.0,6.24e-07,28584.0,cellular organisms;Eukaryota;Opisthokonta;Metazoa;Eumetazoa;Bilateria;Protostomia;Ecdysozoa;Panarthropoda;Arthropoda;Mandibulata;Pancrustacea;Hexapoda;Insecta;Dicondylia;Pterygota;Neoptera;Endopterygota;Diptera;Brachycera;Muscomorpha;Eremoneura;Cyclorrhapha;Schizophora;Acalyptratae;Ephydroidea;Drosophilidae;Drosophilinae;Drosophilini;Drosophila;Sophophora;melanogaster group;suzukii subgroup;Drosophila suzukii,1,317,2,334
457,blade,AF-A0AA88LES4-F1-model_v6,1.0,7.86e-10,6661.0,cellular organisms;Eukaryota;Opisthokonta;Metazoa;Eumetazoa;Bilateria;Protostomia;Ecdysozoa;Panarthropoda;Arthropoda;Mandibulata;Pancrustacea;Crustacea;Branchiopoda;Sarsostraca;Anostraca;Artemiidae;Artemia;Artemia franciscana,4,466,451,887
458,blade,AF-A0A6B0SBU8-F1-model_v6,1.0,1e-22,72004.0,cellular organisms;Eukaryota;Opisthokonta;Metazoa;Eumetazoa;Bilateria;Deuterostomia;Chordata;Craniata;Vertebrata;Gnathostomata;Teleostomi;Euteleostomi;Sarcopterygii;Dipnotetrapodomorpha;Tetrapoda;Amniota;Mammalia;Theria;Eutheria;Boreoeutheria;Laurasiatheria;Artiodactyla;Ruminantia;Pecora;Bovidae;Bovinae;Bos;Bos mutus,2,460,566,1034
459,blade,AF-A0A3Q2YRV2-F1-model_v6,1.0,3.32e-20,109280.0,cellular organisms;Eukaryota;Opisthokonta;Metazoa;Eumetazoa;Bilateria;Deuterostomia;Chordata;Craniata;Vertebrata;Gnathostomata;Teleostomi;Euteleostomi;Actinopterygii;Actinopteri;Neopterygii;Teleostei;Osteoglossocephalai;Clupeocephala;Euteleosteomorpha;Neoteleostei;Eurypterygia;Ctenosquamata;Acanthomorphata;Euacanthomorphacea;Percomorphaceae;Syngnathiaria;Syngnathiformes;Syngnathoidei;Syngnathidae;Hippocampinae;Hippocampus;Hippocampus comes,25,423,860,1280
460,blade,AF-A0AAV2LVL5-F1-model_v6,1.0,1.22e-07,637954.0,cellular organisms;Eukaryota;Opisthokonta;Metazoa;Eumetazoa;Bilateria;Deuterostomia;Chordata;Craniata;Vertebrata;Gnathostomata;Teleostomi;Euteleostomi;Actinopterygii;Actinopteri;Neopterygii;Teleostei;Osteoglossocephalai;Clupeocephala;Euteleosteomorpha;Neoteleostei;Eurypterygia;Ctenosquamata;Acanthomorphata;Euacanthomorphacea;Percomorphaceae;Gobiaria;Gobiiformes;Gobioidei;Gobiidae;Gobiinae;Knipowitschia;Knipowitschia caucasica,3,349,78,406
461,blade,AF-A0AAW0NQ38-F1-model_v6,1.0,4.94e-20,88201.0,cellular organisms;Eukaryota;Opisthokonta;Metazoa;Eumetazoa;Bilateria;Deuterostomia;Chordata;Craniata;Vertebrata;Gnathostomata;Teleostomi;Euteleostomi;Actinopterygii;Actinopteri;Neopterygii;Teleostei;Osteoglossocephalai;Clupeocephala;Euteleosteomorpha;Neoteleostei;Eurypterygia;Ctenosquamata;Acanthomorphata;Euacanthomorphacea;Percomorphaceae;Gobiaria;Gobiiformes;Gobioidei;Gobiidae;Gobionellinae;Mugilogobius;Mugilogobius chulae,46,459,144,577
462,blade,AF-A0A0C2G3H6-F1-model_v6,1.0,1.55e-07,51022.0,cellular organisms;Eukaryota;Opisthokonta;Metazoa;Eumetazoa;Bilateria;Protostomia;Ecdysozoa;Nematoda;Chromadorea;Rhabditida;Rhabditina;Rhabditomorpha;Strongyloidea;Ancylostomatidae;Ancylostomatinae;Ancylostoma;Ancylostoma duodenale,93,439,233,570
463,blade,AF-A0A668U3Y2-F1-model_v6,1.0,7.899999999999999e-23,47969.0,cellular organisms;Eukaryota;Opisthokonta;Metazoa;Eumetazoa;Bilateria;Deuterostomia;Chordata;Craniata;Vertebrata;Gnathostomata;Teleostomi;Euteleostomi;Actinopterygii;Actinopteri;Neopterygii;Teleostei;Osteoglossocephalai;Clupeocephala;Euteleosteomorpha;Neoteleostei;Eurypterygia;Ctenosquamata;Acanthomorphata;Euacanthomorphacea;Percomorphaceae;Ovalentaria;Cichlomorphae;Cichliformes;Cichlidae;African cichlids;Pseudocrenilabrinae;Oreochromini;Oreochromis;Oreochromis aureus,54,442,899,1280
464,blade,AF-A0A2K3PAI8-F1-model_v6,1.0,0.02,57577.0,cellular organisms;Eukaryota;Viridiplantae;Streptophyta;Streptophytina;Embryophyta;Tracheophyta;Euphyllophyta;Spermatophyta;Magnoliopsida;Mesangiospermae;eudicotyledons;Gunneridae;Pentapetalae;rosids;fabids;Fabales;Fabaceae;Papilionoideae;50 kb inversion clade;NPAAA clade;Hologalegina;IRL clade;Trifolieae;Trifolium;Trifolium pratense,10,457,228,737
465,blade,AF-A0AAV0R027-F1-model_v6,1.0,0.0234,586396.0,cellular organisms;Eukaryota;Viridiplantae;Streptophyta;Streptophytina;Embryophyta;Tracheophyta;Euphyllophyta;Spermatophyta;Magnoliopsida;Mesangiospermae;eudicotyledons;Gunneridae;Pentapetalae;rosids;fabids;Malpighiales;Linaceae;Linum;Linum tenue,154,457,979,1298
466,blade,AF-A0A3Q1EIG3-F1-model_v6,1.0,4e-25,80966.0,cellular organisms;Eukaryota;Opisthokonta;Metazoa;Eumetazoa;Bilateria;Deuterostomia;Chordata;Craniata;Vertebrata;Gnathostomata;Teleostomi;Euteleostomi;Actinopterygii;Actinopteri;Neopterygii;Teleostei;Osteoglossocephalai;Clupeocephala;Euteleosteomorpha;Neoteleostei;Eurypterygia;Ctenosquamata;Acanthomorphata;Euacanthomorphacea;Percomorphaceae;Ovalentaria;Ovalentaria incertae sedis;Pomacentridae;Acanthochromis;Acanthochromis polyacanthus,1,397,870,1280
467,blade,MGYP001059347393,1.0,2.3e-05,1580589.0,cellular organisms;Eukaryota;Amoebozoa;Evosea;Archamoebae;Pelobiontida;Pelomyxidae;Pelomyxa;Pelomyxa schiedti,24,418,414,875
468,blade,AF-A0A3B3CX11-F1-model_v6,1.0,9.359999999999999e-34,30732.0,cellular organisms;Eukaryota;Opisthokonta;Metazoa;Eumetazoa;Bilateria;Deuterostomia;Chordata;Craniata;Vertebrata;Gnathostomata;Teleostomi;Euteleostomi;Actinopterygii;Actinopteri;Neopterygii;Teleostei;Osteoglossocephalai;Clupeocephala;Euteleosteomorpha;Neoteleostei;Eurypterygia;Ctenosquamata;Acanthomorphata;Euacanthomorphacea;Percomorphaceae;Ovalentaria;Atherinomorphae;Beloniformes;Adrianichthyoidei;Adrianichthyidae;Oryziinae;Oryzias;Oryzias melastigma,1,397,870,1265
469,blade,AF-A0ABD1CJG4-F1-model_v6,1.0,2.31e-08,38569.0,cellular organisms;Eukaryota;Opisthokonta;Metazoa;Eumetazoa;Bilateria;Protostomia;Ecdysozoa;Panarthropoda;Arthropoda;Mandibulata;Pancrustacea;Hexapoda;Insecta;Dicondylia;Pterygota;Neoptera;Endopterygota;Diptera;Nematocera;Culicomorpha;Culicoidea;Culicidae;Culicinae;Culicini;Culex;Culex;Culex pipiens complex;Culex pipiens;Culex pipiens pipiens,49,396,1,344
470,blade,AF-A0A4U5LX43-F1-model_v6,1.0,1.18e-05,34508.0,cellular organisms;Eukaryota;Opisthokonta;Metazoa;Eumetazoa;Bilateria;Protostomia;Ecdysozoa;Nematoda;Chromadorea;Rhabditida;Tylenchina;Panagrolaimomorpha;Strongyloidoidea;Steinernematidae;Steinernema;Steinernema carpocapsae,59,449,44,405
471,blade,AF-A0A0N4U6X7-F1-model_v6,1.0,9.55e-09,318479.0,cellular organisms;Eukaryota;Opisthokonta;Metazoa;Eumetazoa;Bilateria;Protostomia;Ecdysozoa;Nematoda;Chromadorea;Rhabditida;Spirurina;Dracunculoidea;Dracunculidae;Dracunculus;Dracunculus medinensis,4,452,65,519
473,blade,AF-A0AB34GG41-F1-model_v6,1.0,7.95e-06,9764.0,cellular organisms;Eukaryota;Opisthokonta;Metazoa;Eumetazoa;Bilateria;Deuterostomia;Chordata;Craniata;Vertebrata;Gnathostomata;Teleostomi;Euteleostomi;Sarcopterygii;Dipnotetrapodomorpha;Tetrapoda;Amniota;Mammalia;Theria;Eutheria;Boreoeutheria;Laurasiatheria;Artiodactyla;Whippomorpha;Cetacea;Mysticeti;Eschrichtiidae;Eschrichtius;Eschrichtius robustus,18,356,20,418
474,blade,AF-A0A9D5AW82-F1-model_v6,1.0,0.000361,3888.0,cellular organisms;Eukaryota;Viridiplantae;Streptophyta;Streptophytina;Embryophyta;Tracheophyta;Euphyllophyta;Spermatophyta;Magnoliopsida;Mesangiospermae;eudicotyledons;Gunneridae;Pentapetalae;rosids;fabids;Fabales;Fabaceae;Papilionoideae;50 kb inversion clade;NPAAA clade;Hologalegina;IRL clade;Fabeae;Lathyrus;Lathyrus oleraceus,10,449,20,553
475,blade,AF-L8I5C6-F1-model_v6,1.0,1.22e-09,72004.0,cellular organisms;Eukaryota;Opisthokonta;Metazoa;Eumetazoa;Bilateria;Deuterostomia;Chordata;Craniata;Vertebrata;Gnathostomata;Teleostomi;Euteleostomi;Sarcopterygii;Dipnotetrapodomorpha;Tetrapoda;Amniota;Mammalia;Theria;Eutheria;Boreoeutheria;Laurasiatheria;Artiodactyla;Ruminantia;Pecora;Bovidae;Bovinae;Bos;Bos mutus,66,448,211,544
476,blade,AF-A0A914VRI6-F1-model_v6,1.0,0.0119,2011161.0,cellular organisms;Eukaryota;Opisthokonta;Metazoa;Eumetazoa;Bilateria;Protostomia;Ecdysozoa;Nematoda;Chromadorea;Plectida;Plectina;Plectoidea;Plectidae;Plectus;Plectus sambesii,6,240,1097,1302
477,blade,AF-A0A397KV94-F1-model_v6,1.0,1.09e-05,3711.0,cellular organisms;Eukaryota;Viridiplantae;Streptophyta;Streptophytina;Embryophyta;Tracheophyta;Euphyllophyta;Spermatophyta;Magnoliopsida;Mesangiospermae;eudicotyledons;Gunneridae;Pentapetalae;rosids;malvids;Brassicales;Brassicaceae;Brassiceae;Brassica;Brassica rapa,5,442,10,540
478,blade,AF-A0A5E4QNF1-F1-model_v6,1.0,1.89e-09,189913.0,cellular organisms;Eukaryota;Opisthokonta;Metazoa;Eumetazoa;Bilateria;Protostomia;Ecdysozoa;Panarthropoda;Arthropoda;Mandibulata;Pancrustacea;Hexapoda;Insecta;Dicondylia;Pterygota;Neoptera;Endopterygota;Amphiesmenoptera;Lepidoptera;Glossata;Neolepidoptera;Heteroneura;Ditrysia;Obtectomera;Papilionoidea;Pieridae;Dismorphiinae;Leptidea;Leptidea sinapis,2,252,1061,1304
479,blade,AF-L8Y928-F1-model_v6,1.0,3.04e-08,246437.0,cellular organisms;Eukaryota;Opisthokonta;Metazoa;Eumetazoa;Bilateria;Deuterostomia;Chordata;Craniata;Vertebrata;Gnathostomata;Teleostomi;Euteleostomi;Sarcopterygii;Dipnotetrapodomorpha;Tetrapoda;Amniota;Mammalia;Theria;Eutheria;Boreoeutheria;Euarchontoglires;Scandentia;Tupaiidae;Tupaia;Tupaia chinensis,3,441,126,495
480,blade,AF-Q4S7Z5-F1-model_v6,1.0,5.01e-15,99883.0,cellular organisms;Eukaryota;Opisthokonta;Metazoa;Eumetazoa;Bilateria;Deuterostomia;Chordata;Craniata;Vertebrata;Gnathostomata;Teleostomi;Euteleostomi;Actinopterygii;Actinopteri;Neopterygii;Teleostei;Osteoglossocephalai;Clupeocephala;Euteleosteomorpha;Neoteleostei;Eurypterygia;Ctenosquamata;Acanthomorphata;Euacanthomorphacea;Percomorphaceae;Eupercaria;Tetraodontiformes;Tetraodontoidei;Tetradontoidea;Tetraodontidae;Tetraodon;Tetraodon nigroviridis,1,428,1,433
481,blade,AF-A0A9Q9XTT8-F1-model_v6,1.0,3.12e-14,7962.0,cellular organisms;Eukaryota;Opisthokonta;Metazoa;Eumetazoa;Bilateria;Deuterostomia;Chordata;Craniata;Vertebrata;Gnathostomata;Teleostomi;Euteleostomi;Actinopterygii;Actinopteri;Neopterygii;Teleostei;Osteoglossocephalai;Clupeocephala;Otomorpha;Ostariophysi;Otophysi;Cypriniphysae;Cypriniformes;Cyprinoidei;Cyprinidae;Cyprininae;Cyprinus;Cyprinus carpio,1,374,1,334
482,blade,AF-A0A8C9Q8C8-F1-model_v6,1.0,4.7099999999999995e-23,99837.0,cellular organisms;Eukaryota;Opisthokonta;Metazoa;Eumetazoa;Bilateria;Deuterostomia;Chordata;Craniata;Vertebrata;Gnathostomata;Teleostomi;Euteleostomi;Sarcopterygii;Dipnotetrapodomorpha;Tetrapoda;Amniota;Mammalia;Theria;Eutheria;Boreoeutheria;Euarchontoglires;Glires;Rodentia;Sciuromorpha;Sciuridae;Xerinae;Marmotini;Spermophilus;Spermophilus dauricus,1,407,870,1280
483,blade,AF-A0A835TXX3-F1-model_v6,1.0,1.09e-07,245042.0,cellular organisms;Eukaryota;Opisthokonta;Metazoa;Eumetazoa;Bilateria;Deuterostomia;Chordata;Craniata;Vertebrata;Gnathostomata;Teleostomi;Euteleostomi;Sarcopterygii;Dipnotetrapodomorpha;Tetrapoda;Amniota;Sauropsida;Sauria;Archelosauria;Archosauria;Dinosauria;Saurischia;Theropoda;Coelurosauria;Aves;Neognathae;Neoaves;Telluraves;Australaves;Passeriformes;Sturnidae;Lamprotornis;Lamprotornis superbus,2,383,129,433
484,blade,AF-A0A4U5LX63-F1-model_v6,1.0,6.19e-10,34508.0,cellular organisms;Eukaryota;Opisthokonta;Metazoa;Eumetazoa;Bilateria;Protostomia;Ecdysozoa;Nematoda;Chromadorea;Rhabditida;Tylenchina;Panagrolaimomorpha;Strongyloidoidea;Steinernematidae;Steinernema;Steinernema carpocapsae,1,431,1,407
485,blade,AF-A0A6A5DPM4-F1-model_v6,1.0,6.92e-13,8168.0,cellular organisms;Eukaryota;Opisthokonta;Metazoa;Eumetazoa;Bilateria;Deuterostomia;Chordata;Craniata;Vertebrata;Gnathostomata;Teleostomi;Euteleostomi;Actinopterygii;Actinopteri;Neopterygii;Teleostei;Osteoglossocephalai;Clupeocephala;Euteleosteomorpha;Neoteleostei;Eurypterygia;Ctenosquamata;Acanthomorphata;Euacanthomorphacea;Percomorphaceae;Eupercaria;Perciformes;Percoidei;Percidae;Percinae;Perca;Perca fluviatilis,1,435,1,395
486,blade,AF-A0A8C6UCF1-F1-model_v6,1.0,3.86e-23,47308.0,cellular organisms;Eukaryota;Opisthokonta;Metazoa;Eumetazoa;Bilateria;Deuterostomia;Chordata;Craniata;Vertebrata;Gnathostomata;Teleostomi;Euteleostomi;Actinopterygii;Actinopteri;Neopterygii;Teleostei;Osteoglossocephalai;Clupeocephala;Euteleosteomorpha;Neoteleostei;Eurypterygia;Ctenosquamata;Acanthomorphata;Euacanthomorphacea;Percomorphaceae;Gobiaria;Gobiiformes;Gobioidei;Gobiidae;Benthophilinae;Neogobiini;Neogobius;Neogobius melanostomus,18,429,884,1303
487,blade,AF-A0A0M3J222-F1-model_v6,1.0,5.33e-07,6269.0,cellular organisms;Eukaryota;Opisthokonta;Metazoa;Eumetazoa;Bilateria;Protostomia;Ecdysozoa;Nematoda;Chromadorea;Rhabditida;Spirurina;Ascaridomorpha;Ascaridoidea;Anisakidae;Anisakis;Anisakis simplex complex;Anisakis simplex,59,420,763,1160
488,blade,MGYP000926044221,1.0,0.0514,2600159.0,cellular organisms;Bacteria;Bacillati;Actinomycetota;Actinomycetes;Micrococcales;Micrococcaceae;Arthrobacter;unclassified Arthrobacter;Arthrobacter sp. UKPF54-2,1,382,558,957
489,blade,AF-A0A4U5LX52-F1-model_v6,1.0,0.000831,34508.0,cellular organisms;Eukaryota;Opisthokonta;Metazoa;Eumetazoa;Bilateria;Protostomia;Ecdysozoa;Nematoda;Chromadorea;Rhabditida;Tylenchina;Panagrolaimomorpha;Strongyloidoidea;Steinernematidae;Steinernema;Steinernema carpocapsae,24,395,100,571
490,blade,AF-A0A1B6J0B9-F1-model_v6,1.0,1.2e-13,320908.0,cellular organisms;Eukaryota;Opisthokonta;Metazoa;Eumetazoa;Bilateria;Protostomia;Ecdysozoa;Panarthropoda;Arthropoda;Mandibulata;Pancrustacea;Hexapoda;Insecta;Dicondylia;Pterygota;Neoptera;Paraneoptera;Hemiptera;Auchenorrhyncha;Cicadomorpha;Membracoidea;Cicadellidae;Cicadellinae;Proconiini;Homalodisca;Homalodisca liturata,1,426,1,442
491,blade,AF-A0A8C9G456-F1-model_v6,1.0,9.790000000000001e-32,9049.0,cellular organisms;Eukaryota;Opisthokonta;Metazoa;Eumetazoa;Bilateria;Deuterostomia;Chordata;Craniata;Vertebrata;Gnathostomata;Teleostomi;Euteleostomi;Sarcopterygii;Dipnotetrapodomorpha;Tetrapoda;Amniota;Sauropsida;Sauria;Archelosauria;Archosauria;Dinosauria;Saurischia;Theropoda;Coelurosauria;Aves;Neognathae;Galloanserae;Galliformes;Phasianidae;Phasianinae;Pavo;Pavo cristatus,1,369,870,1236
492,blade,AF-A0A1B6EJ04-F1-model_v6,1.0,3.1e-16,1464854.0,cellular organisms;Eukaryota;Opisthokonta;Metazoa;Eumetazoa;Bilateria;Protostomia;Ecdysozoa;Panarthropoda;Arthropoda;Mandibulata;Pancrustacea;Hexapoda;Insecta;Dicondylia;Pterygota;Neoptera;Paraneoptera;Hemiptera;Auchenorrhyncha;Cicadomorpha;Membracoidea;Cicadellidae;Cicadellinae;Proconiini;Cuerna;Cuerna arida,9,422,335,733
493,blade,AF-L7MCG5-F1-model_v6,1.0,3.69e-11,72859.0,cellular organisms;Eukaryota;Opisthokonta;Metazoa;Eumetazoa;Bilateria;Protostomia;Ecdysozoa;Panarthropoda;Arthropoda;Chelicerata;Arachnida;Acari;Parasitiformes;Ixodida;Ixodoidea;Ixodidae;Rhipicephalinae;Rhipicephalus;Rhipicephalus;Rhipicephalus pulchellus,27,364,1,358
494,blade,AF-A0A822F568-F1-model_v6,1.0,1.95e-12,2762511.0,cellular organisms;Eukaryota;Opisthokonta;Metazoa;Eumetazoa;Bilateria;Protostomia;Spiralia;Gnathifera;Rotifera;Eurotatoria;Bdelloidea;Philodinida;Philodinidae;Rotaria;unclassified Rotaria;Rotaria sp. Silwood1,1,421,617,1065
495,blade,AF-A0A8C0HRZ2-F1-model_v6,1.0,2.13e-23,224669.0,cellular organisms;Eukaryota;Opisthokonta;Metazoa;Eumetazoa;Bilateria;Deuterostomia;Chordata;Craniata;Vertebrata;Gnathostomata;Teleostomi;Euteleostomi;Sarcopterygii;Dipnotetrapodomorpha;Tetrapoda;Amniota;Sauropsida;Sauria;Archelosauria;Archosauria;Dinosauria;Saurischia;Theropoda;Coelurosauria;Aves;Neognathae;Neoaves;Telluraves;Accipitrimorphae;Accipitriformes;Accipitridae;Accipitrinae;Buteo;Buteo japonicus,1,387,870,1280
496,blade,AF-A0A8E0RQW4-F1-model_v6,1.0,0.000333,27845.0,cellular organisms;Eukaryota;Opisthokonta;Metazoa;Eumetazoa;Bilateria;Protostomia;Spiralia;Lophotrochozoa;Platyhelminthes;Trematoda;Digenea;Plagiorchiida;Echinostomata;Echinostomatoidea;Fasciolidae;Fasciolopsis;Fasciolopsis buskii,8,415,335,712
497,blade,AF-A0A0R3WGG5-F1-model_v6,1.0,0.00711,60517.0,cellular organisms;Eukaryota;Opisthokonta;Metazoa;Eumetazoa;Bilateria;Protostomia;Spiralia;Lophotrochozoa;Platyhelminthes;Cestoda;Eucestoda;Cyclophyllidea;Taeniidae;Taenia;Taenia asiatica,76,311,345,558
498,blade,MGYP001084979679,1.0,0.000436,5762.0,cellular organisms;Eukaryota;Discoba;Heterolobosea;Tetramitia;Eutetramitia;Vahlkampfiidae;Naegleria;Naegleria gruberi,7,353,406,723
499,blade,AF-A0A8C1V2T1-F1-model_v6,1.0,4.58e-34,7962.0,cellular organisms;Eukaryota;Opisthokonta;Metazoa;Eumetazoa;Bilateria;Deuterostomia;Chordata;Craniata;Vertebrata;Gnathostomata;Teleostomi;Euteleostomi;Actinopterygii;Actinopteri;Neopterygii;Teleostei;Osteoglossocephalai;Clupeocephala;Otomorpha;Ostariophysi;Otophysi;Cypriniphysae;Cypriniformes;Cyprinoidei;Cyprinidae;Cyprininae;Cyprinus;Cyprinus carpio,1,403,870,1271
500,blade,AF-A0A8C9S4R7-F1-model_v6,1.0,4.52e-24,113540.0,cellular organisms;Eukaryota;Opisthokonta;Metazoa;Eumetazoa;Bilateria;Deuterostomia;Chordata;Craniata;Vertebrata;Gnathostomata;Teleostomi;Euteleostomi;Actinopterygii;Actinopteri;Neopterygii;Teleostei;Osteoglossocephalai;Osteoglossocephala;Osteoglossomorpha;Osteoglossiformes;Osteoglossidae;Scleropages;Scleropages formosus,1,396,870,1280
501,blade,AF-A0ABD6EWQ7-F1-model_v6,1.0,1.08e-09,75299.0,cellular organisms;Eukaryota;Opisthokonta;Metazoa;Eumetazoa;Bilateria;Protostomia;Ecdysozoa;Nematoda;Chromadorea;Rhabditida;Spirurina;Gnathostomatomorpha;Gnathostomatoidea;Gnathostomatidae;Gnathostoma;Gnathostoma spinigerum,2,350,1,363
502,blade,AF-A0AAV6G8Z4-F1-model_v6,1.0,5.31e-23,278164.0,cellular organisms;Eukaryota;Opisthokonta;Metazoa;Eumetazoa;Bilateria;Deuterostomia;Chordata;Craniata;Vertebrata;Gnathostomata;Teleostomi;Euteleostomi;Actinopterygii;Actinopteri;Neopterygii;Teleostei;Osteoglossocephalai;Clupeocephala;Otomorpha;Clupei;Clupeiformes;Clupeoidei;Clupeidae;Alosinae;Alosa;Alosa alosa,1,412,1,403
503,blade,AF-A0A1Y3AZX3-F1-model_v6,1.0,9.85e-15,6958.0,cellular organisms;Eukaryota;Opisthokonta;Metazoa;Eumetazoa;Bilateria;Protostomia;Ecdysozoa;Panarthropoda;Arthropoda;Chelicerata;Arachnida;Acari;Acariformes;Sarcoptiformes;Astigmata;Psoroptidia;Analgoidea;Pyroglyphidae;Pyroglyphinae;Euroglyphus;Euroglyphus maynei,23,408,719,1116
504,blade,AF-A0AAN9AFM6-F1-model_v6,1.0,3.68e-12,373956.0,cellular organisms;Eukaryota;Opisthokonta;Metazoa;Eumetazoa;Bilateria;Protostomia;Ecdysozoa;Panarthropoda;Arthropoda;Mandibulata;Pancrustacea;Crustacea;Multicrustacea;Malacostraca;Eumalacostraca;Eucarida;Decapoda;Pleocyemata;Caridea;Atyoidea;Atyidae;Halocaridina;Halocaridina rubra,38,408,335,676
505,blade,AF-A0A2G9P7X7-F1-model_v6,1.0,2.3800000000000001e-26,8400.0,cellular organisms;Eukaryota;Opisthokonta;Metazoa;Eumetazoa;Bilateria;Deuterostomia;Chordata;Craniata;Vertebrata;Gnathostomata;Teleostomi;Euteleostomi;Sarcopterygii;Dipnotetrapodomorpha;Tetrapoda;Amphibia;Batrachia;Anura;Neobatrachia;Ranoidea;Ranidae;Aquarana;Aquarana catesbeiana,1,377,830,1202
506,blade,AF-A0A9Q1J915-F1-model_v6,1.0,2.03e-11,118154.0,cellular organisms;Eukaryota;Opisthokonta;Metazoa;Eumetazoa;Bilateria;Deuterostomia;Chordata;Craniata;Vertebrata;Gnathostomata;Teleostomi;Euteleostomi;Actinopterygii;Actinopteri;Neopterygii;Teleostei;Elopocephalai;Elopocephala;Elopomorpha;Anguilliformes;Synaphobranchidae;Synaphobranchinae;Synaphobranchus;Synaphobranchus kaupii,2,406,253,608
507,blade,AF-A0A1B6H8Z1-F1-model_v6,1.0,6.11e-15,320908.0,cellular organisms;Eukaryota;Opisthokonta;Metazoa;Eumetazoa;Bilateria;Protostomia;Ecdysozoa;Panarthropoda;Arthropoda;Mandibulata;Pancrustacea;Hexapoda;Insecta;Dicondylia;Pterygota;Neoptera;Paraneoptera;Hemiptera;Auchenorrhyncha;Cicadomorpha;Membracoidea;Cicadellidae;Cicadellinae;Proconiini;Homalodisca;Homalodisca liturata,2,403,636,1069
508,blade,AF-A0A212CB16-F1-model_v6,1.0,1.22e-09,46360.0,cellular organisms;Eukaryota;Opisthokonta;Metazoa;Eumetazoa;Bilateria;Deuterostomia;Chordata;Craniata;Vertebrata;Gnathostomata;Teleostomi;Euteleostomi;Sarcopterygii;Dipnotetrapodomorpha;Tetrapoda;Amniota;Mammalia;Theria;Eutheria;Boreoeutheria;Laurasiatheria;Artiodactyla;Ruminantia;Pecora;Cervidae;Cervinae;Cervus;Cervus elaphus;Cervus elaphus hippelaphus,64,309,1058,1304
509,blade,AF-A0A6P8IR92-F1-model_v6,1.0,1.79e-13,6105.0,cellular organisms;Eukaryota;Opisthokonta;Metazoa;Eumetazoa;Cnidaria;Anthozoa;Hexacorallia;Actiniaria;Actiniidae;Actinia;Actinia tenebrosa,1,402,1,425
510,blade,AF-A0A182SNB2-F1-model_v6,1.0,1.03e-13,74869.0,cellular organisms;Eukaryota;Opisthokonta;Metazoa;Eumetazoa;Bilateria;Protostomia;Ecdysozoa;Panarthropoda;Arthropoda;Mandibulata;Pancrustacea;Hexapoda;Insecta;Dicondylia;Pterygota;Neoptera;Endopterygota;Diptera;Nematocera;Culicomorpha;Culicoidea;Culicidae;Anophelinae;Anopheles;Cellia;Neocellia;Anopheles maculatus group;Anopheles maculatus,2,401,815,1212
511,blade,AF-G9L1K2-F1-model_v6,1.0,2.98e-31,9669.0,cellular organisms;Eukaryota;Opisthokonta;Metazoa;Eumetazoa;Bilateria;Deuterostomia;Chordata;Craniata;Vertebrata;Gnathostomata;Teleostomi;Euteleostomi;Sarcopterygii;Dipnotetrapodomorpha;Tetrapoda;Amniota;Mammalia;Theria;Eutheria;Boreoeutheria;Laurasiatheria;Carnivora;Caniformia;Musteloidea;Mustelidae;Mustelinae;Mustela;Mustela putorius;Mustela putorius furo,2,321,985,1304
512,blade,AF-A0A673AB28-F1-model_v6,1.0,1.3300000000000001e-21,375764.0,cellular organisms;Eukaryota;Opisthokonta;Metazoa;Eumetazoa;Bilateria;Deuterostomia;Chordata;Craniata;Vertebrata;Gnathostomata;Teleostomi;Euteleostomi;Actinopterygii;Actinopteri;Neopterygii;Teleostei;Osteoglossocephalai;Clupeocephala;Euteleosteomorpha;Neoteleostei;Eurypterygia;Ctenosquamata;Acanthomorphata;Euacanthomorphacea;Percomorphaceae;Gobiaria;Kurtiformes;Apogonoidei;Apogonidae;Apogoninae;Sphaeramia;Sphaeramia orbicularis,1,393,882,1274
513,blade,AF-A0A8C5QND5-F1-model_v6,1.0,5.7299999999999996e-24,445787.0,cellular organisms;Eukaryota;Opisthokonta;Metazoa;Eumetazoa;Bilateria;Deuterostomia;Chordata;Craniata;Vertebrata;Gnathostomata;Teleostomi;Euteleostomi;Sarcopterygii;Dipnotetrapodomorpha;Tetrapoda;Amphibia;Batrachia;Anura;Pelobatoidea;Megophryidae;Leptobrachium;Leptobrachium leishanense,3,366,904,1264
514,blade,AF-A0AA86VTX4-F1-model_v6,1.0,0.00334,92480.0,cellular organisms;Eukaryota;Viridiplantae;Streptophyta;Streptophytina;Embryophyta;Tracheophyta;Euphyllophyta;Spermatophyta;Magnoliopsida;Mesangiospermae;eudicotyledons;Gunneridae;Pentapetalae;rosids;fabids;Fabales;Fabaceae;Papilionoideae;50 kb inversion clade;NPAAA clade;indigoferoid/millettioid clade;Phaseoleae;Sphenostylis;Sphenostylis stenocarpa,2,274,7,334
515,blade,AF-A0AAV4T2Y5-F1-model_v6,1.0,8.47e-12,172846.0,cellular organisms;Eukaryota;Opisthokonta;Metazoa;Eumetazoa;Bilateria;Protostomia;Ecdysozoa;Panarthropoda;Arthropoda;Chelicerata;Arachnida;Araneae;Araneomorphae;Entelegynae;Orbiculariae;Araneoidea;Araneidae;Caerostris;Caerostris extrusa,2,388,615,992
516,blade,AF-A0A132A559-F1-model_v6,1.0,3.18e-07,52283.0,cellular organisms;Eukaryota;Opisthokonta;Metazoa;Eumetazoa;Bilateria;Protostomia;Ecdysozoa;Panarthropoda;Arthropoda;Chelicerata;Arachnida;Acari;Acariformes;Sarcoptiformes;Astigmata;Psoroptidia;Sarcoptoidea;Sarcoptidae;Sarcoptinae;Sarcoptes;Sarcoptes scabiei,1,302,1,334
517,blade,AF-A0A8T0DFV0-F1-model_v6,1.0,2.78e-12,34504.0,cellular organisms;Eukaryota;Opisthokonta;Metazoa;Eumetazoa;Bilateria;Protostomia;Spiralia;Lophotrochozoa;Platyhelminthes;Trematoda;Digenea;Plagiorchiida;Troglotremata;Troglotrematidae;Paragonimus;Paragonimus westermani,3,370,5,340
518,blade,AF-A0A6P8KEP4-F1-model_v6,1.0,1.23e-05,7226.0,cellular organisms;Eukaryota;Opisthokonta;Metazoa;Eumetazoa;Bilateria;Protostomia;Ecdysozoa;Panarthropoda;Arthropoda;Mandibulata;Pancrustacea;Hexapoda;Insecta;Dicondylia;Pterygota;Neoptera;Endopterygota;Diptera;Brachycera;Muscomorpha;Eremoneura;Cyclorrhapha;Schizophora;Acalyptratae;Ephydroidea;Drosophilidae;Drosophilinae;Drosophilini;Drosophila;Sophophora;melanogaster group;melanogaster subgroup;Drosophila mauritiana,3,332,22,356
519,blade,AF-A0A6F9CLE6-F1-model_v6,1.0,1.04e-07,861768.0,cellular organisms;Eukaryota;Opisthokonta;Metazoa;Eumetazoa;Bilateria;Deuterostomia;Chordata;Craniata;Vertebrata;Gnathostomata;Teleostomi;Euteleostomi;Actinopterygii;Actinopteri;Neopterygii;Teleostei;Osteoglossocephalai;Clupeocephala;Euteleosteomorpha;Protacanthopterygii;Salmoniformes;Salmonidae;Coregoninae;Coregonus;unclassified Coregonus;Coregonus sp. 'balchen',4,358,264,664
520,blade,AF-A0A820AQZ5-F1-model_v6,1.0,1.23e-06,392033.0,cellular organisms;Eukaryota;Opisthokonta;Metazoa;Eumetazoa;Bilateria;Protostomia;Spiralia;Gnathifera;Rotifera;Eurotatoria;Bdelloidea;Philodinida;Philodinidae;Rotaria;Rotaria sordida,46,371,779,1114
521,blade,AF-A0A3P7D5Q0-F1-model_v6,1.0,1.46e-14,70667.0,cellular organisms;Eukaryota;Opisthokonta;Metazoa;Eumetazoa;Bilateria;Protostomia;Spiralia;Lophotrochozoa;Platyhelminthes;Cestoda;Eucestoda;Diphyllobothriidea;Diphyllobothriidae;Schistocephalus;Schistocephalus solidus,2,370,933,1304
522,blade,AF-C3ZYD6-F1-model_v6,1.0,1.24e-17,7739.0,cellular organisms;Eukaryota;Opisthokonta;Metazoa;Eumetazoa;Bilateria;Deuterostomia;Chordata;Cephalochordata;Leptocardii;Amphioxiformes;Branchiostomatidae;Branchiostoma;Branchiostoma floridae,1,383,870,1265
523,blade,AF-A0A340Y7Z5-F1-model_v6,1.0,7.57e-24,118797.0,cellular organisms;Eukaryota;Opisthokonta;Metazoa;Eumetazoa;Bilateria;Deuterostomia;Chordata;Craniata;Vertebrata;Gnathostomata;Teleostomi;Euteleostomi;Sarcopterygii;Dipnotetrapodomorpha;Tetrapoda;Amniota;Mammalia;Theria;Eutheria;Boreoeutheria;Laurasiatheria;Artiodactyla;Whippomorpha;Cetacea;Odontoceti;Lipotidae;Lipotes;Lipotes vexillifer,29,386,26,387
524,blade,AF-A0A5S6Q588-F1-model_v6,1.0,3.7e-09,70415.0,cellular organisms;Eukaryota;Opisthokonta;Metazoa;Eumetazoa;Bilateria;Protostomia;Ecdysozoa;Nematoda;Enoplea;Dorylaimia;Trichinellida;Trichuridae;Trichuris;Trichuris muris,4,322,7,334
525,blade,AF-A0A7S0GZM8-F1-model_v6,1.0,0.000252,38833.0,cellular organisms;Eukaryota;Viridiplantae;Chlorophyta;Mamiellophyceae;Mamiellales;Mamiellaceae;Micromonas;Micromonas pusilla,44,375,7,332
526,blade,AF-G3NS76-F1-model_v6,1.0,1.23e-06,69293.0,cellular organisms;Eukaryota;Opisthokonta;Metazoa;Eumetazoa;Bilateria;Deuterostomia;Chordata;Craniata;Vertebrata;Gnathostomata;Teleostomi;Euteleostomi;Actinopterygii;Actinopteri;Neopterygii;Teleostei;Osteoglossocephalai;Clupeocephala;Euteleosteomorpha;Neoteleostei;Eurypterygia;Ctenosquamata;Acanthomorphata;Euacanthomorphacea;Percomorphaceae;Eupercaria;Perciformes;Cottioidei;Gasterosteales;Gasterosteidae;Gasterosteus;Gasterosteus aculeatus,2,373,129,434
527,blade,AF-A0A4Y2T832-F1-model_v6,1.0,1.36e-13,182803.0,cellular organisms;Eukaryota;Opisthokonta;Metazoa;Eumetazoa;Bilateria;Protostomia;Ecdysozoa;Panarthropoda;Arthropoda;Chelicerata;Arachnida;Araneae;Araneomorphae;Entelegynae;Orbiculariae;Araneoidea;Araneidae;Araneus;Araneus ventricosus,2,295,1002,1304
528,blade,AF-A0A5D2DZ73-F1-model_v6,1.0,0.0442,34276.0,cellular organisms;Eukaryota;Viridiplantae;Streptophyta;Streptophytina;Embryophyta;Tracheophyta;Euphyllophyta;Spermatophyta;Magnoliopsida;Mesangiospermae;eudicotyledons;Gunneridae;Pentapetalae;rosids;malvids;Malvales;Malvaceae;Malvoideae;Gossypium;Gossypium darwinii,1,379,370,775
529,blade,AF-A0A8C4Q810-F1-model_v6,1.0,6.1e-16,7764.0,cellular organisms;Eukaryota;Opisthokonta;Metazoa;Eumetazoa;Bilateria;Deuterostomia;Chordata;Craniata;Vertebrata;Cyclostomata;Myxini;Myxiniformes;Myxinidae;Eptatretinae;Eptatretus;Eptatretus burgeri,40,361,928,1273
530,blade,AF-A0A914LHF0-F1-model_v6,1.0,8.58e-07,6306.0,cellular organisms;Eukaryota;Opisthokonta;Metazoa;Eumetazoa;Bilateria;Protostomia;Ecdysozoa;Nematoda;Chromadorea;Rhabditida;Tylenchina;Tylenchomorpha;Tylenchoidea;Meloidogynidae;Meloidogyninae;Meloidogyne;Meloidogyne incognita group;Meloidogyne incognita,2,294,863,1150
531,blade,AF-A0A0B7AES0-F1-model_v6,1.0,4.49e-11,1028688.0,cellular organisms;Eukaryota;Opisthokonta;Metazoa;Eumetazoa;Bilateria;Protostomia;Spiralia;Lophotrochozoa;Mollusca;Gastropoda;Heterobranchia;Euthyneura;Panpulmonata;Eupulmonata;Stylommatophora;Helicina;Arionoidea;Arionidae;Arion;Arion vulgaris,1,380,337,669
532,blade,AF-A0A3M6UV11-F1-model_v6,1.0,1.38e-06,46731.0,cellular organisms;Eukaryota;Opisthokonta;Metazoa;Eumetazoa;Cnidaria;Anthozoa;Hexacorallia;Scleractinia;Astrocoeniina;Pocilloporidae;Pocillopora;Pocillopora damicornis,1,352,1,512
533,blade,AF-A0A9N9MID0-F1-model_v6,1.0,0.000296,467358.0,cellular organisms;Eukaryota;Opisthokonta;Metazoa;Eumetazoa;Bilateria;Protostomia;Ecdysozoa;Panarthropoda;Arthropoda;Mandibulata;Pancrustacea;Hexapoda;Insecta;Dicondylia;Pterygota;Neoptera;Endopterygota;Coleoptera;Polyphaga;Cucujiformia;Curculionoidea;Curculionidae;Ceutorhynchinae;Ceutorhynchus;Ceutorhynchus assimilis,22,248,1080,1304
534,blade,AF-A0A8K0GG67-F1-model_v6,1.0,8.47e-12,2038154.0,cellular organisms;Eukaryota;Opisthokonta;Metazoa;Eumetazoa;Bilateria;Protostomia;Ecdysozoa;Panarthropoda;Arthropoda;Mandibulata;Pancrustacea;Hexapoda;Insecta;Dicondylia;Pterygota;Neoptera;Endopterygota;Coleoptera;Polyphaga;Elateriformia;Elateroidea;Elateridae;Agrypninae;Pyrophorini;Ignelater;Ignelater luminosus,1,375,1,389
535,blade,AF-A0A0K0D0A4-F1-model_v6,1.0,0.000296,6313.0,cellular organisms;Eukaryota;Opisthokonta;Metazoa;Eumetazoa;Bilateria;Protostomia;Ecdysozoa;Nematoda;Chromadorea;Rhabditida;Rhabditina;Rhabditomorpha;Strongyloidea;Metastrongylidae;Angiostrongylus;Angiostrongylus cantonensis,11,374,650,1153
536,blade,AF-A0A3P6TBY3-F1-model_v6,1.0,1.55e-08,6269.0,cellular organisms;Eukaryota;Opisthokonta;Metazoa;Eumetazoa;Bilateria;Protostomia;Ecdysozoa;Nematoda;Chromadorea;Rhabditida;Spirurina;Ascaridomorpha;Ascaridoidea;Anisakidae;Anisakis;Anisakis simplex complex;Anisakis simplex,2,305,438,708
537,blade,AF-A0A4Y2N4B1-F1-model_v6,1.0,2.61e-06,182803.0,cellular organisms;Eukaryota;Opisthokonta;Metazoa;Eumetazoa;Bilateria;Protostomia;Ecdysozoa;Panarthropoda;Arthropoda;Chelicerata;Arachnida;Araneae;Araneomorphae;Entelegynae;Orbiculariae;Araneoidea;Araneidae;Araneus;Araneus ventricosus,95,358,45,334
538,blade,AF-A0A0B1TC86-F1-model_v6,1.0,2.41e-06,61180.0,cellular organisms;Eukaryota;Opisthokonta;Metazoa;Eumetazoa;Bilateria;Protostomia;Ecdysozoa;Nematoda;Chromadorea;Rhabditida;Rhabditina;Rhabditomorpha;Strongyloidea;Strongylidae;Oesophagostomum;Oesophagostomum dentatum,15,293,56,339
539,blade,AF-A0AAF3EXU4-F1-model_v6,1.0,3.4e-11,2138241.0,cellular organisms;Eukaryota;Opisthokonta;Metazoa;Eumetazoa;Bilateria;Protostomia;Ecdysozoa;Nematoda;Chromadorea;Rhabditida;Rhabditina;Rhabditomorpha;Rhabditoidea;Rhabditidae;Mesorhabditinae;Mesorhabditis;Mesorhabditis belari,36,321,407,706
540,blade,AF-A0A820KUL4-F1-model_v6,1.0,4.14e-12,2762512.0,cellular organisms;Eukaryota;Opisthokonta;Metazoa;Eumetazoa;Bilateria;Protostomia;Spiralia;Gnathifera;Rotifera;Eurotatoria;Bdelloidea;Philodinida;Philodinidae;Rotaria;unclassified Rotaria;Rotaria sp. Silwood2,1,363,884,1232
541,blade,AF-A7RMM5-F1-model_v6,1.0,2.45e-15,45351.0,cellular organisms;Eukaryota;Opisthokonta;Metazoa;Eumetazoa;Cnidaria;Anthozoa;Hexacorallia;Actiniaria;Edwardsiidae;Nematostella;Nematostella vectensis,2,347,952,1304
542,blade,AF-A0A9Q0BKV6-F1-model_v6,1.0,4.19e-08,103775.0,cellular organisms;Eukaryota;Opisthokonta;Metazoa;Eumetazoa;Bilateria;Protostomia;Ecdysozoa;Panarthropoda;Arthropoda;Mandibulata;Pancrustacea;Hexapoda;Insecta;Dicondylia;Pterygota;Neoptera;Endopterygota;Diptera;Brachycera;Muscomorpha;Eremoneura;Cyclorrhapha;Schizophora;Acalyptratae;Ephydroidea;Drosophilidae;Drosophilinae;Drosophilini;Drosophila;Sophophora;melanogaster group;elegans subgroup (in: flies);Drosophila gunungcola,1,357,2,376
543,blade,AF-A0A9D4WD29-F1-model_v6,1.0,0.00263,3888.0,cellular organisms;Eukaryota;Viridiplantae;Streptophyta;Streptophytina;Embryophyta;Tracheophyta;Euphyllophyta;Spermatophyta;Magnoliopsida;Mesangiospermae;eudicotyledons;Gunneridae;Pentapetalae;rosids;fabids;Fabales;Fabaceae;Papilionoideae;50 kb inversion clade;NPAAA clade;Hologalegina;IRL clade;Fabeae;Lathyrus;Lathyrus oleraceus,26,304,2,334
544,blade,AF-A0A182G145-F1-model_v6,1.0,1.01e-06,7160.0,cellular organisms;Eukaryota;Opisthokonta;Metazoa;Eumetazoa;Bilateria;Protostomia;Ecdysozoa;Panarthropoda;Arthropoda;Mandibulata;Pancrustacea;Hexapoda;Insecta;Dicondylia;Pterygota;Neoptera;Endopterygota;Diptera;Nematocera;Culicomorpha;Culicoidea;Culicidae;Culicinae;Aedini;Aedes;Stegomyia;Aedes albopictus,54,364,365,662
545,blade,AF-A0A1I8HWD2-F1-model_v6,1.0,1.43e-08,282301.0,cellular organisms;Eukaryota;Opisthokonta;Metazoa;Eumetazoa;Bilateria;Protostomia;Spiralia;Lophotrochozoa;Platyhelminthes;Rhabditophora;Macrostomorpha;Macrostomida;Macrostomidae;Macrostomum;Macrostomum lignano,3,359,2,406
546,blade,AF-A0A438KGW5-F1-model_v6,1.0,0.0157,29760.0,cellular organisms;Eukaryota;Viridiplantae;Streptophyta;Streptophytina;Embryophyta;Tracheophyta;Euphyllophyta;Spermatophyta;Magnoliopsida;Mesangiospermae;eudicotyledons;Gunneridae;Pentapetalae;rosids;rosids incertae sedis;Vitales;Vitaceae;Viteae;Vitis;Vitis vinifera,3,359,418,778
547,blade,AF-A0A183VD39-F1-model_v6,1.0,3.55e-10,6265.0,cellular organisms;Eukaryota;Opisthokonta;Metazoa;Eumetazoa;Bilateria;Protostomia;Ecdysozoa;Nematoda;Chromadorea;Rhabditida;Spirurina;Ascaridomorpha;Ascaridoidea;Toxocaridae;Toxocara;Toxocara canis,1,323,1,331
548,blade,MGYP004143766219,1.0,0.0223,946362.0,cellular organisms;Eukaryota;Opisthokonta;Choanoflagellata;Craspedida;Salpingoecidae;Salpingoeca;Salpingoeca rosetta,84,356,8,330
549,blade,AF-A0AAD9NNZ4-F1-model_v6,1.0,7.22e-12,27915.0,cellular organisms;Eukaryota;Opisthokonta;Metazoa;Eumetazoa;Bilateria;Protostomia;Spiralia;Lophotrochozoa;Annelida;Polychaeta;Sedentaria;Canalipalpata;Sabellida;Siboglinidae;Ridgeia;Ridgeia piscesae,2,352,792,1210
550,blade,AF-A0A2S2NEI4-F1-model_v6,1.0,6.69e-11,13262.0,cellular organisms;Eukaryota;Opisthokonta;Metazoa;Eumetazoa;Bilateria;Protostomia;Ecdysozoa;Panarthropoda;Arthropoda;Mandibulata;Pancrustacea;Hexapoda;Insecta;Dicondylia;Pterygota;Neoptera;Paraneoptera;Hemiptera;Sternorrhyncha;Aphidomorpha;Aphidoidea;Aphididae;Aphidinae;Aphidini;Schizaphis;Schizaphis graminum,1,333,1,344
551,blade,AF-T1JJ10-F1-model_v6,1.0,1.36e-11,126957.0,cellular organisms;Eukaryota;Opisthokonta;Metazoa;Eumetazoa;Bilateria;Protostomia;Ecdysozoa;Panarthropoda;Arthropoda;Mandibulata;Myriapoda;Chilopoda;Pleurostigmophora;Epimorpha;Geophilomorpha;Linotaeniidae;Strigamia;Strigamia maritima,50,349,15,334
552,blade,AF-A0A0M3K218-F1-model_v6,1.0,9.34e-05,6269.0,cellular organisms;Eukaryota;Opisthokonta;Metazoa;Eumetazoa;Bilateria;Protostomia;Ecdysozoa;Nematoda;Chromadorea;Rhabditida;Spirurina;Ascaridomorpha;Ascaridoidea;Anisakidae;Anisakis;Anisakis simplex complex;Anisakis simplex,5,353,972,1304
553,blade,AF-A0AAD7ZDX6-F1-model_v6,1.0,1.67e-09,6984.0,cellular organisms;Eukaryota;Opisthokonta;Metazoa;Eumetazoa;Bilateria;Protostomia;Ecdysozoa;Panarthropoda;Arthropoda;Mandibulata;Pancrustacea;Hexapoda;Insecta;Dicondylia;Pterygota;Neoptera;Polyneoptera;Dictyoptera;Blattodea;Blaberoidea;Blaberidae;Diplopterinae;Diploptera;Diploptera punctata,2,351,24,392
554,blade,AF-A0A0M3J2Y6-F1-model_v6,1.0,2.78e-12,6269.0,cellular organisms;Eukaryota;Opisthokonta;Metazoa;Eumetazoa;Bilateria;Protostomia;Ecdysozoa;Nematoda;Chromadorea;Rhabditida;Spirurina;Ascaridomorpha;Ascaridoidea;Anisakidae;Anisakis;Anisakis simplex complex;Anisakis simplex,3,349,936,1294
555,blade,AF-A0AAN8F2L5-F1-model_v6,1.0,5.72e-10,6319.0,cellular organisms;Eukaryota;Opisthokonta;Metazoa;Eumetazoa;Bilateria;Protostomia;Ecdysozoa;Nematoda;Chromadorea;Rhabditida;Rhabditina;Rhabditomorpha;Strongyloidea;Trichostrongylidae;Trichostrongylus;Trichostrongylus colubriformis,2,322,1004,1304
556,blade,AF-A0A8S3RJQ7-F1-model_v6,1.0,3.69e-11,6550.0,cellular organisms;Eukaryota;Opisthokonta;Metazoa;Eumetazoa;Bilateria;Protostomia;Spiralia;Lophotrochozoa;Mollusca;Bivalvia;Autobranchia;Pteriomorphia;Mytilida;Mytiloidea;Mytilidae;Mytilinae;Mytilus;Mytilus edulis,14,327,487,830
557,blade,AF-A0A2G8LNY0-F1-model_v6,1.0,5.09e-09,307972.0,cellular organisms;Eukaryota;Opisthokonta;Metazoa;Eumetazoa;Bilateria;Deuterostomia;Echinodermata;Eleutherozoa;Echinozoa;Holothuroidea;Aspidochirotacea;Aspidochirotida;Stichopodidae;Apostichopus;Apostichopus japonicus,1,339,358,682
558,blade,AF-A0A6F9ATH3-F1-model_v6,1.0,6.18e-11,861768.0,cellular organisms;Eukaryota;Opisthokonta;Metazoa;Eumetazoa;Bilateria;Deuterostomia;Chordata;Craniata;Vertebrata;Gnathostomata;Teleostomi;Euteleostomi;Actinopterygii;Actinopteri;Neopterygii;Teleostei;Osteoglossocephalai;Clupeocephala;Euteleosteomorpha;Protacanthopterygii;Salmoniformes;Salmonidae;Coregoninae;Coregonus;unclassified Coregonus;Coregonus sp. 'balchen',10,331,335,712
559,blade,AF-A0A8T3D2L5-F1-model_v6,1.0,1.46e-15,1534307.0,cellular organisms;Eukaryota;Opisthokonta;Metazoa;Eumetazoa;Bilateria;Deuterostomia;Chordata;Craniata;Vertebrata;Gnathostomata;Teleostomi;Euteleostomi;Actinopterygii;Actinopteri;Neopterygii;Teleostei;Elopocephalai;Elopocephala;Elopomorpha;Albuliformes;Albulidae;Albulinae;Albula;Albula goreensis,1,321,1,310
560,blade,AF-A0A1Y3B0P7-F1-model_v6,1.0,5.92e-12,6958.0,cellular organisms;Eukaryota;Opisthokonta;Metazoa;Eumetazoa;Bilateria;Protostomia;Ecdysozoa;Panarthropoda;Arthropoda;Chelicerata;Arachnida;Acari;Acariformes;Sarcoptiformes;Astigmata;Psoroptidia;Analgoidea;Pyroglyphidae;Pyroglyphinae;Euroglyphus;Euroglyphus maynei,2,313,432,712
561,blade,AF-A0A1S3QTI3-F1-model_v6,1.0,1.27e-09,8030.0,cellular organisms;Eukaryota;Opisthokonta;Metazoa;Eumetazoa;Bilateria;Deuterostomia;Chordata;Craniata;Vertebrata;Gnathostomata;Teleostomi;Euteleostomi;Actinopterygii;Actinopteri;Neopterygii;Teleostei;Osteoglossocephalai;Clupeocephala;Euteleosteomorpha;Protacanthopterygii;Salmoniformes;Salmonidae;Salmoninae;Salmo;Salmo salar,1,331,1,284
562,blade,AF-A0A4Z2ELG7-F1-model_v6,1.0,7.63e-21,230148.0,cellular organisms;Eukaryota;Opisthokonta;Metazoa;Eumetazoa;Bilateria;Deuterostomia;Chordata;Craniata;Vertebrata;Gnathostomata;Teleostomi;Euteleostomi;Actinopterygii;Actinopteri;Neopterygii;Teleostei;Osteoglossocephalai;Clupeocephala;Euteleosteomorpha;Neoteleostei;Eurypterygia;Ctenosquamata;Acanthomorphata;Euacanthomorphacea;Percomorphaceae;Eupercaria;Perciformes;Cottioidei;Cottales;Liparidae;Liparis;Liparis tanakae,1,339,726,1069
563,blade,AF-A0A6M2D0W9-F1-model_v6,1.0,1.6e-11,6941.0,cellular organisms;Eukaryota;Opisthokonta;Metazoa;Eumetazoa;Bilateria;Protostomia;Ecdysozoa;Panarthropoda;Arthropoda;Chelicerata;Arachnida;Acari;Parasitiformes;Ixodida;Ixodoidea;Ixodidae;Rhipicephalinae;Rhipicephalus;Boophilus;Rhipicephalus microplus,1,307,1,334
564,blade,AF-A0A0R3TBA5-F1-model_v6,1.0,1.09e-06,102285.0,cellular organisms;Eukaryota;Opisthokonta;Metazoa;Eumetazoa;Bilateria;Protostomia;Spiralia;Lophotrochozoa;Platyhelminthes;Cestoda;Eucestoda;Cyclophyllidea;Hymenolepididae;Rodentolepis;Rodentolepis nana,3,294,628,959
565,blade,AF-A0AAR5PFA7-F1-model_v6,1.0,2.62e-05,77166.0,cellular organisms;Eukaryota;Opisthokonta;Metazoa;Eumetazoa;Bilateria;Protostomia;Ecdysozoa;Panarthropoda;Arthropoda;Mandibulata;Pancrustacea;Hexapoda;Insecta;Dicondylia;Pterygota;Neoptera;Endopterygota;Coleoptera;Polyphaga;Cucujiformia;Curculionoidea;Curculionidae;Scolytinae;Dendroctonus;Dendroctonus ponderosae,6,238,90,342
566,blade,AF-A0A8T2NHG6-F1-model_v6,1.0,4.03e-07,121402.0,cellular organisms;Eukaryota;Opisthokonta;Metazoa;Eumetazoa;Bilateria;Deuterostomia;Chordata;Craniata;Vertebrata;Gnathostomata;Teleostomi;Euteleostomi;Actinopterygii;Actinopteri;Neopterygii;Teleostei;Elopocephalai;Elopocephala;Elopomorpha;Albuliformes;Albulidae;Albulinae;Albula;Albula glossodonta,1,339,1,387
567,blade,AF-A0A6B2EFU6-F1-model_v6,1.0,1.6e-11,1109342.0,cellular organisms;Eukaryota;Opisthokonta;Metazoa;Eumetazoa;Bilateria;Protostomia;Ecdysozoa;Panarthropoda;Arthropoda;Mandibulata;Pancrustacea;Hexapoda;Insecta;Dicondylia;Pterygota;Neoptera;Endopterygota;Diptera;Nematocera;Psychodomorpha;Psychodoidea;Psychodidae;Phlebotominae;Phlebotomus;Larroussius;Phlebotomus kandelakii,1,320,1,332
568,blade,AF-A0A9Y4NNJ4-F1-model_v6,1.0,8.22e-08,144197.0,cellular organisms;Eukaryota;Opisthokonta;Metazoa;Eumetazoa;Bilateria;Deuterostomia;Chordata;Craniata;Vertebrata;Gnathostomata;Teleostomi;Euteleostomi;Actinopterygii;Actinopteri;Neopterygii;Teleostei;Osteoglossocephalai;Clupeocephala;Euteleosteomorpha;Neoteleostei;Eurypterygia;Ctenosquamata;Acanthomorphata;Euacanthomorphacea;Percomorphaceae;Ovalentaria;Ovalentaria incertae sedis;Pomacentridae;Stegastes;Stegastes partitus,1,338,110,402
569,blade,AF-A0A8R7PSZ9-F1-model_v6,1.0,0.000937,4572.0,cellular organisms;Eukaryota;Viridiplantae;Streptophyta;Streptophytina;Embryophyta;Tracheophyta;Euphyllophyta;Spermatophyta;Magnoliopsida;Mesangiospermae;Liliopsida;Petrosaviidae;commelinids;Poales;Poaceae;BOP clade;Pooideae;Triticodae;Triticeae;Triticinae;Triticum;Triticum urartu,9,274,9,334
570,blade,AF-A0A7R9P290-F1-model_v6,1.0,1.62e-05,61484.0,cellular organisms;Eukaryota;Opisthokonta;Metazoa;Eumetazoa;Bilateria;Protostomia;Ecdysozoa;Panarthropoda;Arthropoda;Mandibulata;Pancrustacea;Hexapoda;Insecta;Dicondylia;Pterygota;Neoptera;Polyneoptera;Phasmatodea;Timematodea;Timematoidea;Timematidae;Timema;Timema tahoe,4,334,52,337
571,blade,AF-A0A2G9QGA6-F1-model_v6,1.0,4.13e-13,8400.0,cellular organisms;Eukaryota;Opisthokonta;Metazoa;Eumetazoa;Bilateria;Deuterostomia;Chordata;Craniata;Vertebrata;Gnathostomata;Teleostomi;Euteleostomi;Sarcopterygii;Dipnotetrapodomorpha;Tetrapoda;Amphibia;Batrachia;Anura;Neobatrachia;Ranoidea;Ranidae;Aquarana;Aquarana catesbeiana,80,284,1099,1304
572,blade,AF-A0A368GKN7-F1-model_v6,1.0,2.05e-07,29170.0,cellular organisms;Eukaryota;Opisthokonta;Metazoa;Eumetazoa;Bilateria;Protostomia;Ecdysozoa;Nematoda;Chromadorea;Rhabditida;Rhabditina;Rhabditomorpha;Strongyloidea;Ancylostomatidae;Ancylostomatinae;Ancylostoma;Ancylostoma caninum,3,284,860,1160
573,blade,AF-A0A445E8M2-F1-model_v6,1.0,0.0129,3818.0,cellular organisms;Eukaryota;Viridiplantae;Streptophyta;Streptophytina;Embryophyta;Tracheophyta;Euphyllophyta;Spermatophyta;Magnoliopsida;Mesangiospermae;eudicotyledons;Gunneridae;Pentapetalae;rosids;fabids;Fabales;Fabaceae;Papilionoideae;50 kb inversion clade;dalbergioids sensu lato;Dalbergieae;Pterocarpus clade;Arachis;Arachis hypogaea,2,302,7,333
574,blade,AF-A0A3Q0J524-F1-model_v6,1.0,2.06e-06,121845.0,cellular organisms;Eukaryota;Opisthokonta;Metazoa;Eumetazoa;Bilateria;Protostomia;Ecdysozoa;Panarthropoda;Arthropoda;Mandibulata;Pancrustacea;Hexapoda;Insecta;Dicondylia;Pterygota;Neoptera;Paraneoptera;Hemiptera;Sternorrhyncha;Psylloidea;Psyllidae;Diaphorininae;Diaphorina;Diaphorina citri,2,220,1086,1304
575,blade,AF-A0A6I9MRK6-F1-model_v6,1.0,4.8e-16,8208.0,cellular organisms;Eukaryota;Opisthokonta;Metazoa;Eumetazoa;Bilateria;Deuterostomia;Chordata;Craniata;Vertebrata;Gnathostomata;Teleostomi;Euteleostomi;Actinopterygii;Actinopteri;Neopterygii;Teleostei;Osteoglossocephalai;Clupeocephala;Euteleosteomorpha;Neoteleostei;Eurypterygia;Ctenosquamata;Acanthomorphata;Euacanthomorphacea;Percomorphaceae;Eupercaria;Perciformes;Notothenioidei;Nototheniidae;Notothenia;Notothenia coriiceps,30,321,779,1068
576,blade,AF-A0AAD9CQD2-F1-model_v6,1.0,2.84e-19,100907.0,cellular organisms;Eukaryota;Opisthokonta;Metazoa;Eumetazoa;Bilateria;Deuterostomia;Chordata;Craniata;Vertebrata;Gnathostomata;Teleostomi;Euteleostomi;Actinopterygii;Actinopteri;Neopterygii;Teleostei;Osteoglossocephalai;Clupeocephala;Euteleosteomorpha;Neoteleostei;Eurypterygia;Ctenosquamata;Acanthomorphata;Euacanthomorphacea;Percomorphaceae;Eupercaria;Perciformes;Notothenioidei;Nototheniidae;Dissostichus;Dissostichus eleginoides,1,322,1,332
577,blade,AF-A0A6J8CMV1-F1-model_v6,1.0,5.67e-13,42192.0,cellular organisms;Eukaryota;Opisthokonta;Metazoa;Eumetazoa;Bilateria;Protostomia;Spiralia;Lophotrochozoa;Mollusca;Bivalvia;Autobranchia;Pteriomorphia;Mytilida;Mytiloidea;Mytilidae;Mytilinae;Mytilus;Mytilus coruscus,1,309,1,334
578,blade,AF-A0A0Q9WVM2-F1-model_v6,1.0,0.000629,7244.0,cellular organisms;Eukaryota;Opisthokonta;Metazoa;Eumetazoa;Bilateria;Protostomia;Ecdysozoa;Panarthropoda;Arthropoda;Mandibulata;Pancrustacea;Hexapoda;Insecta;Dicondylia;Pterygota;Neoptera;Endopterygota;Diptera;Brachycera;Muscomorpha;Eremoneura;Cyclorrhapha;Schizophora;Acalyptratae;Ephydroidea;Drosophilidae;Drosophilinae;Drosophilini;Drosophila;Drosophila;virilis group;Drosophila virilis,3,286,112,433
579,blade,AF-A0A0R3VWS1-F1-model_v6,1.0,0.000145,60517.0,cellular organisms;Eukaryota;Opisthokonta;Metazoa;Eumetazoa;Bilateria;Protostomia;Spiralia;Lophotrochozoa;Platyhelminthes;Cestoda;Eucestoda;Cyclophyllidea;Taeniidae;Taenia;Taenia asiatica,2,327,114,424
580,blade,AF-A0A8D9BT13-F1-model_v6,1.0,0.000768,428564.0,cellular organisms;Eukaryota;Opisthokonta;Metazoa;Eumetazoa;Bilateria;Protostomia;Ecdysozoa;Panarthropoda;Arthropoda;Mandibulata;Pancrustacea;Hexapoda;Insecta;Dicondylia;Pterygota;Neoptera;Paraneoptera;Hemiptera;Sternorrhyncha;Psylloidea;Psyllidae;Psyllinae;Cacopsylla;Cacopsylla melanoneura,2,326,465,877
581,blade,AF-A0A0K9PBD9-F1-model_v6,1.0,0.011,29655.0,cellular organisms;Eukaryota;Viridiplantae;Streptophyta;Streptophytina;Embryophyta;Tracheophyta;Euphyllophyta;Spermatophyta;Magnoliopsida;Mesangiospermae;Liliopsida;Alismatales;Zosteraceae;Zostera;Zostera marina,11,311,195,543
582,blade,AF-A0ABD2A566-F1-model_v6,1.0,0.00497,30214.0,cellular organisms;Eukaryota;Opisthokonta;Metazoa;Eumetazoa;Bilateria;Protostomia;Ecdysozoa;Panarthropoda;Arthropoda;Mandibulata;Pancrustacea;Hexapoda;Insecta;Dicondylia;Pterygota;Neoptera;Endopterygota;Hymenoptera;Apocrita;Aculeata;Vespoidea;Vespidae;Vespinae;Vespula;Vespula squamosa,71,322,43,340
583,blade,AF-A0AAR5PH95-F1-model_v6,1.0,1.48e-09,77166.0,cellular organisms;Eukaryota;Opisthokonta;Metazoa;Eumetazoa;Bilateria;Protostomia;Ecdysozoa;Panarthropoda;Arthropoda;Mandibulata;Pancrustacea;Hexapoda;Insecta;Dicondylia;Pterygota;Neoptera;Endopterygota;Coleoptera;Polyphaga;Cucujiformia;Curculionoidea;Curculionidae;Scolytinae;Dendroctonus;Dendroctonus ponderosae,2,325,826,1153
584,blade,AF-A0A9P9YDH9-F1-model_v6,1.0,5.3e-09,103775.0,cellular organisms;Eukaryota;Opisthokonta;Metazoa;Eumetazoa;Bilateria;Protostomia;Ecdysozoa;Panarthropoda;Arthropoda;Mandibulata;Pancrustacea;Hexapoda;Insecta;Dicondylia;Pterygota;Neoptera;Endopterygota;Diptera;Brachycera;Muscomorpha;Eremoneura;Cyclorrhapha;Schizophora;Acalyptratae;Ephydroidea;Drosophilidae;Drosophilinae;Drosophilini;Drosophila;Sophophora;melanogaster group;elegans subgroup (in: flies);Drosophila gunungcola,2,323,816,1154
585,blade,AF-L8IRV3-F1-model_v6,1.0,6.57e-18,72004.0,cellular organisms;Eukaryota;Opisthokonta;Metazoa;Eumetazoa;Bilateria;Deuterostomia;Chordata;Craniata;Vertebrata;Gnathostomata;Teleostomi;Euteleostomi;Sarcopterygii;Dipnotetrapodomorpha;Tetrapoda;Amniota;Mammalia;Theria;Eutheria;Boreoeutheria;Laurasiatheria;Artiodactyla;Ruminantia;Pecora;Bovidae;Bovinae;Bos;Bos mutus,2,324,22,335
586,blade,AF-A0A484D665-F1-model_v6,1.0,6.48e-08,8167.0,cellular organisms;Eukaryota;Opisthokonta;Metazoa;Eumetazoa;Bilateria;Deuterostomia;Chordata;Craniata;Vertebrata;Gnathostomata;Teleostomi;Euteleostomi;Actinopterygii;Actinopteri;Neopterygii;Teleostei;Osteoglossocephalai;Clupeocephala;Euteleosteomorpha;Neoteleostei;Eurypterygia;Ctenosquamata;Acanthomorphata;Euacanthomorphacea;Percomorphaceae;Eupercaria;Perciformes;Percoidei;Percidae;Percinae;Perca;Perca flavescens,9,324,92,390
587,blade,AF-A0A811UNW6-F1-model_v6,1.0,8.86e-10,7213.0,cellular organisms;Eukaryota;Opisthokonta;Metazoa;Eumetazoa;Bilateria;Protostomia;Ecdysozoa;Panarthropoda;Arthropoda;Mandibulata;Pancrustacea;Hexapoda;Insecta;Dicondylia;Pterygota;Neoptera;Endopterygota;Diptera;Brachycera;Muscomorpha;Eremoneura;Cyclorrhapha;Schizophora;Acalyptratae;Tephritoidea;Tephritidae;Dacinae;Ceratitidini;Ceratitis;Ceratitis;Ceratitis capitata,1,315,1,334
588,blade,MGYP003976619017,1.0,0.0019,30611.0,cellular organisms;Eukaryota;Opisthokonta;Metazoa;Eumetazoa;Bilateria;Deuterostomia;Chordata;Craniata;Vertebrata;Gnathostomata;Teleostomi;Euteleostomi;Sarcopterygii;Dipnotetrapodomorpha;Tetrapoda;Amniota;Mammalia;Theria;Eutheria;Boreoeutheria;Euarchontoglires;Primates;Strepsirrhini;Lorisiformes;Galagidae;Otolemur;Otolemur garnettii,2,281,18,334
589,blade,AF-A0A8D8ZF43-F1-model_v6,1.0,0.00801,428564.0,cellular organisms;Eukaryota;Opisthokonta;Metazoa;Eumetazoa;Bilateria;Protostomia;Ecdysozoa;Panarthropoda;Arthropoda;Mandibulata;Pancrustacea;Hexapoda;Insecta;Dicondylia;Pterygota;Neoptera;Paraneoptera;Hemiptera;Sternorrhyncha;Psylloidea;Psyllidae;Psyllinae;Cacopsylla;Cacopsylla melanoneura,49,286,795,1057
590,blade,AF-A0AAN8IK24-F1-model_v6,1.0,0.000605,6319.0,cellular organisms;Eukaryota;Opisthokonta;Metazoa;Eumetazoa;Bilateria;Protostomia;Ecdysozoa;Nematoda;Chromadorea;Rhabditida;Rhabditina;Rhabditomorpha;Strongyloidea;Trichostrongylidae;Trichostrongylus;Trichostrongylus colubriformis,21,280,742,998
591,blade,AF-A0A8J4UDR6-F1-model_v6,1.0,0.000163,1594786.0,cellular organisms;Eukaryota;Opisthokonta;Metazoa;Eumetazoa;Bilateria;Deuterostomia;Chordata;Craniata;Vertebrata;Gnathostomata;Teleostomi;Euteleostomi;Actinopterygii;Actinopteri;Neopterygii;Teleostei;Osteoglossocephalai;Clupeocephala;Otomorpha;Ostariophysi;Otophysi;Characiphysae;Siluriformes;Siluroidei;Clariidae;Clarias;Clarias magur,1,284,1,234
592,blade,AF-A0AAD7R7M0-F1-model_v6,1.0,1.23e-05,143900.0,cellular organisms;Eukaryota;Opisthokonta;Metazoa;Eumetazoa;Bilateria;Deuterostomia;Chordata;Craniata;Vertebrata;Gnathostomata;Teleostomi;Euteleostomi;Actinopterygii;Actinopteri;Neopterygii;Teleostei;Elopocephalai;Elopocephala;Elopomorpha;Notacanthiformes;Halosauridae;Aldrovandia;Aldrovandia affinis,1,144,1157,1304
593,blade,AF-A0AAR5PG41-F1-model_v6,1.0,4.53e-08,77166.0,cellular organisms;Eukaryota;Opisthokonta;Metazoa;Eumetazoa;Bilateria;Protostomia;Ecdysozoa;Panarthropoda;Arthropoda;Mandibulata;Pancrustacea;Hexapoda;Insecta;Dicondylia;Pterygota;Neoptera;Endopterygota;Coleoptera;Polyphaga;Cucujiformia;Curculionoidea;Curculionidae;Scolytinae;Dendroctonus;Dendroctonus ponderosae,1,311,1,334
594,blade,AF-A0A6I9Z0X9-F1-model_v6,1.0,8.03e-17,35019.0,cellular organisms;Eukaryota;Opisthokonta;Metazoa;Eumetazoa;Bilateria;Deuterostomia;Chordata;Craniata;Vertebrata;Gnathostomata;Teleostomi;Euteleostomi;Sarcopterygii;Dipnotetrapodomorpha;Tetrapoda;Amniota;Sauropsida;Sauria;Lepidosauria;Squamata;Bifurcata;Unidentata;Episquamata;Toxicofera;Serpentes;Colubroidea;Colubridae;Natricinae;Thamnophis;Thamnophis sirtalis,2,314,198,513
595,blade,AF-A0A1S3QV79-F1-model_v6,1.0,4.74e-06,8030.0,cellular organisms;Eukaryota;Opisthokonta;Metazoa;Eumetazoa;Bilateria;Deuterostomia;Chordata;Craniata;Vertebrata;Gnathostomata;Teleostomi;Euteleostomi;Actinopterygii;Actinopteri;Neopterygii;Teleostei;Osteoglossocephalai;Clupeocephala;Euteleosteomorpha;Protacanthopterygii;Salmoniformes;Salmonidae;Salmoninae;Salmo;Salmo salar,6,286,180,452
596,blade,AF-A0A8T2NQ65-F1-model_v6,1.0,2.2e-10,121402.0,cellular organisms;Eukaryota;Opisthokonta;Metazoa;Eumetazoa;Bilateria;Deuterostomia;Chordata;Craniata;Vertebrata;Gnathostomata;Teleostomi;Euteleostomi;Actinopterygii;Actinopteri;Neopterygii;Teleostei;Elopocephalai;Elopocephala;Elopomorpha;Albuliformes;Albulidae;Albulinae;Albula;Albula glossodonta,3,287,544,830
597,blade,MGYP000968413431,1.0,0.00601,9694.0,cellular organisms;Eukaryota;Opisthokonta;Metazoa;Eumetazoa;Bilateria;Deuterostomia;Chordata;Craniata;Vertebrata;Gnathostomata;Teleostomi;Euteleostomi;Sarcopterygii;Dipnotetrapodomorpha;Tetrapoda;Amniota;Mammalia;Theria;Eutheria;Boreoeutheria;Laurasiatheria;Carnivora;Feliformia;Felidae;Pantherinae;Panthera;Panthera tigris,18,305,1,334
598,blade,AF-A0A3B3YH69-F1-model_v6,1.0,5.21e-15,48701.0,cellular organisms;Eukaryota;Opisthokonta;Metazoa;Eumetazoa;Bilateria;Deuterostomia;Chordata;Craniata;Vertebrata;Gnathostomata;Teleostomi;Euteleostomi;Actinopterygii;Actinopteri;Neopterygii;Teleostei;Osteoglossocephalai;Clupeocephala;Euteleosteomorpha;Neoteleostei;Eurypterygia;Ctenosquamata;Acanthomorphata;Euacanthomorphacea;Percomorphaceae;Ovalentaria;Atherinomorphae;Cyprinodontiformes;Cyprinodontoidei;Poeciliidae;Poeciliinae;Poecilia;Poecilia mexicana,1,284,870,1152
599,blade,AF-A0A3S1GYC3-F1-model_v6,1.0,3.69e-11,188477.0,cellular organisms;Eukaryota;Opisthokonta;Metazoa;Eumetazoa;Bilateria;Protostomia;Spiralia;Lophotrochozoa;Mollusca;Gastropoda;Heterobranchia;Euthyneura;Panpulmonata;Sacoglossa;Placobranchoidea;Plakobranchidae;Elysia;Elysia chlorotica,2,310,588,930
600,blade,AF-A0A2A2KLA2-F1-model_v6,1.0,1.13e-06,2018661.0,cellular organisms;Eukaryota;Opisthokonta;Metazoa;Eumetazoa;Bilateria;Protostomia;Ecdysozoa;Nematoda;Chromadorea;Rhabditida;Rhabditina;Rhabditomorpha;Rhabditoidea;Rhabditidae;Rhabditidae incertae sedis;Diploscapter;Diploscapter pachys,1,311,757,1067
601,blade,AF-A0AAV8VC63-F1-model_v6,1.0,0.00631,1586481.0,cellular organisms;Eukaryota;Opisthokonta;Metazoa;Eumetazoa;Bilateria;Protostomia;Ecdysozoa;Panarthropoda;Arthropoda;Mandibulata;Pancrustacea;Hexapoda;Insecta;Dicondylia;Pterygota;Neoptera;Endopterygota;Coleoptera;Polyphaga;Cucujiformia;Chrysomeloidea;Cerambycidae;Lamiinae;Acanthocinini;Exocentrus;Exocentrus adspersus,29,187,1149,1304
602,blade,AF-A0A8S3YZY5-F1-model_v6,1.0,4.33e-10,100452.0,cellular organisms;Eukaryota;Opisthokonta;Metazoa;Eumetazoa;Bilateria;Protostomia;Spiralia;Lophotrochozoa;Mollusca;Gastropoda;Heterobranchia;Euthyneura;Panpulmonata;Eupulmonata;Stylommatophora;Helicina;Helicoidea;Geomitridae;Candidula;Candidula unifasciata,2,303,1,332
603,blade,AF-A0A6P4F8A0-F1-model_v6,1.0,0.00801,1041015.0,cellular organisms;Eukaryota;Opisthokonta;Metazoa;Eumetazoa;Bilateria;Protostomia;Ecdysozoa;Panarthropoda;Arthropoda;Mandibulata;Pancrustacea;Hexapoda;Insecta;Dicondylia;Pterygota;Neoptera;Endopterygota;Diptera;Brachycera;Muscomorpha;Eremoneura;Cyclorrhapha;Schizophora;Acalyptratae;Ephydroidea;Drosophilidae;Drosophilinae;Drosophilini;Drosophila;Sophophora;melanogaster group;rhopaloa subgroup;Drosophila rhopaloa,8,249,106,334
604,blade,AF-A0A6G0YNA4-F1-model_v6,1.0,0.000831,307492.0,cellular organisms;Eukaryota;Opisthokonta;Metazoa;Eumetazoa;Bilateria;Protostomia;Ecdysozoa;Panarthropoda;Arthropoda;Mandibulata;Pancrustacea;Hexapoda;Insecta;Dicondylia;Pterygota;Neoptera;Paraneoptera;Hemiptera;Sternorrhyncha;Aphidomorpha;Aphidoidea;Aphididae;Aphidinae;Aphidini;Aphis;Aphis;Aphis craccivora,39,293,564,875
605,blade,AF-A0A1B0CBS1-F1-model_v6,1.0,2.72e-06,7200.0,cellular organisms;Eukaryota;Opisthokonta;Metazoa;Eumetazoa;Bilateria;Protostomia;Ecdysozoa;Panarthropoda;Arthropoda;Mandibulata;Pancrustacea;Hexapoda;Insecta;Dicondylia;Pterygota;Neoptera;Endopterygota;Diptera;Nematocera;Psychodomorpha;Psychodoidea;Psychodidae;Phlebotominae;Lutzomyia;Lutzomyia;Lutzomyia longipalpis,2,260,791,1063
606,blade,AF-A0A8X8BPN0-F1-model_v6,1.0,0.000119,55291.0,cellular organisms;Eukaryota;Opisthokonta;Metazoa;Eumetazoa;Bilateria;Deuterostomia;Chordata;Craniata;Vertebrata;Gnathostomata;Teleostomi;Euteleostomi;Actinopterygii;Cladistia;Polypteriformes;Polypteridae;Polypterus;Polypterus senegalus,24,273,182,421
607,blade,AF-A0AAV4T2C5-F1-model_v6,1.0,0.0349,172846.0,cellular organisms;Eukaryota;Opisthokonta;Metazoa;Eumetazoa;Bilateria;Protostomia;Ecdysozoa;Panarthropoda;Arthropoda;Chelicerata;Arachnida;Araneae;Araneomorphae;Entelegynae;Orbiculariae;Araneoidea;Araneidae;Caerostris;Caerostris extrusa,31,303,165,418
608,blade,AF-A0A0Q9WWH6-F1-model_v6,1.0,3.31e-07,7260.0,cellular organisms;Eukaryota;Opisthokonta;Metazoa;Eumetazoa;Bilateria;Protostomia;Ecdysozoa;Panarthropoda;Arthropoda;Mandibulata;Pancrustacea;Hexapoda;Insecta;Dicondylia;Pterygota;Neoptera;Endopterygota;Diptera;Brachycera;Muscomorpha;Eremoneura;Cyclorrhapha;Schizophora;Acalyptratae;Ephydroidea;Drosophilidae;Drosophilinae;Drosophilini;Drosophila;Sophophora;willistoni group;willistoni subgroup;Drosophila willistoni,14,304,913,1207
609,blade,AF-A0A0J9Y2E7-F1-model_v6,1.0,0.000262,6279.0,cellular organisms;Eukaryota;Opisthokonta;Metazoa;Eumetazoa;Bilateria;Protostomia;Ecdysozoa;Nematoda;Chromadorea;Rhabditida;Spirurina;Spiruromorpha;Filarioidea;Onchocercidae;Brugia;Brugia malayi,2,305,181,492
610,blade,AF-A0AAV7GT08-F1-model_v6,1.0,0.0216,161865.0,cellular organisms;Eukaryota;Viridiplantae;Streptophyta;Streptophytina;Embryophyta;Tracheophyta;Euphyllophyta;Spermatophyta;Magnoliopsida;Mesangiospermae;Liliopsida;Petrosaviidae;Asparagales;Orchidaceae;Epidendroideae;Malaxideae;Dendrobiinae;Dendrobium;Dendrobium chrysotoxum,6,286,979,1301
611,blade,AF-A0A0B7AHW3-F1-model_v6,1.0,8.47e-12,1028688.0,cellular organisms;Eukaryota;Opisthokonta;Metazoa;Eumetazoa;Bilateria;Protostomia;Spiralia;Lophotrochozoa;Mollusca;Gastropoda;Heterobranchia;Euthyneura;Panpulmonata;Eupulmonata;Stylommatophora;Helicina;Arionoidea;Arionidae;Arion;Arion vulgaris,1,302,1,323
612,blade,AF-A0A8S3RJ36-F1-model_v6,1.0,1.68e-08,6550.0,cellular organisms;Eukaryota;Opisthokonta;Metazoa;Eumetazoa;Bilateria;Protostomia;Spiralia;Lophotrochozoa;Mollusca;Bivalvia;Autobranchia;Pteriomorphia;Mytilida;Mytiloidea;Mytilidae;Mytilinae;Mytilus;Mytilus edulis,12,299,52,362
613,blade,AF-A0A8B7QJD2-F1-model_v6,1.0,1.97e-08,186990.0,cellular organisms;Eukaryota;Opisthokonta;Metazoa;Eumetazoa;Bilateria;Deuterostomia;Chordata;Craniata;Vertebrata;Gnathostomata;Teleostomi;Euteleostomi;Sarcopterygii;Dipnotetrapodomorpha;Tetrapoda;Amniota;Mammalia;Theria;Eutheria;Boreoeutheria;Laurasiatheria;Chiroptera;Yinpterochiroptera;Rhinolophoidea;Hipposideridae;Hipposideros;Hipposideros armiger,1,298,1,279
614,blade,MGYP000871480311,1.0,0.00513,1580589.0,cellular organisms;Eukaryota;Amoebozoa;Evosea;Archamoebae;Pelobiontida;Pelomyxidae;Pelomyxa;Pelomyxa schiedti,1,288,1,334
615,blade,AF-A0A8D9EBX1-F1-model_v6,1.0,0.00017,428564.0,cellular organisms;Eukaryota;Opisthokonta;Metazoa;Eumetazoa;Bilateria;Protostomia;Ecdysozoa;Panarthropoda;Arthropoda;Mandibulata;Pancrustacea;Hexapoda;Insecta;Dicondylia;Pterygota;Neoptera;Paraneoptera;Hemiptera;Sternorrhyncha;Psylloidea;Psyllidae;Psyllinae;Cacopsylla;Cacopsylla melanoneura,25,294,918,1197
616,blade,AF-A0A6V7M724-F1-model_v6,1.0,7e-09,1563983.0,cellular organisms;Eukaryota;Opisthokonta;Metazoa;Eumetazoa;Bilateria;Protostomia;Ecdysozoa;Panarthropoda;Arthropoda;Mandibulata;Pancrustacea;Hexapoda;Insecta;Dicondylia;Pterygota;Neoptera;Endopterygota;Hymenoptera;Apocrita;Ichneumonoidea;Braconidae;Braconinae;Bracon;Bracon brevicornis,3,291,25,337
617,blade,AF-A0A443SKC9-F1-model_v6,1.0,0.000581,299467.0,cellular organisms;Eukaryota;Opisthokonta;Metazoa;Eumetazoa;Bilateria;Protostomia;Ecdysozoa;Panarthropoda;Arthropoda;Chelicerata;Arachnida;Acari;Acariformes;Trombidiformes;Prostigmata;Anystina;Parasitengona;Trombiculoidea;Trombiculidae;Leptotrombidium;Leptotrombidium deliense,2,274,23,284
618,blade,AF-A0ABD0Y9M1-F1-model_v6,1.0,1.75e-06,642074.0,cellular organisms;Eukaryota;Opisthokonta;Metazoa;Eumetazoa;Bilateria;Protostomia;Ecdysozoa;Panarthropoda;Arthropoda;Mandibulata;Pancrustacea;Hexapoda;Insecta;Dicondylia;Pterygota;Neoptera;Paraneoptera;Hemiptera;Prosorrhyncha;Heteroptera;Euheteroptera;Neoheteroptera;Panheteroptera;Nepomorpha;Nepidae;Ranatrinae;Ranatra;Ranatra chinensis,2,222,96,334
619,blade,AF-A0A4Z2JFU7-F1-model_v6,1.0,0.000139,230148.0,cellular organisms;Eukaryota;Opisthokonta;Metazoa;Eumetazoa;Bilateria;Deuterostomia;Chordata;Craniata;Vertebrata;Gnathostomata;Teleostomi;Euteleostomi;Actinopterygii;Actinopteri;Neopterygii;Teleostei;Osteoglossocephalai;Clupeocephala;Euteleosteomorpha;Neoteleostei;Eurypterygia;Ctenosquamata;Acanthomorphata;Euacanthomorphacea;Percomorphaceae;Eupercaria;Perciformes;Cottioidei;Cottales;Liparidae;Liparis;Liparis tanakae,1,223,1,195
620,blade,AF-A0A8J2LZ33-F1-model_v6,1.0,0.000215,2874296.0,cellular organisms;Eukaryota;Opisthokonta;Metazoa;Eumetazoa;Bilateria;Protostomia;Ecdysozoa;Nematoda;Chromadorea;Rhabditida;Spirurina;Spiruromorpha;Filarioidea;Onchocercidae;Cercopithifilaria;Cercopithifilaria johnstoni,7,279,955,1231
621,blade,AF-A0AAN0K146-F1-model_v6,1.0,4.38e-06,400682.0,cellular organisms;Eukaryota;Opisthokonta;Metazoa;Porifera;Demospongiae;Heteroscleromorpha;Haplosclerida;Niphatidae;Amphimedon;Amphimedon queenslandica,2,269,56,334
622,blade,AF-A0A914YCQ6-F1-model_v6,1.0,0.000119,310955.0,cellular organisms;Eukaryota;Opisthokonta;Metazoa;Eumetazoa;Bilateria;Protostomia;Ecdysozoa;Nematoda;Chromadorea;Rhabditida;Tylenchina;Panagrolaimomorpha;Panagrolaimoidea;Panagrolaimidae;Panagrolaimus;Panagrolaimus superbus,45,239,535,734
623,blade,AF-A0A4U5LX49-F1-model_v6,1.0,2.52e-05,34508.0,cellular organisms;Eukaryota;Opisthokonta;Metazoa;Eumetazoa;Bilateria;Protostomia;Ecdysozoa;Nematoda;Chromadorea;Rhabditida;Tylenchina;Panagrolaimomorpha;Strongyloidoidea;Steinernematidae;Steinernema;Steinernema carpocapsae,2,270,566,830
624,blade,AF-A0A2P2M0U6-F1-model_v6,1.0,0.000243,61149.0,cellular organisms;Eukaryota;Viridiplantae;Streptophyta;Streptophytina;Embryophyta;Tracheophyta;Euphyllophyta;Spermatophyta;Magnoliopsida;Mesangiospermae;eudicotyledons;Gunneridae;Pentapetalae;rosids;fabids;Malpighiales;Rhizophoraceae;Rhizophora;Rhizophora mucronata,2,274,7,334
625,blade,AF-A0A0C9S9M1-F1-model_v6,1.0,0.00348,6943.0,cellular organisms;Eukaryota;Opisthokonta;Metazoa;Eumetazoa;Bilateria;Protostomia;Ecdysozoa;Panarthropoda;Arthropoda;Chelicerata;Arachnida;Acari;Parasitiformes;Ixodida;Ixodoidea;Ixodidae;Amblyomminae;Amblyomma;Amblyomma americanum,3,233,99,356
626,blade,AF-A0AAR5PES9-F1-model_v6,1.0,3.07e-05,77166.0,cellular organisms;Eukaryota;Opisthokonta;Metazoa;Eumetazoa;Bilateria;Protostomia;Ecdysozoa;Panarthropoda;Arthropoda;Mandibulata;Pancrustacea;Hexapoda;Insecta;Dicondylia;Pterygota;Neoptera;Endopterygota;Coleoptera;Polyphaga;Cucujiformia;Curculionoidea;Curculionidae;Scolytinae;Dendroctonus;Dendroctonus ponderosae,9,244,93,347
627,blade,AF-V9IK95-F1-model_v6,1.0,1.89e-07,7461.0,cellular organisms;Eukaryota;Opisthokonta;Metazoa;Eumetazoa;Bilateria;Protostomia;Ecdysozoa;Panarthropoda;Arthropoda;Mandibulata;Pancrustacea;Hexapoda;Insecta;Dicondylia;Pterygota;Neoptera;Endopterygota;Hymenoptera;Apocrita;Aculeata;Apoidea;Anthophila;Apidae;Apinae;Apini;Apis;Apis cerana,1,251,475,712
628,blade,AF-A0A914MI56-F1-model_v6,1.0,2.32e-05,6306.0,cellular organisms;Eukaryota;Opisthokonta;Metazoa;Eumetazoa;Bilateria;Protostomia;Ecdysozoa;Nematoda;Chromadorea;Rhabditida;Tylenchina;Tylenchomorpha;Tylenchoidea;Meloidogynidae;Meloidogyninae;Meloidogyne;Meloidogyne incognita group;Meloidogyne incognita,2,257,432,715
629,blade,AF-A0A817XFG8-F1-model_v6,1.0,1.18e-05,2762512.0,cellular organisms;Eukaryota;Opisthokonta;Metazoa;Eumetazoa;Bilateria;Protostomia;Spiralia;Gnathifera;Rotifera;Eurotatoria;Bdelloidea;Philodinida;Philodinidae;Rotaria;unclassified Rotaria;Rotaria sp. Silwood2,65,266,1065,1265
630,blade,AF-A0A8S9ZM53-F1-model_v6,1.0,0.000123,189291.0,cellular organisms;Eukaryota;Opisthokonta;Metazoa;Eumetazoa;Bilateria;Protostomia;Ecdysozoa;Nematoda;Chromadorea;Rhabditida;Tylenchina;Tylenchomorpha;Tylenchoidea;Meloidogynidae;Meloidogyninae;Meloidogyne;Meloidogyne graminicola,7,233,1096,1304
631,blade,AF-A0A1I8ARR4-F1-model_v6,1.0,0.000233,37863.0,cellular organisms;Eukaryota;Opisthokonta;Metazoa;Eumetazoa;Bilateria;Protostomia;Ecdysozoa;Nematoda;Chromadorea;Rhabditida;Tylenchina;Panagrolaimomorpha;Strongyloidoidea;Steinernematidae;Steinernema;Steinernema glaseri,3,264,411,664
632,blade,MGYP003564757857,1.0,1.27e-06,241478.0,cellular organisms;Eukaryota;Opisthokonta;Metazoa;Eumetazoa;Bilateria;Protostomia;Ecdysozoa;Nematoda;Enoplea;Dorylaimia;Dioctophymatida;Dioctophymatoidea;Soboliphymatidae;Soboliphyme;Soboliphyme baturini,2,264,407,664
633,blade,AF-A0A183HEN9-F1-model_v6,1.0,0.000308,387005.0,cellular organisms;Eukaryota;Opisthokonta;Metazoa;Eumetazoa;Bilateria;Protostomia;Ecdysozoa;Nematoda;Chromadorea;Rhabditida;Spirurina;Spiruromorpha;Filarioidea;Onchocercidae;Onchocerca;Onchocerca flexuosa,5,251,211,470
634,blade,AF-A0A6I9N054-F1-model_v6,1.0,1.28e-05,8208.0,cellular organisms;Eukaryota;Opisthokonta;Metazoa;Eumetazoa;Bilateria;Deuterostomia;Chordata;Craniata;Vertebrata;Gnathostomata;Teleostomi;Euteleostomi;Actinopterygii;Actinopteri;Neopterygii;Teleostei;Osteoglossocephalai;Clupeocephala;Euteleosteomorpha;Neoteleostei;Eurypterygia;Ctenosquamata;Acanthomorphata;Euacanthomorphacea;Percomorphaceae;Eupercaria;Perciformes;Notothenioidei;Nototheniidae;Notothenia;Notothenia coriiceps,89,260,1065,1233
635,blade,AF-A0A7L1ZE62-F1-model_v6,1.0,7.2e-13,36275.0,cellular organisms;Eukaryota;Opisthokonta;Metazoa;Eumetazoa;Bilateria;Deuterostomia;Chordata;Craniata;Vertebrata;Gnathostomata;Teleostomi;Euteleostomi;Sarcopterygii;Dipnotetrapodomorpha;Tetrapoda;Amniota;Sauropsida;Sauria;Archelosauria;Archosauria;Dinosauria;Saurischia;Theropoda;Coelurosauria;Aves;Neognathae;Neoaves;Telluraves;Australaves;Passeriformes;Sylvioidea;Leiothrichidae;Leiothrix;Leiothrix lutea,1,259,889,1152
636,blade,AF-A0A0B7AR44-F1-model_v6,1.0,6.46e-09,1028688.0,cellular organisms;Eukaryota;Opisthokonta;Metazoa;Eumetazoa;Bilateria;Protostomia;Spiralia;Lophotrochozoa;Mollusca;Gastropoda;Heterobranchia;Euthyneura;Panpulmonata;Eupulmonata;Stylommatophora;Helicina;Arionoidea;Arionidae;Arion;Arion vulgaris,4,257,917,1169
637,blade,AF-A0A0L8GD86-F1-model_v6,1.0,6.23e-08,37653.0,cellular organisms;Eukaryota;Opisthokonta;Metazoa;Eumetazoa;Bilateria;Protostomia;Spiralia;Lophotrochozoa;Mollusca;Cephalopoda;Coleoidea;Octopodiformes;Octopoda;Incirrata;Octopodidae;Octopus;Octopus bimaculoides,1,259,1,283
638,blade,AF-A0A1S4EIE7-F1-model_v6,1.0,1.18e-06,121845.0,cellular organisms;Eukaryota;Opisthokonta;Metazoa;Eumetazoa;Bilateria;Protostomia;Ecdysozoa;Panarthropoda;Arthropoda;Mandibulata;Pancrustacea;Hexapoda;Insecta;Dicondylia;Pterygota;Neoptera;Paraneoptera;Hemiptera;Sternorrhyncha;Psylloidea;Psyllidae;Diaphorininae;Diaphorina;Diaphorina citri,4,233,93,334
639,blade,AF-A0A6B0S6J7-F1-model_v6,1.0,0.0659,72004.0,cellular organisms;Eukaryota;Opisthokonta;Metazoa;Eumetazoa;Bilateria;Deuterostomia;Chordata;Craniata;Vertebrata;Gnathostomata;Teleostomi;Euteleostomi;Sarcopterygii;Dipnotetrapodomorpha;Tetrapoda;Amniota;Mammalia;Theria;Eutheria;Boreoeutheria;Laurasiatheria;Artiodactyla;Ruminantia;Pecora;Bovidae;Bovinae;Bos;Bos mutus,21,123,1143,1251
640,blade,AF-A0A151LZN4-F1-model_v6,1.0,2.47e-12,8496.0,cellular organisms;Eukaryota;Opisthokonta;Metazoa;Eumetazoa;Bilateria;Deuterostomia;Chordata;Craniata;Vertebrata;Gnathostomata;Teleostomi;Euteleostomi;Sarcopterygii;Dipnotetrapodomorpha;Tetrapoda;Amniota;Sauropsida;Sauria;Archelosauria;Archosauria;Crocodylia;Alligatoridae;Alligatorinae;Alligator;Alligator mississippiensis,1,251,368,624
641,blade,AF-H3D0X4-F1-model_v6,1.0,7.36e-05,99883.0,cellular organisms;Eukaryota;Opisthokonta;Metazoa;Eumetazoa;Bilateria;Deuterostomia;Chordata;Craniata;Vertebrata;Gnathostomata;Teleostomi;Euteleostomi;Actinopterygii;Actinopteri;Neopterygii;Teleostei;Osteoglossocephalai;Clupeocephala;Euteleosteomorpha;Neoteleostei;Eurypterygia;Ctenosquamata;Acanthomorphata;Euacanthomorphacea;Percomorphaceae;Eupercaria;Tetraodontiformes;Tetraodontoidei;Tetradontoidea;Tetraodontidae;Tetraodon;Tetraodon nigroviridis,2,223,192,408
642,blade,AF-A0A158QCP7-F1-model_v6,1.0,6.72e-09,6216.0,cellular organisms;Eukaryota;Opisthokonta;Metazoa;Eumetazoa;Bilateria;Protostomia;Spiralia;Lophotrochozoa;Platyhelminthes;Cestoda;Eucestoda;Cyclophyllidea;Hymenolepididae;Hymenolepis;Hymenolepis diminuta,2,255,958,1213
643,blade,AF-A0A7J5YIN3-F1-model_v6,1.0,7.07e-05,36200.0,cellular organisms;Eukaryota;Opisthokonta;Metazoa;Eumetazoa;Bilateria;Deuterostomia;Chordata;Craniata;Vertebrata;Gnathostomata;Teleostomi;Euteleostomi;Actinopterygii;Actinopteri;Neopterygii;Teleostei;Osteoglossocephalai;Clupeocephala;Euteleosteomorpha;Neoteleostei;Eurypterygia;Ctenosquamata;Acanthomorphata;Euacanthomorphacea;Percomorphaceae;Eupercaria;Perciformes;Notothenioidei;Nototheniidae;Dissostichus;Dissostichus mawsoni,93,256,1009,1217
644,blade,AF-A0A151P1F8-F1-model_v6,1.0,4.17e-09,8496.0,cellular organisms;Eukaryota;Opisthokonta;Metazoa;Eumetazoa;Bilateria;Deuterostomia;Chordata;Craniata;Vertebrata;Gnathostomata;Teleostomi;Euteleostomi;Sarcopterygii;Dipnotetrapodomorpha;Tetrapoda;Amniota;Sauropsida;Sauria;Archelosauria;Archosauria;Crocodylia;Alligatoridae;Alligatorinae;Alligator;Alligator mississippiensis,1,147,1157,1304
645,blade,AF-A0A1D2MXR2-F1-model_v6,1.0,0.000559,48709.0,cellular organisms;Eukaryota;Opisthokonta;Metazoa;Eumetazoa;Bilateria;Protostomia;Ecdysozoa;Panarthropoda;Arthropoda;Mandibulata;Pancrustacea;Hexapoda;Collembola;Entomobryomorpha;Entomobryoidea;Orchesellidae;Orchesellinae;Orchesella;Orchesella cincta,31,247,93,334
646,blade,AF-A0A147BQN2-F1-model_v6,1.0,0.000347,34613.0,cellular organisms;Eukaryota;Opisthokonta;Metazoa;Eumetazoa;Bilateria;Protostomia;Ecdysozoa;Panarthropoda;Arthropoda;Chelicerata;Arachnida;Acari;Parasitiformes;Ixodida;Ixodoidea;Ixodidae;Ixodinae;Ixodes;Ixodes ricinus,15,249,182,409
647,blade,AF-A0A9Q1J7Z8-F1-model_v6,1.0,1.38e-06,118154.0,cellular organisms;Eukaryota;Opisthokonta;Metazoa;Eumetazoa;Bilateria;Deuterostomia;Chordata;Craniata;Vertebrata;Gnathostomata;Teleostomi;Euteleostomi;Actinopterygii;Actinopteri;Neopterygii;Teleostei;Elopocephalai;Elopocephala;Elopomorpha;Anguilliformes;Synaphobranchidae;Synaphobranchinae;Synaphobranchus;Synaphobranchus kaupii,1,231,1,229
648,blade,AF-A0A7K4M2A1-F1-model_v6,1.0,4.32e-11,48396.0,cellular organisms;Eukaryota;Opisthokonta;Metazoa;Eumetazoa;Bilateria;Deuterostomia;Chordata;Craniata;Vertebrata;Gnathostomata;Teleostomi;Euteleostomi;Sarcopterygii;Dipnotetrapodomorpha;Tetrapoda;Amniota;Sauropsida;Sauria;Archelosauria;Archosauria;Dinosauria;Saurischia;Theropoda;Coelurosauria;Aves;Palaeognathae;Tinamiformes;Tinamidae;Crypturellus;Crypturellus undulatus,2,240,807,994
649,blade,AF-A0AAV1Q4S4-F1-model_v6,1.0,0.000252,13677.0,cellular organisms;Eukaryota;Opisthokonta;Metazoa;Eumetazoa;Bilateria;Deuterostomia;Chordata;Craniata;Vertebrata;Gnathostomata;Teleostomi;Euteleostomi;Actinopterygii;Actinopteri;Neopterygii;Teleostei;Osteoglossocephalai;Clupeocephala;Euteleosteomorpha;Neoteleostei;Eurypterygia;Ctenosquamata;Acanthomorphata;Euacanthomorphacea;Percomorphaceae;Pelagiaria;Scombriformes;Scombridae;Scombrinae;Scombrini;Scomber;Scomber scombrus,2,143,192,334
650,blade,AF-A0A8J4UTM1-F1-model_v6,1.0,1.38e-08,1594786.0,cellular organisms;Eukaryota;Opisthokonta;Metazoa;Eumetazoa;Bilateria;Deuterostomia;Chordata;Craniata;Vertebrata;Gnathostomata;Teleostomi;Euteleostomi;Actinopterygii;Actinopteri;Neopterygii;Teleostei;Osteoglossocephalai;Clupeocephala;Otomorpha;Ostariophysi;Otophysi;Characiphysae;Siluriformes;Siluroidei;Clariidae;Clarias;Clarias magur,1,192,1113,1304
651,blade,AF-A0A0N4WCJ1-F1-model_v6,1.0,0.0017,6290.0,cellular organisms;Eukaryota;Opisthokonta;Metazoa;Eumetazoa;Bilateria;Protostomia;Ecdysozoa;Nematoda;Chromadorea;Rhabditida;Rhabditina;Rhabditomorpha;Strongyloidea;Trichostrongylidae;Haemonchus;Haemonchus placei,14,216,535,729
652,blade,AF-A0A9Q9XTP2-F1-model_v6,1.0,0.000296,7962.0,cellular organisms;Eukaryota;Opisthokonta;Metazoa;Eumetazoa;Bilateria;Deuterostomia;Chordata;Craniata;Vertebrata;Gnathostomata;Teleostomi;Euteleostomi;Actinopterygii;Actinopteri;Neopterygii;Teleostei;Osteoglossocephalai;Clupeocephala;Otomorpha;Ostariophysi;Otophysi;Cypriniphysae;Cypriniformes;Cyprinoidei;Cyprinidae;Cyprininae;Cyprinus;Cyprinus carpio,6,234,579,800
653,blade,AF-A0A7L0N4B7-F1-model_v6,1.0,3.29e-09,1118560.0,cellular organisms;Eukaryota;Opisthokonta;Metazoa;Eumetazoa;Bilateria;Deuterostomia;Chordata;Craniata;Vertebrata;Gnathostomata;Teleostomi;Euteleostomi;Sarcopterygii;Dipnotetrapodomorpha;Tetrapoda;Amniota;Sauropsida;Sauria;Archelosauria;Archosauria;Dinosauria;Saurischia;Theropoda;Coelurosauria;Aves;Neognathae;Neoaves;Telluraves;Australaves;Passeriformes;Formicariidae;Formicarius;Formicarius rufipectus,1,232,889,1152
654,blade,AF-A0A8D8NGZ5-F1-model_v6,1.0,1.83e-06,7175.0,cellular organisms;Eukaryota;Opisthokonta;Metazoa;Eumetazoa;Bilateria;Protostomia;Ecdysozoa;Panarthropoda;Arthropoda;Mandibulata;Pancrustacea;Hexapoda;Insecta;Dicondylia;Pterygota;Neoptera;Endopterygota;Diptera;Nematocera;Culicomorpha;Culicoidea;Culicidae;Culicinae;Culicini;Culex;Culex;Culex pipiens complex;Culex pipiens,1,231,1,241
655,blade,AF-A0A8T2NTM8-F1-model_v6,1.0,5.45e-13,121402.0,cellular organisms;Eukaryota;Opisthokonta;Metazoa;Eumetazoa;Bilateria;Deuterostomia;Chordata;Craniata;Vertebrata;Gnathostomata;Teleostomi;Euteleostomi;Actinopterygii;Actinopteri;Neopterygii;Teleostei;Elopocephalai;Elopocephala;Elopomorpha;Albuliformes;Albulidae;Albulinae;Albula;Albula glossodonta,1,228,976,1200
656,blade,AF-A0A1E1VZ39-F1-model_v6,1.0,1.98e-05,13191.0,cellular organisms;Eukaryota;Opisthokonta;Metazoa;Eumetazoa;Bilateria;Protostomia;Ecdysozoa;Panarthropoda;Arthropoda;Mandibulata;Pancrustacea;Hexapoda;Insecta;Dicondylia;Pterygota;Neoptera;Endopterygota;Amphiesmenoptera;Lepidoptera;Glossata;Neolepidoptera;Heteroneura;Ditrysia;Gelechioidea;Gelechiidae;Apatetrinae;Pectinophora;Pectinophora gossypiella,3,209,1099,1303
657,blade,AF-A0A151MZ28-F1-model_v6,1.0,5.1e-08,8496.0,cellular organisms;Eukaryota;Opisthokonta;Metazoa;Eumetazoa;Bilateria;Deuterostomia;Chordata;Craniata;Vertebrata;Gnathostomata;Teleostomi;Euteleostomi;Sarcopterygii;Dipnotetrapodomorpha;Tetrapoda;Amniota;Sauropsida;Sauria;Archelosauria;Archosauria;Crocodylia;Alligatoridae;Alligatorinae;Alligator;Alligator mississippiensis,3,229,147,367
658,blade,MGYP003588615151,1.0,3.56e-06,59818.0,cellular organisms;Eukaryota;Opisthokonta;Metazoa;Eumetazoa;Bilateria;Protostomia;Ecdysozoa;Panarthropoda;Arthropoda;Chelicerata;Arachnida;Acari;Acariformes;Sarcoptiformes;Astigmata;Acaroidea;Acaridae;Tyrophaginae;Tyrophagus;Tyrophagus putrescentiae,1,212,882,1119
659,blade,AF-A0A3P7NVB9-F1-model_v6,1.0,3.6e-05,637853.0,cellular organisms;Eukaryota;Opisthokonta;Metazoa;Eumetazoa;Bilateria;Protostomia;Ecdysozoa;Nematoda;Chromadorea;Rhabditida;Spirurina;Spiruromorpha;Spiruroidea;Gongylonematidae;Gongylonema;Gongylonema pulchrum,2,225,834,1070
660,blade,AF-A0A6I9NJB4-F1-model_v6,1.0,2.38e-11,8208.0,cellular organisms;Eukaryota;Opisthokonta;Metazoa;Eumetazoa;Bilateria;Deuterostomia;Chordata;Craniata;Vertebrata;Gnathostomata;Teleostomi;Euteleostomi;Actinopterygii;Actinopteri;Neopterygii;Teleostei;Osteoglossocephalai;Clupeocephala;Euteleosteomorpha;Neoteleostei;Eurypterygia;Ctenosquamata;Acanthomorphata;Euacanthomorphacea;Percomorphaceae;Eupercaria;Perciformes;Notothenioidei;Nototheniidae;Notothenia;Notothenia coriiceps,1,224,638,887
661,blade,AF-A0A8S3Z5N8-F1-model_v6,1.0,1.09e-06,100452.0,cellular organisms;Eukaryota;Opisthokonta;Metazoa;Eumetazoa;Bilateria;Protostomia;Spiralia;Lophotrochozoa;Mollusca;Gastropoda;Heterobranchia;Euthyneura;Panpulmonata;Eupulmonata;Stylommatophora;Helicina;Helicoidea;Geomitridae;Candidula;Candidula unifasciata,53,223,535,713
662,blade,AF-H2Y1H0-F1-model_v6,1.0,0.000145,7719.0,cellular organisms;Eukaryota;Opisthokonta;Metazoa;Eumetazoa;Bilateria;Deuterostomia;Chordata;Tunicata;Ascidiacea;Phlebobranchia;Cionidae;Ciona;Ciona intestinalis,4,218,3,242
663,blade,AF-A0AAN8XL29-F1-model_v6,1.0,2.84e-05,373956.0,cellular organisms;Eukaryota;Opisthokonta;Metazoa;Eumetazoa;Bilateria;Protostomia;Ecdysozoa;Panarthropoda;Arthropoda;Mandibulata;Pancrustacea;Crustacea;Multicrustacea;Malacostraca;Eumalacostraca;Eucarida;Decapoda;Pleocyemata;Caridea;Atyoidea;Atyidae;Halocaridina;Halocaridina rubra,5,213,93,332
664,blade,AF-A0A0B7AHX0-F1-model_v6,1.0,0.000458,1028688.0,cellular organisms;Eukaryota;Opisthokonta;Metazoa;Eumetazoa;Bilateria;Protostomia;Spiralia;Lophotrochozoa;Mollusca;Gastropoda;Heterobranchia;Euthyneura;Panpulmonata;Eupulmonata;Stylommatophora;Helicina;Arionoidea;Arionidae;Arion;Arion vulgaris,2,217,667,920
665,blade,AF-A5D7M8-F1-model_v6,1.0,1.56e-06,9913.0,cellular organisms;Eukaryota;Opisthokonta;Metazoa;Eumetazoa;Bilateria;Deuterostomia;Chordata;Craniata;Vertebrata;Gnathostomata;Teleostomi;Euteleostomi;Sarcopterygii;Dipnotetrapodomorpha;Tetrapoda;Amniota;Mammalia;Theria;Eutheria;Boreoeutheria;Laurasiatheria;Artiodactyla;Ruminantia;Pecora;Bovidae;Bovinae;Bos;Bos taurus,15,212,534,733
666,blade,AF-A0A7K9DJG0-F1-model_v6,1.0,1.11e-12,243314.0,cellular organisms;Eukaryota;Opisthokonta;Metazoa;Eumetazoa;Bilateria;Deuterostomia;Chordata;Craniata;Vertebrata;Gnathostomata;Teleostomi;Euteleostomi;Sarcopterygii;Dipnotetrapodomorpha;Tetrapoda;Amniota;Sauropsida;Sauria;Archelosauria;Archosauria;Dinosauria;Saurischia;Theropoda;Coelurosauria;Aves;Neognathae;Neoaves;Strisores;Apodiformes;Apodidae;Hemiprocninae;Hemiprocne;Hemiprocne comata,2,214,807,994
667,blade,AF-A0A1B0CBS2-F1-model_v6,1.0,6.28e-05,7200.0,cellular organisms;Eukaryota;Opisthokonta;Metazoa;Eumetazoa;Bilateria;Protostomia;Ecdysozoa;Panarthropoda;Arthropoda;Mandibulata;Pancrustacea;Hexapoda;Insecta;Dicondylia;Pterygota;Neoptera;Endopterygota;Diptera;Nematocera;Psychodomorpha;Psychodoidea;Psychodidae;Phlebotominae;Lutzomyia;Lutzomyia;Lutzomyia longipalpis,1,213,554,769
668,blade,AF-B7QI96-F1-model_v6,1.0,0.000119,6945.0,cellular organisms;Eukaryota;Opisthokonta;Metazoa;Eumetazoa;Bilateria;Protostomia;Ecdysozoa;Panarthropoda;Arthropoda;Chelicerata;Arachnida;Acari;Parasitiformes;Ixodida;Ixodoidea;Ixodidae;Ixodinae;Ixodes;Ixodes scapularis,3,206,99,334
669,blade,AF-A0A183HFL1-F1-model_v6,1.0,0.0244,387005.0,cellular organisms;Eukaryota;Opisthokonta;Metazoa;Eumetazoa;Bilateria;Protostomia;Ecdysozoa;Nematoda;Chromadorea;Rhabditida;Spirurina;Spiruromorpha;Filarioidea;Onchocercidae;Onchocerca;Onchocerca flexuosa,19,212,534,732
670,blade,AF-A0A6I9MZJ5-F1-model_v6,1.0,4.89e-09,8208.0,cellular organisms;Eukaryota;Opisthokonta;Metazoa;Eumetazoa;Bilateria;Deuterostomia;Chordata;Craniata;Vertebrata;Gnathostomata;Teleostomi;Euteleostomi;Actinopterygii;Actinopteri;Neopterygii;Teleostei;Osteoglossocephalai;Clupeocephala;Euteleosteomorpha;Neoteleostei;Eurypterygia;Ctenosquamata;Acanthomorphata;Euacanthomorphacea;Percomorphaceae;Eupercaria;Perciformes;Notothenioidei;Nototheniidae;Notothenia;Notothenia coriiceps,1,205,1037,1251
671,blade,AF-A0A914S466-F1-model_v6,1.0,1.75e-07,6256.0,cellular organisms;Eukaryota;Opisthokonta;Metazoa;Eumetazoa;Bilateria;Protostomia;Ecdysozoa;Nematoda;Chromadorea;Rhabditida;Spirurina;Ascaridomorpha;Ascaridoidea;Ascarididae;Parascaris;Parascaris equorum,13,207,914,1114
672,blade,AF-A0A6M2DBF2-F1-model_v6,1.0,1.33e-05,6941.0,cellular organisms;Eukaryota;Opisthokonta;Metazoa;Eumetazoa;Bilateria;Protostomia;Ecdysozoa;Panarthropoda;Arthropoda;Chelicerata;Arachnida;Acari;Parasitiformes;Ixodida;Ixodoidea;Ixodidae;Rhipicephalinae;Rhipicephalus;Boophilus;Rhipicephalus microplus,12,206,561,773
673,blade,AF-A0A1B6HUV1-F1-model_v6,1.0,6.26e-06,320908.0,cellular organisms;Eukaryota;Opisthokonta;Metazoa;Eumetazoa;Bilateria;Protostomia;Ecdysozoa;Panarthropoda;Arthropoda;Mandibulata;Pancrustacea;Hexapoda;Insecta;Dicondylia;Pterygota;Neoptera;Paraneoptera;Hemiptera;Auchenorrhyncha;Cicadomorpha;Membracoidea;Cicadellidae;Cicadellinae;Proconiini;Homalodisca;Homalodisca liturata,1,196,1064,1258
674,blade,AF-A0A0M3J5J3-F1-model_v6,1.0,0.000605,6269.0,cellular organisms;Eukaryota;Opisthokonta;Metazoa;Eumetazoa;Bilateria;Protostomia;Ecdysozoa;Nematoda;Chromadorea;Rhabditida;Spirurina;Ascaridomorpha;Ascaridoidea;Anisakidae;Anisakis;Anisakis simplex complex;Anisakis simplex,1,173,553,725
675,blade,AF-A0A368GKL3-F1-model_v6,1.0,0.00657,29170.0,cellular organisms;Eukaryota;Opisthokonta;Metazoa;Eumetazoa;Bilateria;Protostomia;Ecdysozoa;Nematoda;Chromadorea;Rhabditida;Rhabditina;Rhabditomorpha;Strongyloidea;Ancylostomatidae;Ancylostomatinae;Ancylostoma;Ancylostoma caninum,14,203,535,727
676,blade,AF-A0A8S4BYU1-F1-model_v6,1.0,3.71e-08,238744.0,cellular organisms;Eukaryota;Opisthokonta;Metazoa;Eumetazoa;Bilateria;Deuterostomia;Chordata;Craniata;Vertebrata;Gnathostomata;Teleostomi;Euteleostomi;Actinopterygii;Actinopteri;Neopterygii;Teleostei;Osteoglossocephalai;Clupeocephala;Euteleosteomorpha;Neoteleostei;Eurypterygia;Ctenosquamata;Acanthomorphata;Euacanthomorphacea;Percomorphaceae;Ovalentaria;Atherinomorphae;Atheriniformes;Atherinopsidae;Menidiinae;Menidia;Menidia menidia,1,202,931,1233
677,blade,AF-A0A1I8ILN8-F1-model_v6,1.0,0.0685,282301.0,cellular organisms;Eukaryota;Opisthokonta;Metazoa;Eumetazoa;Bilateria;Protostomia;Spiralia;Lophotrochozoa;Platyhelminthes;Rhabditophora;Macrostomorpha;Macrostomida;Macrostomidae;Macrostomum;Macrostomum lignano,1,150,1157,1304
678,blade,AF-A0A0K0DK96-F1-model_v6,1.0,0.000865,6313.0,cellular organisms;Eukaryota;Opisthokonta;Metazoa;Eumetazoa;Bilateria;Protostomia;Ecdysozoa;Nematoda;Chromadorea;Rhabditida;Rhabditina;Rhabditomorpha;Strongyloidea;Metastrongylidae;Angiostrongylus;Angiostrongylus cantonensis,6,172,179,340
679,blade,AF-G9L1K0-F1-model_v6,1.0,3.98e-12,9669.0,cellular organisms;Eukaryota;Opisthokonta;Metazoa;Eumetazoa;Bilateria;Deuterostomia;Chordata;Craniata;Vertebrata;Gnathostomata;Teleostomi;Euteleostomi;Sarcopterygii;Dipnotetrapodomorpha;Tetrapoda;Amniota;Mammalia;Theria;Eutheria;Boreoeutheria;Laurasiatheria;Carnivora;Caniformia;Musteloidea;Mustelidae;Mustelinae;Mustela;Mustela putorius;Mustela putorius furo,2,196,529,723
680,blade,AF-A0A7J8DK34-F1-model_v6,1.0,0.0017,9407.0,cellular organisms;Eukaryota;Opisthokonta;Metazoa;Eumetazoa;Bilateria;Deuterostomia;Chordata;Craniata;Vertebrata;Gnathostomata;Teleostomi;Euteleostomi;Sarcopterygii;Dipnotetrapodomorpha;Tetrapoda;Amniota;Mammalia;Theria;Eutheria;Boreoeutheria;Laurasiatheria;Chiroptera;Yinpterochiroptera;Pteropodoidea;Pteropodidae;Rousettinae;Rousettus;Rousettus aegyptiacus,1,151,1,154
681,blade,AF-A0AAD7R7T5-F1-model_v6,1.0,5.15e-05,143900.0,cellular organisms;Eukaryota;Opisthokonta;Metazoa;Eumetazoa;Bilateria;Deuterostomia;Chordata;Craniata;Vertebrata;Gnathostomata;Teleostomi;Euteleostomi;Actinopterygii;Actinopteri;Neopterygii;Teleostei;Elopocephalai;Elopocephala;Elopomorpha;Notacanthiformes;Halosauridae;Aldrovandia;Aldrovandia affinis,1,192,1,180
682,blade,AF-A0A060WRK2-F1-model_v6,1.0,0.000128,8022.0,cellular organisms;Eukaryota;Opisthokonta;Metazoa;Eumetazoa;Bilateria;Deuterostomia;Chordata;Craniata;Vertebrata;Gnathostomata;Teleostomi;Euteleostomi;Actinopterygii;Actinopteri;Neopterygii;Teleostei;Osteoglossocephalai;Clupeocephala;Euteleosteomorpha;Protacanthopterygii;Salmoniformes;Salmonidae;Salmoninae;Oncorhynchus;Oncorhynchus mykiss,1,184,167,334
683,blade,MGYP003571918360,1.0,4.18e-05,6359.0,cellular organisms;Eukaryota;Opisthokonta;Metazoa;Eumetazoa;Bilateria;Protostomia;Spiralia;Lophotrochozoa;Annelida;Polychaeta;Errantia;Phyllodocida;Nereididae;Platynereis;Platynereis dumerilii,2,190,7,202
684,blade,AF-A0A6I9PNS9-F1-model_v6,1.0,3.04e-09,8208.0,cellular organisms;Eukaryota;Opisthokonta;Metazoa;Eumetazoa;Bilateria;Deuterostomia;Chordata;Craniata;Vertebrata;Gnathostomata;Teleostomi;Euteleostomi;Actinopterygii;Actinopteri;Neopterygii;Teleostei;Osteoglossocephalai;Clupeocephala;Euteleosteomorpha;Neoteleostei;Eurypterygia;Ctenosquamata;Acanthomorphata;Euacanthomorphacea;Percomorphaceae;Eupercaria;Perciformes;Notothenioidei;Nototheniidae;Notothenia;Notothenia coriiceps,4,187,885,1068
685,blade,AF-A0A091WF12-F1-model_v6,1.0,2.56e-13,30419.0,cellular organisms;Eukaryota;Opisthokonta;Metazoa;Eumetazoa;Bilateria;Deuterostomia;Chordata;Craniata;Vertebrata;Gnathostomata;Teleostomi;Euteleostomi;Sarcopterygii;Dipnotetrapodomorpha;Tetrapoda;Amniota;Sauropsida;Sauria;Archelosauria;Archosauria;Dinosauria;Saurischia;Theropoda;Coelurosauria;Aves;Neognathae;Neoaves;Opisthocomiformes;Opisthocomidae;Opisthocomus;Opisthocomus hoazin,2,189,807,994
686,blade,AF-A0A852EBI6-F1-model_v6,1.0,8.79e-13,187451.0,cellular organisms;Eukaryota;Opisthokonta;Metazoa;Eumetazoa;Bilateria;Deuterostomia;Chordata;Craniata;Vertebrata;Gnathostomata;Teleostomi;Euteleostomi;Sarcopterygii;Dipnotetrapodomorpha;Tetrapoda;Amniota;Sauropsida;Sauria;Archelosauria;Archosauria;Dinosauria;Saurischia;Theropoda;Coelurosauria;Aves;Neognathae;Neoaves;Telluraves;Australaves;Passeriformes;Passeroidea;Estrildidae;Viduinae;Vidua;Vidua macroura,2,188,808,994
687,blade,AF-A0A915IGZ2-F1-model_v6,1.0,0.00441,13658.0,cellular organisms;Eukaryota;Opisthokonta;Metazoa;Eumetazoa;Bilateria;Protostomia;Ecdysozoa;Nematoda;Enoplea;Dorylaimia;Mermithida;Mermithoidea;Mermithidae;Romanomermis;Romanomermis culicivorax,2,152,184,334
688,blade,MGYP002712517963,1.0,0.00318,6954.0,cellular organisms;Eukaryota;Opisthokonta;Metazoa;Eumetazoa;Bilateria;Protostomia;Ecdysozoa;Panarthropoda;Arthropoda;Chelicerata;Arachnida;Acari;Acariformes;Sarcoptiformes;Astigmata;Psoroptidia;Analgoidea;Pyroglyphidae;Dermatophagoidinae;Dermatophagoides;Dermatophagoides farinae,21,161,1152,1296
689,blade,AF-A0A0P7W6D9-F1-model_v6,1.0,3.72e-07,113540.0,cellular organisms;Eukaryota;Opisthokonta;Metazoa;Eumetazoa;Bilateria;Deuterostomia;Chordata;Craniata;Vertebrata;Gnathostomata;Teleostomi;Euteleostomi;Actinopterygii;Actinopteri;Neopterygii;Teleostei;Osteoglossocephalai;Osteoglossocephala;Osteoglossomorpha;Osteoglossiformes;Osteoglossidae;Scleropages;Scleropages formosus,2,175,983,1153
690,blade,AF-A0AAN8FDY5-F1-model_v6,1.0,5.36e-05,6319.0,cellular organisms;Eukaryota;Opisthokonta;Metazoa;Eumetazoa;Bilateria;Protostomia;Ecdysozoa;Nematoda;Chromadorea;Rhabditida;Rhabditina;Rhabditomorpha;Strongyloidea;Trichostrongylidae;Trichostrongylus;Trichostrongylus colubriformis,1,155,179,335
691,blade,AF-H3DBK4-F1-model_v6,1.0,6.26e-06,99883.0,cellular organisms;Eukaryota;Opisthokonta;Metazoa;Eumetazoa;Bilateria;Deuterostomia;Chordata;Craniata;Vertebrata;Gnathostomata;Teleostomi;Euteleostomi;Actinopterygii;Actinopteri;Neopterygii;Teleostei;Osteoglossocephalai;Clupeocephala;Euteleosteomorpha;Neoteleostei;Eurypterygia;Ctenosquamata;Acanthomorphata;Euacanthomorphacea;Percomorphaceae;Eupercaria;Tetraodontiformes;Tetraodontoidei;Tetradontoidea;Tetraodontidae;Tetraodon;Tetraodon nigroviridis,17,174,182,340
692,blade,AF-A0A0K0FX37-F1-model_v6,1.0,0.0275,75913.0,cellular organisms;Eukaryota;Opisthokonta;Metazoa;Eumetazoa;Bilateria;Protostomia;Ecdysozoa;Nematoda;Chromadorea;Rhabditida;Tylenchina;Panagrolaimomorpha;Strongyloidoidea;Strongyloididae;Strongyloides;Strongyloides venezuelensis,2,154,1,147
693,blade,AF-A0A4Z2JGX2-F1-model_v6,1.0,2.95e-05,230148.0,cellular organisms;Eukaryota;Opisthokonta;Metazoa;Eumetazoa;Bilateria;Deuterostomia;Chordata;Craniata;Vertebrata;Gnathostomata;Teleostomi;Euteleostomi;Actinopterygii;Actinopteri;Neopterygii;Teleostei;Osteoglossocephalai;Clupeocephala;Euteleosteomorpha;Neoteleostei;Eurypterygia;Ctenosquamata;Acanthomorphata;Euacanthomorphacea;Percomorphaceae;Eupercaria;Perciformes;Cottioidei;Cottales;Liparidae;Liparis;Liparis tanakae,2,156,1012,1162
694,blade,AF-A0A7L0XZD8-F1-model_v6,1.0,1.21e-10,137541.0,cellular organisms;Eukaryota;Opisthokonta;Metazoa;Eumetazoa;Bilateria;Deuterostomia;Chordata;Craniata;Vertebrata;Gnathostomata;Teleostomi;Euteleostomi;Sarcopterygii;Dipnotetrapodomorpha;Tetrapoda;Amniota;Sauropsida;Sauria;Archelosauria;Archosauria;Dinosauria;Saurischia;Theropoda;Coelurosauria;Aves;Neognathae;Neoaves;Telluraves;Australaves;Passeriformes;Tyrannidae;Tyrannus;Tyrannus savana,2,162,807,967
695,blade,AF-A0A4U5VGN9-F1-model_v6,1.0,0.00044,240159.0,cellular organisms;Eukaryota;Opisthokonta;Metazoa;Eumetazoa;Bilateria;Deuterostomia;Chordata;Craniata;Vertebrata;Gnathostomata;Teleostomi;Euteleostomi;Actinopterygii;Actinopteri;Neopterygii;Teleostei;Osteoglossocephalai;Clupeocephala;Euteleosteomorpha;Neoteleostei;Eurypterygia;Ctenosquamata;Acanthomorphata;Euacanthomorphacea;Percomorphaceae;Eupercaria;Eupercaria incertae sedis;Sciaenidae;Collichthys;Collichthys lucidus,8,143,198,334
696,blade,AF-A0A6I9MZX9-F1-model_v6,1.0,8.56e-08,8208.0,cellular organisms;Eukaryota;Opisthokonta;Metazoa;Eumetazoa;Bilateria;Deuterostomia;Chordata;Craniata;Vertebrata;Gnathostomata;Teleostomi;Euteleostomi;Actinopterygii;Actinopteri;Neopterygii;Teleostei;Osteoglossocephalai;Clupeocephala;Euteleosteomorpha;Neoteleostei;Eurypterygia;Ctenosquamata;Acanthomorphata;Euacanthomorphacea;Percomorphaceae;Eupercaria;Perciformes;Notothenioidei;Nototheniidae;Notothenia;Notothenia coriiceps,2,148,566,712
697,blade,AF-A0A2P4S4L5-F1-model_v6,1.0,1.54e-09,9083.0,cellular organisms;Eukaryota;Opisthokonta;Metazoa;Eumetazoa;Bilateria;Deuterostomia;Chordata;Craniata;Vertebrata;Gnathostomata;Teleostomi;Euteleostomi;Sarcopterygii;Dipnotetrapodomorpha;Tetrapoda;Amniota;Sauropsida;Sauria;Archelosauria;Archosauria;Dinosauria;Saurischia;Theropoda;Coelurosauria;Aves;Neognathae;Galloanserae;Galliformes;Phasianidae;Perdicinae;Bambusicola;Bambusicola thoracicus,1,160,771,930
698,blade,AF-A0A7K4VUI6-F1-model_v6,1.0,1.09e-05,337179.0,cellular organisms;Eukaryota;Opisthokonta;Metazoa;Eumetazoa;Bilateria;Deuterostomia;Chordata;Craniata;Vertebrata;Gnathostomata;Teleostomi;Euteleostomi;Sarcopterygii;Dipnotetrapodomorpha;Tetrapoda;Amniota;Sauropsida;Sauria;Archelosauria;Archosauria;Dinosauria;Saurischia;Theropoda;Coelurosauria;Aves;Neognathae;Neoaves;Telluraves;Australaves;Passeriformes;Passeroidea;Fringillidae;Emberizinae;Emberizini;Emberiza;Emberiza fucata,2,148,807,929
699,blade,AF-A0A822FID9-F1-model_v6,1.0,0.046,2762511.0,cellular organisms;Eukaryota;Opisthokonta;Metazoa;Eumetazoa;Bilateria;Protostomia;Spiralia;Gnathifera;Rotifera;Eurotatoria;Bdelloidea;Philodinida;Philodinidae;Rotaria;unclassified Rotaria;Rotaria sp. Silwood1,4,134,1107,1232
700,blade,AF-A0A0T6BBD2-F1-model_v6,1.0,0.0297,1629725.0,cellular organisms;Eukaryota;Opisthokonta;Metazoa;Eumetazoa;Bilateria;Protostomia;Ecdysozoa;Panarthropoda;Arthropoda;Mandibulata;Pancrustacea;Hexapoda;Insecta;Dicondylia;Pterygota;Neoptera;Endopterygota;Coleoptera;Polyphaga;Scarabaeiformia;Scarabaeoidea;Scarabaeidae;Dynastinae;Oryctes;Oryctes borbonicus,1,130,1,131
702,beam,AF-Q9H5I5-3-F1-model_v6,1.0,8.04e-20,9606.0,cellular organisms;Eukaryota;Opisthokonta;Metazoa;Eumetazoa;Bilateria;Deuterostomia;Chordata;Craniata;Vertebrata;Gnathostomata;Teleostomi;Euteleostomi;Sarcopterygii;Dipnotetrapodomorpha;Tetrapoda;Amniota;Mammalia;Theria;Eutheria;Boreoeutheria;Euarchontoglires;Primates;Haplorrhini;Simiiformes;Catarrhini;Hominoidea;Hominidae;Homininae;Homo;Homo sapiens,2,342,527,852
717,beam,AF-A4ID63-F1-model_v6,1.0,1e-09,5671.0,cellular organisms;Eukaryota;Discoba;Euglenozoa;Kinetoplastea;Metakinetoplastina;Trypanosomatida;Trypanosomatidae;Leishmaniinae;Leishmania;Leishmania;Leishmania donovani species complex;Leishmania infantum,1266,2031,68,843
739,beam,AF-A0A061ACU2-12-F1-model_v6,1.0,2.1e-26,6239.0,cellular organisms;Eukaryota;Opisthokonta;Metazoa;Eumetazoa;Bilateria;Protostomia;Ecdysozoa;Nematoda;Chromadorea;Rhabditida;Rhabditina;Rhabditomorpha;Rhabditoidea;Rhabditidae;Peloderinae;Caenorhabditis;Caenorhabditis elegans,3,622,118,852
795,beam,AF-A4I9U0-F1-model_v6,1.0,7.54e-11,5671.0,cellular organisms;Eukaryota;Discoba;Euglenozoa;Kinetoplastea;Metakinetoplastina;Trypanosomatida;Trypanosomatidae;Leishmaniinae;Leishmania;Leishmania;Leishmania donovani species complex;Leishmania infantum,791,1419,68,843
839,beam,AF-A0A1A8AGX9-F1-model_v6,1.0,1.1299999999999999e-55,105023.0,cellular organisms;Eukaryota;Opisthokonta;Metazoa;Eumetazoa;Bilateria;Deuterostomia;Chordata;Craniata;Vertebrata;Gnathostomata;Teleostomi;Euteleostomi;Actinopterygii;Actinopteri;Neopterygii;Teleostei;Osteoglossocephalai;Clupeocephala;Euteleosteomorpha;Neoteleostei;Eurypterygia;Ctenosquamata;Acanthomorphata;Euacanthomorphacea;Percomorphaceae;Ovalentaria;Atherinomorphae;Cyprinodontiformes;Aplocheiloidei;Nothobranchiidae;Nothobranchius;Nothobranchius furzeri,28,907,1,852
841,beam,AF-A0A6H5H055-F1-model_v6,1.0,4.29e-14,355587.0,cellular organisms;Eukaryota;Opisthokonta;Metazoa;Eumetazoa;Bilateria;Protostomia;Ecdysozoa;Panarthropoda;Arthropoda;Mandibulata;Pancrustacea;Hexapoda;Insecta;Dicondylia;Pterygota;Neoptera;Paraneoptera;Hemiptera;Prosorrhyncha;Heteroptera;Euheteroptera;Neoheteroptera;Panheteroptera;Cimicomorpha;Cimicoidea;Miridae;Bryocorinae;Dicyphini;Dicyphina;Nesidiocoris;Nesidiocoris tenuis,5,424,266,852
843,beam,AF-A0A9P0M8D5-F1-model_v6,1.0,1.44e-22,200917.0,cellular organisms;Eukaryota;Opisthokonta;Metazoa;Eumetazoa;Bilateria;Protostomia;Ecdysozoa;Panarthropoda;Arthropoda;Mandibulata;Pancrustacea;Hexapoda;Insecta;Dicondylia;Pterygota;Neoptera;Endopterygota;Coleoptera;Polyphaga;Cucujiformia;Chrysomeloidea;Chrysomelidae;Bruchinae;Bruchini;Acanthoscelides;Acanthoscelides obtectus,270,873,100,850
845,beam,AF-A0A1I8EMU6-F1-model_v6,1.0,1.19e-11,6293.0,cellular organisms;Eukaryota;Opisthokonta;Metazoa;Eumetazoa;Bilateria;Protostomia;Ecdysozoa;Nematoda;Chromadorea;Rhabditida;Spirurina;Spiruromorpha;Filarioidea;Onchocercidae;Wuchereria;Wuchereria bancrofti,380,899,6,847
847,beam,AF-A0A6C0PNJ5-F1-model_v6,1.0,7.13e-37,6645.0,cellular organisms;Eukaryota;Opisthokonta;Metazoa;Eumetazoa;Bilateria;Protostomia;Spiralia;Lophotrochozoa;Mollusca;Cephalopoda;Coleoidea;Octopodiformes;Octopoda;Incirrata;Octopodidae;Octopus;Octopus vulgaris,127,885,1,852
848,beam,AF-A0A8T0F7P9-F1-model_v6,1.0,3.49e-30,94029.0,cellular organisms;Eukaryota;Opisthokonta;Metazoa;Eumetazoa;Bilateria;Protostomia;Ecdysozoa;Panarthropoda;Arthropoda;Chelicerata;Arachnida;Araneae;Araneomorphae;Entelegynae;Orbiculariae;Araneoidea;Araneidae;Argiope;Argiope bruennichi,61,824,68,852
849,beam,AF-A0A1B6FU70-F1-model_v6,1.0,1.73e-30,1464854.0,cellular organisms;Eukaryota;Opisthokonta;Metazoa;Eumetazoa;Bilateria;Protostomia;Ecdysozoa;Panarthropoda;Arthropoda;Mandibulata;Pancrustacea;Hexapoda;Insecta;Dicondylia;Pterygota;Neoptera;Paraneoptera;Hemiptera;Auchenorrhyncha;Cicadomorpha;Membracoidea;Cicadellidae;Cicadellinae;Proconiini;Cuerna;Cuerna arida,72,843,1,852
850,beam,AF-A0A5J4XY78-F1-model_v6,1.0,1.85e-06,2608996.0,cellular organisms;Eukaryota;Viridiplantae;Chlorophyta;core chlorophytes;Trebouxiophyceae;Trebouxiales;Trebouxiaceae;Trebouxia;unclassified Trebouxia;Trebouxia sp. A1-2,259,824,36,851
851,beam,AF-A0A6A4MBG7-F1-model_v6,1.0,5.19e-08,262921.0,cellular organisms;Eukaryota;Viridiplantae;Streptophyta;Streptophytina;Embryophyta;Tracheophyta;Euphyllophyta;Spermatophyta;Magnoliopsida;Mesangiospermae;eudicotyledons;Gunneridae;Pentapetalae;asterids;Ericales;Ericaceae;Ericoideae;Rhodoreae;Rhododendron;Rhododendron williamsianum,146,911,10,837
853,beam,AF-A0A8T3E3G7-F1-model_v6,1.0,7.13e-37,1534307.0,cellular organisms;Eukaryota;Opisthokonta;Metazoa;Eumetazoa;Bilateria;Deuterostomia;Chordata;Craniata;Vertebrata;Gnathostomata;Teleostomi;Euteleostomi;Actinopterygii;Actinopteri;Neopterygii;Teleostei;Elopocephalai;Elopocephala;Elopomorpha;Albuliformes;Albulidae;Albulinae;Albula;Albula goreensis,192,848,70,852
854,beam,AF-A0A0V1FX63-F1-model_v6,1.0,9.36e-31,6337.0,cellular organisms;Eukaryota;Opisthokonta;Metazoa;Eumetazoa;Bilateria;Protostomia;Ecdysozoa;Nematoda;Enoplea;Dorylaimia;Trichinellida;Trichinellidae;Trichinella;Trichinella pseudospiralis,98,787,1,852
857,beam,AF-A0A9P0M5D4-F1-model_v6,1.0,2.9099999999999996e-23,200917.0,cellular organisms;Eukaryota;Opisthokonta;Metazoa;Eumetazoa;Bilateria;Protostomia;Ecdysozoa;Panarthropoda;Arthropoda;Mandibulata;Pancrustacea;Hexapoda;Insecta;Dicondylia;Pterygota;Neoptera;Endopterygota;Coleoptera;Polyphaga;Cucujiformia;Chrysomeloidea;Chrysomelidae;Bruchinae;Bruchini;Acanthoscelides;Acanthoscelides obtectus,144,813,1,850
861,beam,AF-A0A915ANH7-F1-model_v6,1.0,8.96e-13,6257.0,cellular organisms;Eukaryota;Opisthokonta;Metazoa;Eumetazoa;Bilateria;Protostomia;Ecdysozoa;Nematoda;Chromadorea;Rhabditida;Spirurina;Ascaridomorpha;Ascaridoidea;Ascarididae;Parascaris;Parascaris univalens,217,809,2,852
862,beam,AF-A0A914UZ51-F1-model_v6,1.0,6.44e-29,2011161.0,cellular organisms;Eukaryota;Opisthokonta;Metazoa;Eumetazoa;Bilateria;Protostomia;Ecdysozoa;Nematoda;Chromadorea;Plectida;Plectina;Plectoidea;Plectidae;Plectus;Plectus sambesii,52,821,9,852
863,beam,AF-A0AAV2PTF5-F1-model_v6,1.0,1.45e-25,48144.0,cellular organisms;Eukaryota;Opisthokonta;Metazoa;Eumetazoa;Bilateria;Protostomia;Ecdysozoa;Panarthropoda;Arthropoda;Mandibulata;Pancrustacea;Crustacea;Multicrustacea;Malacostraca;Eumalacostraca;Eucarida;Euphausiacea;Euphausiidae;Meganyctiphanes;Meganyctiphanes norvegica,7,789,273,852
864,beam,AF-A0A8T0ZJ80-F1-model_v6,1.0,5.94e-13,29920.0,cellular organisms;Eukaryota;Sar;Stramenopiles;Oomycota;Peronosporomycetes;Peronosporales;Peronosporaceae;Phytophthora;Phytophthora cactorum,204,836,348,851
865,beam,AF-A0A8S1WAT3-F1-model_v6,1.0,1.46e-10,43138.0,cellular organisms;Eukaryota;Sar;Alveolata;Ciliophora;Intramacronucleata;Oligohymenophorea;Peniculida;Parameciidae;Paramecium;Paramecium pentaurelia,97,811,133,848
866,beam,AF-A0A3Q0JIM1-F1-model_v6,1.0,1.83e-19,121845.0,cellular organisms;Eukaryota;Opisthokonta;Metazoa;Eumetazoa;Bilateria;Protostomia;Ecdysozoa;Panarthropoda;Arthropoda;Mandibulata;Pancrustacea;Hexapoda;Insecta;Dicondylia;Pterygota;Neoptera;Paraneoptera;Hemiptera;Sternorrhyncha;Psylloidea;Psyllidae;Diaphorininae;Diaphorina;Diaphorina citri,197,893,2,850
867,beam,AF-A0AA88GF15-F1-model_v6,1.0,3.26e-19,51637.0,cellular organisms;Eukaryota;Discoba;Heterolobosea;Tetramitia;Eutetramitia;Vahlkampfiidae;Naegleria;Naegleria lovaniensis,18,789,29,851
870,beam,AF-A0A4Y7L8I8-F1-model_v6,1.0,9.98e-07,3469.0,cellular organisms;Eukaryota;Viridiplantae;Streptophyta;Streptophytina;Embryophyta;Tracheophyta;Euphyllophyta;Spermatophyta;Magnoliopsida;Mesangiospermae;Ranunculales;Papaveraceae;Papaveroideae;Papaver;Papaver somniferum,418,1167,2,840
871,beam,AF-A0A818JV57-F1-model_v6,1.0,8.68e-17,392032.0,cellular organisms;Eukaryota;Opisthokonta;Metazoa;Eumetazoa;Bilateria;Protostomia;Spiralia;Gnathifera;Rotifera;Eurotatoria;Bdelloidea;Philodinida;Philodinidae;Rotaria;Rotaria socialis,27,770,68,851
873,beam,AF-A0A0B2VML1-F1-model_v6,1.0,1.06e-15,6265.0,cellular organisms;Eukaryota;Opisthokonta;Metazoa;Eumetazoa;Bilateria;Protostomia;Ecdysozoa;Nematoda;Chromadorea;Rhabditida;Spirurina;Ascaridomorpha;Ascaridoidea;Toxocaridae;Toxocara;Toxocara canis,100,543,325,847
874,beam,AF-A0AA35WA03-F1-model_v6,1.0,1.08e-22,519541.0,cellular organisms;Eukaryota;Opisthokonta;Metazoa;Porifera;Demospongiae;Heteroscleromorpha;Tetractinellida;Astrophorina;Geodiidae;Geodia;Geodia barretti,147,779,1,852
875,beam,AF-A0A267FGS4-F1-model_v6,1.0,9.54e-22,282301.0,cellular organisms;Eukaryota;Opisthokonta;Metazoa;Eumetazoa;Bilateria;Protostomia;Spiralia;Lophotrochozoa;Platyhelminthes;Rhabditophora;Macrostomorpha;Macrostomida;Macrostomidae;Macrostomum;Macrostomum lignano,60,729,68,852
876,beam,AF-A0AAN9VLX4-F1-model_v6,1.0,4.290000000000001e-31,2509291.0,cellular organisms;Eukaryota;Opisthokonta;Metazoa;Eumetazoa;Bilateria;Protostomia;Ecdysozoa;Panarthropoda;Arthropoda;Mandibulata;Pancrustacea;Hexapoda;Insecta;Dicondylia;Pterygota;Neoptera;Polyneoptera;Orthoptera;Ensifera;Gryllidea;Grylloidea;Gryllidae;Gryllinae;Gryllus;Gryllus longicercus,1,764,96,852
877,beam,AF-A0ABD1CZ82-F1-model_v6,1.0,1.71e-24,38569.0,cellular organisms;Eukaryota;Opisthokonta;Metazoa;Eumetazoa;Bilateria;Protostomia;Ecdysozoa;Panarthropoda;Arthropoda;Mandibulata;Pancrustacea;Hexapoda;Insecta;Dicondylia;Pterygota;Neoptera;Endopterygota;Diptera;Nematocera;Culicomorpha;Culicoidea;Culicidae;Culicinae;Culicini;Culex;Culex;Culex pipiens complex;Culex pipiens;Culex pipiens pipiens,24,756,53,850
878,beam,AF-A0A7S3VTN3-F1-model_v6,1.0,1e-07,3047.0,cellular organisms;Eukaryota;Viridiplantae;Chlorophyta;core chlorophytes;Chlorophyceae;CS clade;Chlamydomonadales;Dunaliellaceae;Dunaliella;Dunaliella tertiolecta,3,872,284,851
879,beam,AF-A0A5C6P1S9-F1-model_v6,1.0,1.27e-36,433684.0,cellular organisms;Eukaryota;Opisthokonta;Metazoa;Eumetazoa;Bilateria;Deuterostomia;Chordata;Craniata;Vertebrata;Gnathostomata;Teleostomi;Euteleostomi;Actinopterygii;Actinopteri;Neopterygii;Teleostei;Osteoglossocephalai;Clupeocephala;Euteleosteomorpha;Neoteleostei;Eurypterygia;Ctenosquamata;Acanthomorphata;Euacanthomorphacea;Percomorphaceae;Eupercaria;Tetraodontiformes;Tetraodontoidei;Tetradontoidea;Tetraodontidae;Takifugu;Takifugu flavidus,77,786,68,852
880,beam,AF-A0A8B7DUG8-F1-model_v6,1.0,1.6399999999999998e-23,6087.0,cellular organisms;Eukaryota;Opisthokonta;Metazoa;Eumetazoa;Cnidaria;Hydrozoa;Hydroidolina;Anthoathecata;Aplanulata;Hydridae;Hydra;Hydra vulgaris,94,776,1,852
881,beam,AF-A0A183GYL3-F1-model_v6,1.0,1.64e-07,387005.0,cellular organisms;Eukaryota;Opisthokonta;Metazoa;Eumetazoa;Bilateria;Protostomia;Ecdysozoa;Nematoda;Chromadorea;Rhabditida;Spirurina;Spiruromorpha;Filarioidea;Onchocercidae;Onchocerca;Onchocerca flexuosa,250,723,139,852
882,beam,AF-A0A915M3J2-F1-model_v6,1.0,1.94e-08,6303.0,cellular organisms;Eukaryota;Opisthokonta;Metazoa;Eumetazoa;Bilateria;Protostomia;Ecdysozoa;Nematoda;Chromadorea;Rhabditida;Tylenchina;Tylenchomorpha;Tylenchoidea;Meloidogynidae;Meloidogyninae;Meloidogyne;Meloidogyne incognita group;Meloidogyne javanica,192,851,1,839
883,beam,AF-A0A226EKW9-F1-model_v6,1.0,1.29e-28,158441.0,cellular organisms;Eukaryota;Opisthokonta;Metazoa;Eumetazoa;Bilateria;Protostomia;Ecdysozoa;Panarthropoda;Arthropoda;Mandibulata;Pancrustacea;Hexapoda;Collembola;Entomobryomorpha;Isotomoidea;Isotomidae;Proisotominae;Folsomia;Folsomia candida,20,746,9,852
884,beam,AF-A0A6F9ATM2-F1-model_v6,1.0,7.46e-22,861768.0,cellular organisms;Eukaryota;Opisthokonta;Metazoa;Eumetazoa;Bilateria;Deuterostomia;Chordata;Craniata;Vertebrata;Gnathostomata;Teleostomi;Euteleostomi;Actinopterygii;Actinopteri;Neopterygii;Teleostei;Osteoglossocephalai;Clupeocephala;Euteleosteomorpha;Protacanthopterygii;Salmoniformes;Salmonidae;Coregoninae;Coregonus;unclassified Coregonus;Coregonus sp. 'balchen',1,957,109,845
885,beam,AF-A0A0B7AR40-F1-model_v6,1.0,1.75e-34,1028688.0,cellular organisms;Eukaryota;Opisthokonta;Metazoa;Eumetazoa;Bilateria;Protostomia;Spiralia;Lophotrochozoa;Mollusca;Gastropoda;Heterobranchia;Euthyneura;Panpulmonata;Eupulmonata;Stylommatophora;Helicina;Arionoidea;Arionidae;Arion;Arion vulgaris,51,737,1,852
887,beam,AF-A0A196SI25-F1-model_v6,1.0,2.71e-11,478820.0,cellular organisms;Eukaryota;Sar;Stramenopiles;Bigyra;Opalozoa;Opalinata;Blastocystidae;Blastocystis;Blastocystis hominis;Blastocystis sp. ATCC 50177/Nand II,184,736,256,851
888,beam,AF-A0A4D9E3Z0-F1-model_v6,1.0,1.51e-40,55544.0,cellular organisms;Eukaryota;Opisthokonta;Metazoa;Eumetazoa;Bilateria;Deuterostomia;Chordata;Craniata;Vertebrata;Gnathostomata;Teleostomi;Euteleostomi;Sarcopterygii;Dipnotetrapodomorpha;Tetrapoda;Amniota;Sauropsida;Sauria;Archelosauria;Testudinata;Testudines;Cryptodira;Durocryptodira;Testudinoidea;Platysternidae;Platysternon;Platysternon megacephalum,2,742,141,852
889,beam,AF-A0A418DDV9-F1-model_v6,1.0,4.77e-07,112090.0,cellular organisms;Eukaryota;Sar;Stramenopiles;Oomycota;Saprolegniomycetes;Saprolegniales;Verrucalvaceae;Aphanomyces;Aphanomyces astaci,225,794,233,851
890,beam,AF-A0A2G8KG58-F1-model_v6,1.0,4.65e-30,307972.0,cellular organisms;Eukaryota;Opisthokonta;Metazoa;Eumetazoa;Bilateria;Deuterostomia;Echinodermata;Eleutherozoa;Echinozoa;Holothuroidea;Aspidochirotacea;Aspidochirotida;Stichopodidae;Apostichopus;Apostichopus japonicus,5,762,112,852
891,beam,AF-A0A0N5CXE1-F1-model_v6,1.0,8.17e-09,103827.0,cellular organisms;Eukaryota;Opisthokonta;Metazoa;Eumetazoa;Bilateria;Protostomia;Ecdysozoa;Nematoda;Chromadorea;Rhabditida;Spirurina;Spiruromorpha;Thelazioidea;Thelaziidae;Thelazia;Thelazia callipaeda,179,732,8,852
892,beam,AF-A0A3N0XTK6-F1-model_v6,1.0,2.95e-46,495550.0,cellular organisms;Eukaryota;Opisthokonta;Metazoa;Eumetazoa;Bilateria;Deuterostomia;Chordata;Craniata;Vertebrata;Gnathostomata;Teleostomi;Euteleostomi;Actinopterygii;Actinopteri;Neopterygii;Teleostei;Osteoglossocephalai;Clupeocephala;Otomorpha;Ostariophysi;Otophysi;Cypriniphysae;Cypriniformes;Cyprinoidei;Xenocyprididae;Xenocypridinae;Xenocypridinae incertae sedis;Anabarilius;Anabarilius grahami,24,741,143,852
894,beam,AF-A0A453EUB4-F1-model_v6,1.0,8.89e-10,200361.0,cellular organisms;Eukaryota;Viridiplantae;Streptophyta;Streptophytina;Embryophyta;Tracheophyta;Euphyllophyta;Spermatophyta;Magnoliopsida;Mesangiospermae;Liliopsida;Petrosaviidae;commelinids;Poales;Poaceae;BOP clade;Pooideae;Triticodae;Triticeae;Triticinae;Aegilops;Aegilops tauschii;Aegilops tauschii subsp. strangulata,2,745,49,847
896,beam,AF-A0A1I8GQH9-F1-model_v6,1.0,9.47e-19,282301.0,cellular organisms;Eukaryota;Opisthokonta;Metazoa;Eumetazoa;Bilateria;Protostomia;Spiralia;Lophotrochozoa;Platyhelminthes;Rhabditophora;Macrostomorpha;Macrostomida;Macrostomidae;Macrostomum;Macrostomum lignano,218,1052,6,852
897,beam,AF-K2NF10-F1-model_v6,1.0,2.63e-15,85056.0,cellular organisms;Eukaryota;Discoba;Euglenozoa;Kinetoplastea;Metakinetoplastina;Trypanosomatida;Trypanosomatidae;Trypanosoma;Schizotrypanum;Trypanosoma cruzi;Trypanosoma cruzi marinkellei,184,861,199,851
899,beam,AF-A0AB34GB94-F1-model_v6,1.0,4.19e-38,9764.0,cellular organisms;Eukaryota;Opisthokonta;Metazoa;Eumetazoa;Bilateria;Deuterostomia;Chordata;Craniata;Vertebrata;Gnathostomata;Teleostomi;Euteleostomi;Sarcopterygii;Dipnotetrapodomorpha;Tetrapoda;Amniota;Mammalia;Theria;Eutheria;Boreoeutheria;Laurasiatheria;Artiodactyla;Whippomorpha;Cetacea;Mysticeti;Eschrichtiidae;Eschrichtius;Eschrichtius robustus,14,788,198,852
900,beam,AF-A0A9P0KJ22-F1-model_v6,1.0,1.14e-25,200917.0,cellular organisms;Eukaryota;Opisthokonta;Metazoa;Eumetazoa;Bilateria;Protostomia;Ecdysozoa;Panarthropoda;Arthropoda;Mandibulata;Pancrustacea;Hexapoda;Insecta;Dicondylia;Pterygota;Neoptera;Endopterygota;Coleoptera;Polyphaga;Cucujiformia;Chrysomeloidea;Chrysomelidae;Bruchinae;Bruchini;Acanthoscelides;Acanthoscelides obtectus,51,683,58,852
901,beam,AF-A0A914N2I7-F1-model_v6,1.0,2.11e-27,6306.0,cellular organisms;Eukaryota;Opisthokonta;Metazoa;Eumetazoa;Bilateria;Protostomia;Ecdysozoa;Nematoda;Chromadorea;Rhabditida;Tylenchina;Tylenchomorpha;Tylenchoidea;Meloidogynidae;Meloidogyninae;Meloidogyne;Meloidogyne incognita group;Meloidogyne incognita,18,728,127,852
903,beam,AF-A0A7R9CQG1-F1-model_v6,1.0,1.09e-26,61476.0,cellular organisms;Eukaryota;Opisthokonta;Metazoa;Eumetazoa;Bilateria;Protostomia;Ecdysozoa;Panarthropoda;Arthropoda;Mandibulata;Pancrustacea;Hexapoda;Insecta;Dicondylia;Pterygota;Neoptera;Polyneoptera;Phasmatodea;Timematodea;Timematoidea;Timematidae;Timema;Timema cristinae,5,738,70,852
905,beam,AF-A0A553R787-F1-model_v6,1.0,8.020000000000001e-35,623744.0,cellular organisms;Eukaryota;Opisthokonta;Metazoa;Eumetazoa;Bilateria;Deuterostomia;Chordata;Craniata;Vertebrata;Gnathostomata;Teleostomi;Euteleostomi;Actinopterygii;Actinopteri;Neopterygii;Teleostei;Osteoglossocephalai;Clupeocephala;Otomorpha;Ostariophysi;Otophysi;Cypriniphysae;Cypriniformes;Cyprinoidei;Danionidae;Danioninae;Danionella;Danionella translucida,16,689,68,852
906,beam,AF-A0A7G2C012-F1-model_v6,1.0,2.11e-10,59799.0,cellular organisms;Eukaryota;Discoba;Euglenozoa;Kinetoplastea;Metakinetoplastina;Trypanosomatida;Trypanosomatidae;Strigomonadinae;Angomonas;Angomonas deanei,98,631,200,848
907,beam,AF-A0A1S3HPU6-F1-model_v6,1.0,5.27e-31,7574.0,cellular organisms;Eukaryota;Opisthokonta;Metazoa;Eumetazoa;Bilateria;Protostomia;Spiralia;Lophotrochozoa;Brachiopoda;Linguliformea;Lingulata;Lingulida;Linguloidea;Lingulidae;Lingula;Lingula anatina,20,679,121,852
908,beam,AF-A0A1I8CPI5-F1-model_v6,1.0,8.770000000000001e-21,114890.0,cellular organisms;Eukaryota;Opisthokonta;Metazoa;Eumetazoa;Bilateria;Protostomia;Ecdysozoa;Nematoda;Chromadorea;Rhabditida;Tylenchina;Panagrolaimomorpha;Strongyloidoidea;Alloionematidae;Rhabditophanes;unclassified Rhabditophanes;Rhabditophanes sp. KR3021,27,660,1,851
909,beam,AF-A0A3P7E8S5-F1-model_v6,1.0,2.89e-05,6293.0,cellular organisms;Eukaryota;Opisthokonta;Metazoa;Eumetazoa;Bilateria;Protostomia;Ecdysozoa;Nematoda;Chromadorea;Rhabditida;Spirurina;Spiruromorpha;Filarioidea;Onchocercidae;Wuchereria;Wuchereria bancrofti,4,211,608,852
911,beam,AF-A0A1S3QF89-F1-model_v6,1.0,1.16e-35,8030.0,cellular organisms;Eukaryota;Opisthokonta;Metazoa;Eumetazoa;Bilateria;Deuterostomia;Chordata;Craniata;Vertebrata;Gnathostomata;Teleostomi;Euteleostomi;Actinopterygii;Actinopteri;Neopterygii;Teleostei;Osteoglossocephalai;Clupeocephala;Euteleosteomorpha;Protacanthopterygii;Salmoniformes;Salmonidae;Salmoninae;Salmo;Salmo salar,210,875,68,852
912,beam,AF-A0A0C9R8R9-F1-model_v6,1.0,1.87e-28,64838.0,cellular organisms;Eukaryota;Opisthokonta;Metazoa;Eumetazoa;Bilateria;Protostomia;Ecdysozoa;Panarthropoda;Arthropoda;Mandibulata;Pancrustacea;Hexapoda;Insecta;Dicondylia;Pterygota;Neoptera;Endopterygota;Hymenoptera;Apocrita;Ichneumonoidea;Braconidae;Opiinae;Fopius;Fopius arisanus,7,608,173,852
913,beam,AF-A0A2G8LNX9-F1-model_v6,1.0,6.449999999999999e-30,307972.0,cellular organisms;Eukaryota;Opisthokonta;Metazoa;Eumetazoa;Bilateria;Deuterostomia;Echinodermata;Eleutherozoa;Echinozoa;Holothuroidea;Aspidochirotacea;Aspidochirotida;Stichopodidae;Apostichopus;Apostichopus japonicus,25,663,172,852
917,beam,AF-A0A8S2R756-F1-model_v6,1.0,2.02e-09,392030.0,cellular organisms;Eukaryota;Opisthokonta;Metazoa;Eumetazoa;Bilateria;Protostomia;Spiralia;Gnathifera;Rotifera;Eurotatoria;Bdelloidea;Philodinida;Philodinidae;Rotaria;Rotaria magnacalcarata,295,1018,6,753
920,beam,AF-A0A7R9I936-F1-model_v6,1.0,1.3599999999999999e-30,61484.0,cellular organisms;Eukaryota;Opisthokonta;Metazoa;Eumetazoa;Bilateria;Protostomia;Ecdysozoa;Panarthropoda;Arthropoda;Mandibulata;Pancrustacea;Hexapoda;Insecta;Dicondylia;Pterygota;Neoptera;Polyneoptera;Phasmatodea;Timematodea;Timematoidea;Timematidae;Timema;Timema tahoe,4,760,16,852
921,beam,AF-A0A836CXX6-F1-model_v6,1.0,7.49e-07,9940.0,cellular organisms;Eukaryota;Opisthokonta;Metazoa;Eumetazoa;Bilateria;Deuterostomia;Chordata;Craniata;Vertebrata;Gnathostomata;Teleostomi;Euteleostomi;Sarcopterygii;Dipnotetrapodomorpha;Tetrapoda;Amniota;Mammalia;Theria;Eutheria;Boreoeutheria;Laurasiatheria;Artiodactyla;Ruminantia;Pecora;Bovidae;Caprinae;Ovis;Ovis aries,437,924,106,711
922,beam,AF-A0A2H8TD61-F1-model_v6,1.0,8.200000000000001e-27,742174.0,cellular organisms;Eukaryota;Opisthokonta;Metazoa;Eumetazoa;Bilateria;Protostomia;Ecdysozoa;Panarthropoda;Arthropoda;Mandibulata;Pancrustacea;Hexapoda;Insecta;Dicondylia;Pterygota;Neoptera;Paraneoptera;Hemiptera;Sternorrhyncha;Aphidomorpha;Aphidoidea;Aphididae;Aphidinae;Aphidini;Melanaphis;Melanaphis sacchari,45,619,172,852
923,beam,AF-A0A9N9MSI1-F1-model_v6,1.0,1.77e-22,467358.0,cellular organisms;Eukaryota;Opisthokonta;Metazoa;Eumetazoa;Bilateria;Protostomia;Ecdysozoa;Panarthropoda;Arthropoda;Mandibulata;Pancrustacea;Hexapoda;Insecta;Dicondylia;Pterygota;Neoptera;Endopterygota;Coleoptera;Polyphaga;Cucujiformia;Curculionoidea;Curculionidae;Ceutorhynchinae;Ceutorhynchus;Ceutorhynchus assimilis,141,811,1,851
924,beam,AF-A0A0D6MDC8-F1-model_v6,1.0,3.19e-28,53326.0,cellular organisms;Eukaryota;Opisthokonta;Metazoa;Eumetazoa;Bilateria;Protostomia;Ecdysozoa;Nematoda;Chromadorea;Rhabditida;Rhabditina;Rhabditomorpha;Strongyloidea;Ancylostomatidae;Ancylostomatinae;Ancylostoma;Ancylostoma ceylanicum,1,680,71,852
926,beam,AF-A0A9J2Q5G7-F1-model_v6,1.0,5.94e-13,6252.0,cellular organisms;Eukaryota;Opisthokonta;Metazoa;Eumetazoa;Bilateria;Protostomia;Ecdysozoa;Nematoda;Chromadorea;Rhabditida;Spirurina;Ascaridomorpha;Ascaridoidea;Ascarididae;Ascaris;Ascaris lumbricoides,24,598,125,852
927,beam,AF-A0A5J4W070-F1-model_v6,1.0,2.01e-07,222440.0,cellular organisms;Eukaryota;Metamonada;Preaxostyla;Oxymonadida;Streblomastigidae;Streblomastix;Streblomastix strix,2,549,143,851
928,beam,AF-A0A915KAT0-F1-model_v6,1.0,1.58e-25,13658.0,cellular organisms;Eukaryota;Opisthokonta;Metazoa;Eumetazoa;Bilateria;Protostomia;Ecdysozoa;Nematoda;Enoplea;Dorylaimia;Mermithida;Mermithoidea;Mermithidae;Romanomermis;Romanomermis culicivorax,12,628,143,852
929,beam,AF-A0A7J5YJ68-F1-model_v6,1.0,2.54e-35,36200.0,cellular organisms;Eukaryota;Opisthokonta;Metazoa;Eumetazoa;Bilateria;Deuterostomia;Chordata;Craniata;Vertebrata;Gnathostomata;Teleostomi;Euteleostomi;Actinopterygii;Actinopteri;Neopterygii;Teleostei;Osteoglossocephalai;Clupeocephala;Euteleosteomorpha;Neoteleostei;Eurypterygia;Ctenosquamata;Acanthomorphata;Euacanthomorphacea;Percomorphaceae;Eupercaria;Perciformes;Notothenioidei;Nototheniidae;Dissostichus;Dissostichus mawsoni,36,882,1,845
930,beam,AF-A0A1A7X1H1-F1-model_v6,1.0,9.480000000000001e-36,60296.0,cellular organisms;Eukaryota;Opisthokonta;Metazoa;Eumetazoa;Bilateria;Deuterostomia;Chordata;Craniata;Vertebrata;Gnathostomata;Teleostomi;Euteleostomi;Actinopterygii;Actinopteri;Neopterygii;Teleostei;Osteoglossocephalai;Clupeocephala;Euteleosteomorpha;Neoteleostei;Eurypterygia;Ctenosquamata;Acanthomorphata;Euacanthomorphacea;Percomorphaceae;Ovalentaria;Atherinomorphae;Cyprinodontiformes;Aplocheiloidei;Nothobranchiidae;Iconisemion;Iconisemion striatum,30,609,200,852
931,beam,AF-A6IXL9-F1-model_v6,1.0,1.08e-37,10116.0,cellular organisms;Eukaryota;Opisthokonta;Metazoa;Eumetazoa;Bilateria;Deuterostomia;Chordata;Craniata;Vertebrata;Gnathostomata;Teleostomi;Euteleostomi;Sarcopterygii;Dipnotetrapodomorpha;Tetrapoda;Amniota;Mammalia;Theria;Eutheria;Boreoeutheria;Euarchontoglires;Glires;Rodentia;Myomorpha;Muroidea;Muridae;Murinae;Rattus;Rattus norvegicus,2,627,51,852
932,beam,AF-A0A6G1RNA9-F1-model_v6,1.0,1.95e-45,2861861.0,cellular organisms;Eukaryota;Opisthokonta;Metazoa;Eumetazoa;Bilateria;Deuterostomia;Chordata;Craniata;Vertebrata;Gnathostomata;Teleostomi;Euteleostomi;Sarcopterygii;Dipnotetrapodomorpha;Tetrapoda;Amniota;Sauropsida;Sauria;Archelosauria;Archosauria;Dinosauria;Saurischia;Theropoda;Coelurosauria;Aves;Neognathae;Neoaves;Gruiformes;Rallidae;Hypotaenidia;Hypotaenidia okinawae,2,623,237,852
933,beam,AF-A0A4Z2BWV0-F1-model_v6,1.0,1.08e-38,433685.0,cellular organisms;Eukaryota;Opisthokonta;Metazoa;Eumetazoa;Bilateria;Deuterostomia;Chordata;Craniata;Vertebrata;Gnathostomata;Teleostomi;Euteleostomi;Actinopterygii;Actinopteri;Neopterygii;Teleostei;Osteoglossocephalai;Clupeocephala;Euteleosteomorpha;Neoteleostei;Eurypterygia;Ctenosquamata;Acanthomorphata;Euacanthomorphacea;Percomorphaceae;Eupercaria;Tetraodontiformes;Tetraodontoidei;Tetradontoidea;Tetraodontidae;Takifugu;Takifugu bimaculatus,6,801,143,852
936,beam,AF-A0A7S3IKS3-F1-model_v6,1.0,9.98e-07,197538.0,cellular organisms;Eukaryota;Sar;Alveolata;Ciliophora;Intramacronucleata;Spirotrichea;Oligotrichia;Strombidiidae;Strombidium;Strombidium inclinatum,22,896,139,851
938,beam,AF-A0A6S7I9M5-F1-model_v6,1.0,1.58e-26,317549.0,cellular organisms;Eukaryota;Opisthokonta;Metazoa;Eumetazoa;Cnidaria;Anthozoa;Octocorallia;Malacalcyonacea;Plexauridae;Paramuricea;Paramuricea clavata,12,606,68,850
939,beam,AF-A0A397EUN1-F1-model_v6,1.0,2.18e-06,112090.0,cellular organisms;Eukaryota;Sar;Stramenopiles;Oomycota;Saprolegniomycetes;Saprolegniales;Verrucalvaceae;Aphanomyces;Aphanomyces astaci,222,598,483,851
940,beam,AF-J9ER22-F1-model_v6,1.0,2.03e-10,6293.0,cellular organisms;Eukaryota;Opisthokonta;Metazoa;Eumetazoa;Bilateria;Protostomia;Ecdysozoa;Nematoda;Chromadorea;Rhabditida;Spirurina;Spiruromorpha;Filarioidea;Onchocercidae;Wuchereria;Wuchereria bancrofti,230,813,2,852
941,beam,AF-A0AAV3ANW8-F1-model_v6,1.0,1.17e-36,30357.0,cellular organisms;Eukaryota;Opisthokonta;Metazoa;Eumetazoa;Bilateria;Deuterostomia;Chordata;Craniata;Vertebrata;Gnathostomata;Teleostomi;Euteleostomi;Sarcopterygii;Dipnotetrapodomorpha;Tetrapoda;Amphibia;Batrachia;Anura;Neobatrachia;Ranoidea;Pyxicephalidae;Pyxicephalinae;Pyxicephalus;Pyxicephalus adspersus,51,621,272,852
942,beam,AF-A0AAD4N178-F1-model_v6,1.0,3.9000000000000004e-26,166010.0,cellular organisms;Eukaryota;Opisthokonta;Metazoa;Eumetazoa;Bilateria;Protostomia;Ecdysozoa;Nematoda;Chromadorea;Rhabditida;Tylenchina;Tylenchomorpha;Sphaerularioidea;Anguinidae;Anguininae;Ditylenchus;Ditylenchus destructor,9,649,140,850
943,beam,AF-A0A821N2H6-F1-model_v6,1.0,2.8e-25,392032.0,cellular organisms;Eukaryota;Opisthokonta;Metazoa;Eumetazoa;Bilateria;Protostomia;Spiralia;Gnathifera;Rotifera;Eurotatoria;Bdelloidea;Philodinida;Philodinidae;Rotaria;Rotaria socialis,2,579,127,852
944,beam,AF-A0A8D8I353-F1-model_v6,1.0,3.5699999999999997e-23,7175.0,cellular organisms;Eukaryota;Opisthokonta;Metazoa;Eumetazoa;Bilateria;Protostomia;Ecdysozoa;Panarthropoda;Arthropoda;Mandibulata;Pancrustacea;Hexapoda;Insecta;Dicondylia;Pterygota;Neoptera;Endopterygota;Diptera;Nematocera;Culicomorpha;Culicoidea;Culicidae;Culicinae;Culicini;Culex;Culex;Culex pipiens complex;Culex pipiens,9,566,173,852
945,beam,AF-A0A7S0IES8-F1-model_v6,1.0,2.21e-11,38833.0,cellular organisms;Eukaryota;Viridiplantae;Chlorophyta;Mamiellophyceae;Mamiellales;Mamiellaceae;Micromonas;Micromonas pusilla,3,582,365,851
946,beam,AF-A0A2N9H8X9-F1-model_v6,1.0,1.23e-08,28930.0,cellular organisms;Eukaryota;Viridiplantae;Streptophyta;Streptophytina;Embryophyta;Tracheophyta;Euphyllophyta;Spermatophyta;Magnoliopsida;Mesangiospermae;eudicotyledons;Gunneridae;Pentapetalae;rosids;fabids;Fagales;Fagaceae;Fagus;Fagus sylvatica,187,958,2,844
947,beam,AF-A0A0A1U2R3-F1-model_v6,1.0,1.15e-12,370355.0,cellular organisms;Eukaryota;Amoebozoa;Evosea;Archamoebae;Mastigamoebida;Entamoebidae;Entamoeba;Entamoeba invadens;Entamoeba invadens IP1,1,650,272,852
948,beam,AF-A0A4Z2C651-F1-model_v6,1.0,2e-38,433685.0,cellular organisms;Eukaryota;Opisthokonta;Metazoa;Eumetazoa;Bilateria;Deuterostomia;Chordata;Craniata;Vertebrata;Gnathostomata;Teleostomi;Euteleostomi;Actinopterygii;Actinopteri;Neopterygii;Teleostei;Osteoglossocephalai;Clupeocephala;Euteleosteomorpha;Neoteleostei;Eurypterygia;Ctenosquamata;Acanthomorphata;Euacanthomorphacea;Percomorphaceae;Eupercaria;Tetraodontiformes;Tetraodontoidei;Tetradontoidea;Tetraodontidae;Takifugu;Takifugu bimaculatus,1,594,273,852
949,beam,AF-A0A0R3QQZ3-F1-model_v6,1.0,1.7e-05,42155.0,cellular organisms;Eukaryota;Opisthokonta;Metazoa;Eumetazoa;Bilateria;Protostomia;Ecdysozoa;Nematoda;Chromadorea;Rhabditida;Spirurina;Spiruromorpha;Filarioidea;Onchocercidae;Brugia;Brugia timori,2,213,644,852
951,beam,AF-A0AAV4H0F6-F1-model_v6,1.0,1.06e-30,1093978.0,cellular organisms;Eukaryota;Opisthokonta;Metazoa;Eumetazoa;Bilateria;Protostomia;Spiralia;Lophotrochozoa;Mollusca;Gastropoda;Heterobranchia;Euthyneura;Panpulmonata;Sacoglossa;Placobranchoidea;Plakobranchidae;Elysia;Elysia marginata,2,570,144,852
952,beam,AF-A0A553QNW5-F1-model_v6,1.0,1.8999999999999998e-34,623744.0,cellular organisms;Eukaryota;Opisthokonta;Metazoa;Eumetazoa;Bilateria;Deuterostomia;Chordata;Craniata;Vertebrata;Gnathostomata;Teleostomi;Euteleostomi;Actinopterygii;Actinopteri;Neopterygii;Teleostei;Osteoglossocephalai;Clupeocephala;Otomorpha;Ostariophysi;Otophysi;Cypriniphysae;Cypriniformes;Cyprinoidei;Danionidae;Danioninae;Danionella;Danionella translucida,5,504,348,852
953,beam,AF-A0A817B6T4-F1-model_v6,1.0,1.01e-09,2762512.0,cellular organisms;Eukaryota;Opisthokonta;Metazoa;Eumetazoa;Bilateria;Protostomia;Spiralia;Gnathifera;Rotifera;Eurotatoria;Bdelloidea;Philodinida;Philodinidae;Rotaria;unclassified Rotaria;Rotaria sp. Silwood2,45,468,1,514
954,beam,AF-A0A224YFY0-F1-model_v6,1.0,9.320000000000001e-29,60191.0,cellular organisms;Eukaryota;Opisthokonta;Metazoa;Eumetazoa;Bilateria;Protostomia;Ecdysozoa;Panarthropoda;Arthropoda;Chelicerata;Arachnida;Acari;Parasitiformes;Ixodida;Ixodoidea;Ixodidae;Rhipicephalinae;Rhipicephalus;Rhipicephalus;Rhipicephalus zambeziensis,2,554,218,852
955,beam,AF-A0A7S0KAW6-F1-model_v6,1.0,0.000103,38833.0,cellular organisms;Eukaryota;Viridiplantae;Chlorophyta;Mamiellophyceae;Mamiellales;Mamiellaceae;Micromonas;Micromonas pusilla,327,527,653,851
956,beam,AF-A0A0P4W477-F1-model_v6,1.0,7.98e-16,85551.0,cellular organisms;Eukaryota;Opisthokonta;Metazoa;Eumetazoa;Bilateria;Protostomia;Ecdysozoa;Panarthropoda;Arthropoda;Mandibulata;Pancrustacea;Crustacea;Multicrustacea;Malacostraca;Eumalacostraca;Eucarida;Decapoda;Pleocyemata;Brachyura;Eubrachyura;Heterotremata;Portunoidea;Portunidae;Portuninae;Scylla;Scylla olivacea,176,537,503,852
957,beam,AF-A0AAW2YN02-F1-model_v6,1.0,3.22e-15,1008807.0,cellular organisms;Eukaryota;Discoba;Heterolobosea;Tetramitia;Eutetramitia;Acrasidae;Acrasis;Acrasis kona,4,534,221,848
958,beam,AF-A0AAE0WCQ3-F1-model_v6,1.0,4.46e-30,2493646.0,cellular organisms;Eukaryota;Opisthokonta;Metazoa;Eumetazoa;Bilateria;Protostomia;Spiralia;Lophotrochozoa;Mollusca;Bivalvia;Autobranchia;Heteroconchia;Palaeoheterodonta;Unionida;Unionoidea;Unionidae;Ambleminae;Lampsilini;Potamilus;Potamilus streckersoni,24,552,312,852
959,beam,AF-A0AAD7ZEB1-F1-model_v6,1.0,7.61e-30,6984.0,cellular organisms;Eukaryota;Opisthokonta;Metazoa;Eumetazoa;Bilateria;Protostomia;Ecdysozoa;Panarthropoda;Arthropoda;Mandibulata;Pancrustacea;Hexapoda;Insecta;Dicondylia;Pterygota;Neoptera;Polyneoptera;Dictyoptera;Blattodea;Blaberoidea;Blaberidae;Diplopterinae;Diploptera;Diploptera punctata,4,575,190,852
960,beam,AF-A0A812MT74-F1-model_v6,1.0,3.06e-10,1519616.0,cellular organisms;Eukaryota;Sar;Alveolata;Dinophyceae;Suessiales;Symbiodiniaceae;Symbiodinium;unclassified Symbiodinium;Symbiodinium sp. CCMP2456,4,699,127,851
961,beam,AF-A0A6V7M8E3-F1-model_v6,1.0,8.9e-27,1563983.0,cellular organisms;Eukaryota;Opisthokonta;Metazoa;Eumetazoa;Bilateria;Protostomia;Ecdysozoa;Panarthropoda;Arthropoda;Mandibulata;Pancrustacea;Hexapoda;Insecta;Dicondylia;Pterygota;Neoptera;Endopterygota;Hymenoptera;Apocrita;Ichneumonoidea;Braconidae;Braconinae;Bracon;Bracon brevicornis,18,482,359,852
962,beam,AF-A0A7S0DLL3-F1-model_v6,1.0,1.44e-06,1561963.0,cellular organisms;Eukaryota;Sar;Rhizaria;Cercozoa;Chlorarachniophyceae;Amorphochlora;Amorphochlora amoebiformis,14,368,503,848
963,beam,AF-A0A1S3QUK8-F1-model_v6,1.0,5.14e-21,8030.0,cellular organisms;Eukaryota;Opisthokonta;Metazoa;Eumetazoa;Bilateria;Deuterostomia;Chordata;Craniata;Vertebrata;Gnathostomata;Teleostomi;Euteleostomi;Actinopterygii;Actinopteri;Neopterygii;Teleostei;Osteoglossocephalai;Clupeocephala;Euteleosteomorpha;Protacanthopterygii;Salmoniformes;Salmonidae;Salmoninae;Salmo;Salmo salar,2,912,86,751
964,beam,AF-W8BRJ7-F1-model_v6,1.0,7.83e-25,7213.0,cellular organisms;Eukaryota;Opisthokonta;Metazoa;Eumetazoa;Bilateria;Protostomia;Ecdysozoa;Panarthropoda;Arthropoda;Mandibulata;Pancrustacea;Hexapoda;Insecta;Dicondylia;Pterygota;Neoptera;Endopterygota;Diptera;Brachycera;Muscomorpha;Eremoneura;Cyclorrhapha;Schizophora;Acalyptratae;Tephritoidea;Tephritidae;Dacinae;Ceratitidini;Ceratitis;Ceratitis;Ceratitis capitata,1,520,301,852
965,beam,AF-A0A813B2L5-F1-model_v6,1.0,7.84e-09,1628268.0,cellular organisms;Eukaryota;Sar;Alveolata;Dinophyceae;Suessiales;Symbiodiniaceae;Symbiodinium;Symbiodinium necroappetens,22,494,371,851
966,beam,AF-A0A8J2M1T6-F1-model_v6,1.0,1.53e-12,2874296.0,cellular organisms;Eukaryota;Opisthokonta;Metazoa;Eumetazoa;Bilateria;Protostomia;Ecdysozoa;Nematoda;Chromadorea;Rhabditida;Spirurina;Spiruromorpha;Filarioidea;Onchocercidae;Cercopithifilaria;Cercopithifilaria johnstoni,2,510,149,852
968,beam,AF-A0A7S3Z6Q1-F1-model_v6,1.0,3.42e-05,91324.0,cellular organisms;Eukaryota;Sar;Rhizaria;Cercozoa;Chlorarachniophyceae;Lotharella;Lotharella globosa,2,409,508,848
969,beam,AF-A0A6B2KXL2-F1-model_v6,1.0,9e-15,1963864.0,cellular organisms;Eukaryota;Amoebozoa;Tubulinea;Elardia;Arcellinida;Sphaerothecina;Arcellidae;Arcella;Arcella intermedia,2,515,386,848
971,beam,AF-A0A819E9B9-F1-model_v6,1.0,8.04e-19,2762511.0,cellular organisms;Eukaryota;Opisthokonta;Metazoa;Eumetazoa;Bilateria;Protostomia;Spiralia;Gnathifera;Rotifera;Eurotatoria;Bdelloidea;Philodinida;Philodinidae;Rotaria;unclassified Rotaria;Rotaria sp. Silwood1,227,825,1,852
972,beam,AF-A0A3P3YLB6-F1-model_v6,1.0,1.45e-07,37360.0,cellular organisms;Eukaryota;Sar;Rhizaria;Endomyxa;Phytomyxea;Plasmodiophorida;Plasmodiophoridae;Plasmodiophora;Plasmodiophora brassicae,175,557,503,848
973,beam,AF-N6U9E7-F1-model_v6,1.0,2.48e-25,77166.0,cellular organisms;Eukaryota;Opisthokonta;Metazoa;Eumetazoa;Bilateria;Protostomia;Ecdysozoa;Panarthropoda;Arthropoda;Mandibulata;Pancrustacea;Hexapoda;Insecta;Dicondylia;Pterygota;Neoptera;Endopterygota;Coleoptera;Polyphaga;Cucujiformia;Curculionoidea;Curculionidae;Scolytinae;Dendroctonus;Dendroctonus ponderosae,3,469,362,852
974,beam,AF-A0A817EMZ3-F1-model_v6,1.0,4.42e-26,2762512.0,cellular organisms;Eukaryota;Opisthokonta;Metazoa;Eumetazoa;Bilateria;Protostomia;Spiralia;Gnathifera;Rotifera;Eurotatoria;Bdelloidea;Philodinida;Philodinidae;Rotaria;unclassified Rotaria;Rotaria sp. Silwood2,14,682,1,852
975,beam,AF-A0A8X6UBH9-F1-model_v6,1.0,8.92e-28,299642.0,cellular organisms;Eukaryota;Opisthokonta;Metazoa;Eumetazoa;Bilateria;Protostomia;Ecdysozoa;Panarthropoda;Arthropoda;Chelicerata;Arachnida;Araneae;Araneomorphae;Entelegynae;Orbiculariae;Araneoidea;Nephilidae;Nephila;Nephila pilipes,11,494,318,852
976,beam,AF-A0A9D3LZ23-F1-model_v6,1.0,3.13e-36,7936.0,cellular organisms;Eukaryota;Opisthokonta;Metazoa;Eumetazoa;Bilateria;Deuterostomia;Chordata;Craniata;Vertebrata;Gnathostomata;Teleostomi;Euteleostomi;Actinopterygii;Actinopteri;Neopterygii;Teleostei;Elopocephalai;Elopocephala;Elopomorpha;Anguilliformes;Anguillidae;Anguilla;Anguilla anguilla,1,509,272,851
977,beam,AF-A0AAV2APD1-F1-model_v6,1.0,2.4000000000000002e-29,280406.0,cellular organisms;Eukaryota;Opisthokonta;Metazoa;Eumetazoa;Bilateria;Protostomia;Ecdysozoa;Panarthropoda;Arthropoda;Chelicerata;Arachnida;Araneae;Araneomorphae;Entelegynae;Orbiculariae;Araneoidea;Araneidae;Larinioides;Larinioides sclopetarius,60,690,68,852
978,beam,AF-A0A7R9F909-F1-model_v6,1.0,8.6e-13,61472.0,cellular organisms;Eukaryota;Opisthokonta;Metazoa;Eumetazoa;Bilateria;Protostomia;Ecdysozoa;Panarthropoda;Arthropoda;Mandibulata;Pancrustacea;Hexapoda;Insecta;Dicondylia;Pterygota;Neoptera;Polyneoptera;Phasmatodea;Timematodea;Timematoidea;Timematidae;Timema;Timema bartmani,2,229,625,852
979,beam,AF-A0A183T904-F1-model_v6,1.0,5.63e-08,70667.0,cellular organisms;Eukaryota;Opisthokonta;Metazoa;Eumetazoa;Bilateria;Protostomia;Spiralia;Lophotrochozoa;Platyhelminthes;Cestoda;Eucestoda;Diphyllobothriidea;Diphyllobothriidae;Schistocephalus;Schistocephalus solidus,380,863,68,679
980,beam,AF-A0A915E1L6-F1-model_v6,1.0,1.65e-27,166011.0,cellular organisms;Eukaryota;Opisthokonta;Metazoa;Eumetazoa;Bilateria;Protostomia;Ecdysozoa;Nematoda;Chromadorea;Rhabditida;Tylenchina;Tylenchomorpha;Sphaerularioidea;Anguinidae;Anguininae;Ditylenchus;Ditylenchus dipsaci,58,845,1,849
981,beam,AF-A0A1E1IU37-F1-model_v6,1.0,1.09e-10,5670.0,cellular organisms;Eukaryota;Discoba;Euglenozoa;Kinetoplastea;Metakinetoplastina;Trypanosomatida;Trypanosomatidae;Leishmaniinae;Leishmania;Viannia;Leishmania guyanensis species complex;Leishmania guyanensis,2,415,375,843
982,beam,AF-A0A9X8DKL7-F1-model_v6,1.0,0.00015,112090.0,cellular organisms;Eukaryota;Sar;Stramenopiles;Oomycota;Saprolegniomycetes;Saprolegniales;Verrucalvaceae;Aphanomyces;Aphanomyces astaci,220,674,475,851
983,beam,AF-A0AAW1V3U4-F1-model_v6,1.0,1.57e-24,420089.0,cellular organisms;Eukaryota;Opisthokonta;Metazoa;Eumetazoa;Bilateria;Protostomia;Ecdysozoa;Panarthropoda;Arthropoda;Mandibulata;Pancrustacea;Hexapoda;Insecta;Dicondylia;Pterygota;Neoptera;Endopterygota;Coleoptera;Polyphaga;Cucujiformia;Coccinelloidea;Coccinellidae;Epilachninae;Epilachnini;Henosepilachna;Henosepilachna vigintioctopunctata,6,459,365,850
984,beam,AF-A0AAW1BSN8-F1-model_v6,1.0,2.84e-13,8729.0,cellular organisms;Eukaryota;Opisthokonta;Metazoa;Eumetazoa;Bilateria;Deuterostomia;Chordata;Craniata;Vertebrata;Gnathostomata;Teleostomi;Euteleostomi;Sarcopterygii;Dipnotetrapodomorpha;Tetrapoda;Amniota;Sauropsida;Sauria;Lepidosauria;Squamata;Bifurcata;Unidentata;Episquamata;Toxicofera;Serpentes;Colubroidea;Viperidae;Crotalinae;Crotalus;Crotalus adamanteus,135,597,112,852
985,beam,AF-A0AAW2YSQ4-F1-model_v6,1.0,1.19e-12,1008807.0,cellular organisms;Eukaryota;Discoba;Heterolobosea;Tetramitia;Eutetramitia;Acrasidae;Acrasis;Acrasis kona,2,459,387,851
986,beam,AF-A0A0C2GXU0-F1-model_v6,1.0,3.1e-16,51022.0,cellular organisms;Eukaryota;Opisthokonta;Metazoa;Eumetazoa;Bilateria;Protostomia;Ecdysozoa;Nematoda;Chromadorea;Rhabditida;Rhabditina;Rhabditomorpha;Strongyloidea;Ancylostomatidae;Ancylostomatinae;Ancylostoma;Ancylostoma duodenale,4,473,216,822
987,beam,AF-A0A1I8CWF5-F1-model_v6,1.0,2.4699999999999997e-23,114890.0,cellular organisms;Eukaryota;Opisthokonta;Metazoa;Eumetazoa;Bilateria;Protostomia;Ecdysozoa;Nematoda;Chromadorea;Rhabditida;Tylenchina;Panagrolaimomorpha;Strongyloidoidea;Alloionematidae;Rhabditophanes;unclassified Rhabditophanes;Rhabditophanes sp. KR3021,2,661,33,852
988,beam,AF-A0A914QQ89-F1-model_v6,1.0,3.0600000000000002e-27,227884.0,cellular organisms;Eukaryota;Opisthokonta;Metazoa;Eumetazoa;Bilateria;Protostomia;Ecdysozoa;Nematoda;Chromadorea;Rhabditida;Tylenchina;Panagrolaimomorpha;Panagrolaimoidea;Panagrolaimidae;Panagrolaimus;Panagrolaimus davidi,17,599,127,852
989,beam,AF-A0AA36HJN2-F1-model_v6,1.0,0.000327,2562239.0,cellular organisms;Eukaryota;Sar;Alveolata;Dinophyceae;Suessiales;Symbiodiniaceae;Effrenium;Effrenium voratum,3,448,418,851
990,beam,AF-A0A2H1WK71-F1-model_v6,1.0,1.22e-22,7108.0,cellular organisms;Eukaryota;Opisthokonta;Metazoa;Eumetazoa;Bilateria;Protostomia;Ecdysozoa;Panarthropoda;Arthropoda;Mandibulata;Pancrustacea;Hexapoda;Insecta;Dicondylia;Pterygota;Neoptera;Endopterygota;Amphiesmenoptera;Lepidoptera;Glossata;Neolepidoptera;Heteroneura;Ditrysia;Obtectomera;Noctuoidea;Noctuidae;Amphipyrinae;Spodoptera;Spodoptera frugiperda,4,441,399,852
992,beam,AF-A0A0D2JHL8-F1-model_v6,1.0,8.83e-07,145388.0,cellular organisms;Eukaryota;Viridiplantae;Chlorophyta;core chlorophytes;Chlorophyceae;CS clade;Sphaeropleales;Selenastraceae;Monoraphidium;Monoraphidium neglectum,82,666,65,851
993,beam,AF-A0A7S3SFH2-F1-model_v6,1.0,0.0121,2903.0,cellular organisms;Eukaryota;Haptista;Haptophyta;Prymnesiophyceae;Isochrysidales;Noelaerhabdaceae;Emiliania;Emiliania huxleyi,1,466,540,851
994,beam,AF-A0A7R9KTM4-F1-model_v6,1.0,5.8e-20,1979941.0,cellular organisms;Eukaryota;Opisthokonta;Metazoa;Eumetazoa;Bilateria;Protostomia;Ecdysozoa;Panarthropoda;Arthropoda;Chelicerata;Arachnida;Acari;Acariformes;Sarcoptiformes;Oribatida;Brachypylina;Oppioidea;Oppiidae;Medioppia;Medioppia subpectinata,1,416,417,851
995,beam,AF-A0AAR5PGD9-F1-model_v6,1.0,2.89e-21,77166.0,cellular organisms;Eukaryota;Opisthokonta;Metazoa;Eumetazoa;Bilateria;Protostomia;Ecdysozoa;Panarthropoda;Arthropoda;Mandibulata;Pancrustacea;Hexapoda;Insecta;Dicondylia;Pterygota;Neoptera;Endopterygota;Coleoptera;Polyphaga;Cucujiformia;Curculionoidea;Curculionidae;Scolytinae;Dendroctonus;Dendroctonus ponderosae,7,542,272,850
996,beam,AF-A0AAW2SHB8-F1-model_v6,1.0,2.79e-07,2727403.0,cellular organisms;Eukaryota;Viridiplantae;Streptophyta;Streptophytina;Embryophyta;Tracheophyta;Euphyllophyta;Spermatophyta;Magnoliopsida;Mesangiospermae;eudicotyledons;Gunneridae;Pentapetalae;asterids;lamiids;Lamiales;Pedaliaceae;Sesamum;Sesamum calycinum,2,482,405,847
997,beam,AF-A0A498LX91-F1-model_v6,1.0,1.5999999999999998e-30,84645.0,cellular organisms;Eukaryota;Opisthokonta;Metazoa;Eumetazoa;Bilateria;Deuterostomia;Chordata;Craniata;Vertebrata;Gnathostomata;Teleostomi;Euteleostomi;Actinopterygii;Actinopteri;Neopterygii;Teleostei;Osteoglossocephalai;Clupeocephala;Otomorpha;Ostariophysi;Otophysi;Cypriniphysae;Cypriniformes;Cyprinoidei;Cyprinidae;Labeoninae;Labeonini;Labeo;Labeo rohita,4,636,152,852
998,beam,AF-A0A653DI00-F1-model_v6,1.0,4.71e-19,64391.0,cellular organisms;Eukaryota;Opisthokonta;Metazoa;Eumetazoa;Bilateria;Protostomia;Ecdysozoa;Panarthropoda;Arthropoda;Mandibulata;Pancrustacea;Hexapoda;Insecta;Dicondylia;Pterygota;Neoptera;Endopterygota;Coleoptera;Polyphaga;Cucujiformia;Chrysomeloidea;Chrysomelidae;Bruchinae;Bruchini;Callosobruchus;Callosobruchus maculatus,3,431,362,850
999,beam,AF-M4BPS6-F1-model_v6,1.0,9.98e-07,559515.0,cellular organisms;Eukaryota;Sar;Stramenopiles;Oomycota;Peronosporomycetes;Peronosporales;Peronosporaceae;Hyaloperonospora;Hyaloperonospora arabidopsidis;Hyaloperonospora arabidopsidis Emoy2,24,460,479,845
1000,beam,AF-A0A067RJC4-F1-model_v6,1.0,4.7e-18,136037.0,cellular organisms;Eukaryota;Opisthokonta;Metazoa;Eumetazoa;Bilateria;Protostomia;Ecdysozoa;Panarthropoda;Arthropoda;Mandibulata;Pancrustacea;Hexapoda;Insecta;Dicondylia;Pterygota;Neoptera;Polyneoptera;Dictyoptera;Blattodea;Blattoidea;Termitoidae;Termopsidae;Termopsinae;Termopsini;Zootermopsis;Zootermopsis nevadensis,1,442,303,850
1001,beam,AF-A0A060Y0R6-F1-model_v6,1.0,1.05e-27,8022.0,cellular organisms;Eukaryota;Opisthokonta;Metazoa;Eumetazoa;Bilateria;Deuterostomia;Chordata;Craniata;Vertebrata;Gnathostomata;Teleostomi;Euteleostomi;Actinopterygii;Actinopteri;Neopterygii;Teleostei;Osteoglossocephalai;Clupeocephala;Euteleosteomorpha;Protacanthopterygii;Salmoniformes;Salmonidae;Salmoninae;Oncorhynchus;Oncorhynchus mykiss,2,449,416,852
1002,beam,AF-A0A0Q9X2B4-F1-model_v6,1.0,3.53e-19,7260.0,cellular organisms;Eukaryota;Opisthokonta;Metazoa;Eumetazoa;Bilateria;Protostomia;Ecdysozoa;Panarthropoda;Arthropoda;Mandibulata;Pancrustacea;Hexapoda;Insecta;Dicondylia;Pterygota;Neoptera;Endopterygota;Diptera;Brachycera;Muscomorpha;Eremoneura;Cyclorrhapha;Schizophora;Acalyptratae;Ephydroidea;Drosophilidae;Drosophilinae;Drosophilini;Drosophila;Sophophora;willistoni group;willistoni subgroup;Drosophila willistoni,7,551,140,852
1003,beam,AF-A0A6J1YUZ4-F1-model_v6,1.0,1.6300000000000001e-37,32536.0,cellular organisms;Eukaryota;Opisthokonta;Metazoa;Eumetazoa;Bilateria;Deuterostomia;Chordata;Craniata;Vertebrata;Gnathostomata;Teleostomi;Euteleostomi;Sarcopterygii;Dipnotetrapodomorpha;Tetrapoda;Amniota;Mammalia;Theria;Eutheria;Boreoeutheria;Laurasiatheria;Carnivora;Feliformia;Felidae;Felinae;Acinonyx;Acinonyx jubatus,4,680,69,852
1004,beam,AF-A0A3R7WY44-F1-model_v6,1.0,3.15e-06,112090.0,cellular organisms;Eukaryota;Sar;Stramenopiles;Oomycota;Saprolegniomycetes;Saprolegniales;Verrucalvaceae;Aphanomyces;Aphanomyces astaci,119,417,548,851
1005,beam,AF-A0A653DJD9-F1-model_v6,1.0,2.82e-11,64391.0,cellular organisms;Eukaryota;Opisthokonta;Metazoa;Eumetazoa;Bilateria;Protostomia;Ecdysozoa;Panarthropoda;Arthropoda;Mandibulata;Pancrustacea;Hexapoda;Insecta;Dicondylia;Pterygota;Neoptera;Endopterygota;Coleoptera;Polyphaga;Cucujiformia;Chrysomeloidea;Chrysomelidae;Bruchinae;Bruchini;Callosobruchus;Callosobruchus maculatus,68,485,195,747
1006,beam,AF-A0A0Q9W7V8-F1-model_v6,1.0,4.38e-06,7244.0,cellular organisms;Eukaryota;Opisthokonta;Metazoa;Eumetazoa;Bilateria;Protostomia;Ecdysozoa;Panarthropoda;Arthropoda;Mandibulata;Pancrustacea;Hexapoda;Insecta;Dicondylia;Pterygota;Neoptera;Endopterygota;Diptera;Brachycera;Muscomorpha;Eremoneura;Cyclorrhapha;Schizophora;Acalyptratae;Ephydroidea;Drosophilidae;Drosophilinae;Drosophilini;Drosophila;Drosophila;virilis group;Drosophila virilis,207,658,9,534
1007,beam,AF-V3ZZC9-F1-model_v6,1.0,7.2699999999999995e-28,225164.0,cellular organisms;Eukaryota;Opisthokonta;Metazoa;Eumetazoa;Bilateria;Protostomia;Spiralia;Lophotrochozoa;Mollusca;Gastropoda;Patellogastropoda;Lottioidea;Lottiidae;Lottia;Lottia gigantea,2,431,386,852
1008,beam,AF-A0A653DW18-F1-model_v6,1.0,4.26e-28,64391.0,cellular organisms;Eukaryota;Opisthokonta;Metazoa;Eumetazoa;Bilateria;Protostomia;Ecdysozoa;Panarthropoda;Arthropoda;Mandibulata;Pancrustacea;Hexapoda;Insecta;Dicondylia;Pterygota;Neoptera;Endopterygota;Coleoptera;Polyphaga;Cucujiformia;Chrysomeloidea;Chrysomelidae;Bruchinae;Bruchini;Callosobruchus;Callosobruchus maculatus,56,798,68,846
1009,beam,AF-A0A151PJG2-F1-model_v6,1.0,8.11e-56,8496.0,cellular organisms;Eukaryota;Opisthokonta;Metazoa;Eumetazoa;Bilateria;Deuterostomia;Chordata;Craniata;Vertebrata;Gnathostomata;Teleostomi;Euteleostomi;Sarcopterygii;Dipnotetrapodomorpha;Tetrapoda;Amniota;Sauropsida;Sauria;Archelosauria;Archosauria;Crocodylia;Alligatoridae;Alligatorinae;Alligator;Alligator mississippiensis,7,761,104,851
1010,beam,AF-A0A0C2CLK3-F1-model_v6,1.0,7.42e-20,51022.0,cellular organisms;Eukaryota;Opisthokonta;Metazoa;Eumetazoa;Bilateria;Protostomia;Ecdysozoa;Nematoda;Chromadorea;Rhabditida;Rhabditina;Rhabditomorpha;Strongyloidea;Ancylostomatidae;Ancylostomatinae;Ancylostoma;Ancylostoma duodenale,295,792,266,815
1011,beam,AF-A0A418AF49-F1-model_v6,1.0,4.58e-07,157072.0,cellular organisms;Eukaryota;Sar;Stramenopiles;Oomycota;Saprolegniomycetes;Saprolegniales;Verrucalvaceae;Aphanomyces;Aphanomyces invadans,40,442,503,851
1012,beam,AF-A0A914FRR9-F1-model_v6,1.0,2.0099999999999997e-23,591445.0,cellular organisms;Eukaryota;Opisthokonta;Metazoa;Eumetazoa;Bilateria;Protostomia;Ecdysozoa;Nematoda;Chromadorea;Rhabditida;Tylenchina;Panagrolaimomorpha;Panagrolaimoidea;Panagrolaimidae;Panagrolaimus;unclassified Panagrolaimus;Panagrolaimus sp. ES5,9,457,327,852
1013,beam,AF-V8NFU7-F1-model_v6,1.0,1.76e-19,8665.0,cellular organisms;Eukaryota;Opisthokonta;Metazoa;Eumetazoa;Bilateria;Deuterostomia;Chordata;Craniata;Vertebrata;Gnathostomata;Teleostomi;Euteleostomi;Sarcopterygii;Dipnotetrapodomorpha;Tetrapoda;Amniota;Sauropsida;Sauria;Lepidosauria;Squamata;Bifurcata;Unidentata;Episquamata;Toxicofera;Serpentes;Colubroidea;Elapidae;Elapinae;Ophiophagus;Ophiophagus hannah,76,455,479,852
1014,beam,AF-A0A819HK95-F1-model_v6,1.0,2.34e-18,2762511.0,cellular organisms;Eukaryota;Opisthokonta;Metazoa;Eumetazoa;Bilateria;Protostomia;Spiralia;Gnathifera;Rotifera;Eurotatoria;Bdelloidea;Philodinida;Philodinidae;Rotaria;unclassified Rotaria;Rotaria sp. Silwood1,170,787,1,803
1016,beam,AF-G9L1K3-F1-model_v6,1.0,4.16e-52,9669.0,cellular organisms;Eukaryota;Opisthokonta;Metazoa;Eumetazoa;Bilateria;Deuterostomia;Chordata;Craniata;Vertebrata;Gnathostomata;Teleostomi;Euteleostomi;Sarcopterygii;Dipnotetrapodomorpha;Tetrapoda;Amniota;Mammalia;Theria;Eutheria;Boreoeutheria;Laurasiatheria;Carnivora;Caniformia;Musteloidea;Mustelidae;Mustelinae;Mustela;Mustela putorius;Mustela putorius furo,2,633,224,852
1017,beam,AF-A0A6G3MDU1-F1-model_v6,1.0,3.95e-14,69463.0,cellular organisms;Eukaryota;Opisthokonta;Metazoa;Eumetazoa;Cnidaria;Myxozoa;Myxosporea;Bivalvulida;Platysporina;Myxobolidae;Henneguya;Henneguya salminicola,62,620,106,851
1018,beam,AF-A0AAV2LVJ1-F1-model_v6,1.0,0.000385,637954.0,cellular organisms;Eukaryota;Opisthokonta;Metazoa;Eumetazoa;Bilateria;Deuterostomia;Chordata;Craniata;Vertebrata;Gnathostomata;Teleostomi;Euteleostomi;Actinopterygii;Actinopteri;Neopterygii;Teleostei;Osteoglossocephalai;Clupeocephala;Euteleosteomorpha;Neoteleostei;Eurypterygia;Ctenosquamata;Acanthomorphata;Euacanthomorphacea;Percomorphaceae;Gobiaria;Gobiiformes;Gobioidei;Gobiidae;Gobiinae;Knipowitschia;Knipowitschia caucasica,4,105,751,852
1019,beam,AF-A0A812QIN9-F1-model_v6,1.0,0.000341,631055.0,cellular organisms;Eukaryota;Sar;Alveolata;Dinophyceae;Suessiales;Symbiodiniaceae;Symbiodinium;unclassified Symbiodinium;Symbiodinium sp. CCMP2592,76,392,576,851
1020,beam,AF-A0A183T903-F1-model_v6,1.0,0.0126,70667.0,cellular organisms;Eukaryota;Opisthokonta;Metazoa;Eumetazoa;Bilateria;Protostomia;Spiralia;Lophotrochozoa;Platyhelminthes;Cestoda;Eucestoda;Diphyllobothriidea;Diphyllobothriidae;Schistocephalus;Schistocephalus solidus,17,193,679,852
1021,beam,AF-A0A7S1I0S6-F1-model_v6,1.0,4.42e-10,73025.0,cellular organisms;Eukaryota;Discoba;Euglenozoa;Euglenida;Spirocuta;Euglenophyceae;Eutreptiales;Eutreptiaceae;Eutreptiella;Eutreptiella gymnastica,2,369,376,851
1022,beam,AF-A0A8J4TZQ9-F1-model_v6,1.0,3.39e-36,1594786.0,cellular organisms;Eukaryota;Opisthokonta;Metazoa;Eumetazoa;Bilateria;Deuterostomia;Chordata;Craniata;Vertebrata;Gnathostomata;Teleostomi;Euteleostomi;Actinopterygii;Actinopteri;Neopterygii;Teleostei;Osteoglossocephalai;Clupeocephala;Otomorpha;Ostariophysi;Otophysi;Characiphysae;Siluriformes;Siluroidei;Clariidae;Clarias;Clarias magur,2,482,350,852
1023,beam,AF-A0AAD4R722-F1-model_v6,1.0,1e-07,166010.0,cellular organisms;Eukaryota;Opisthokonta;Metazoa;Eumetazoa;Bilateria;Protostomia;Ecdysozoa;Nematoda;Chromadorea;Rhabditida;Tylenchina;Tylenchomorpha;Sphaerularioidea;Anguinidae;Anguininae;Ditylenchus;Ditylenchus destructor,12,348,507,852
1024,beam,AF-A0AAW2WBM4-F1-model_v6,1.0,0.000402,300843.0,cellular organisms;Eukaryota;Viridiplantae;Streptophyta;Streptophytina;Embryophyta;Tracheophyta;Euphyllophyta;Spermatophyta;Magnoliopsida;Mesangiospermae;eudicotyledons;Gunneridae;Pentapetalae;asterids;lamiids;Lamiales;Pedaliaceae;Sesamum;Sesamum radiatum,39,486,172,852
1026,beam,AF-A0AAW0NJJ2-F1-model_v6,1.0,2.72e-13,88201.0,cellular organisms;Eukaryota;Opisthokonta;Metazoa;Eumetazoa;Bilateria;Deuterostomia;Chordata;Craniata;Vertebrata;Gnathostomata;Teleostomi;Euteleostomi;Actinopterygii;Actinopteri;Neopterygii;Teleostei;Osteoglossocephalai;Clupeocephala;Euteleosteomorpha;Neoteleostei;Eurypterygia;Ctenosquamata;Acanthomorphata;Euacanthomorphacea;Percomorphaceae;Gobiaria;Gobiiformes;Gobioidei;Gobiidae;Gobionellinae;Mugilogobius;Mugilogobius chulae,2,378,416,852
1027,beam,AF-A0A820HPW4-F1-model_v6,1.0,3.09e-14,392032.0,cellular organisms;Eukaryota;Opisthokonta;Metazoa;Eumetazoa;Bilateria;Protostomia;Spiralia;Gnathifera;Rotifera;Eurotatoria;Bdelloidea;Philodinida;Philodinidae;Rotaria;Rotaria socialis,2,321,437,852
1028,beam,AF-A0A0M3K839-F1-model_v6,1.0,1.74e-14,6269.0,cellular organisms;Eukaryota;Opisthokonta;Metazoa;Eumetazoa;Bilateria;Protostomia;Ecdysozoa;Nematoda;Chromadorea;Rhabditida;Spirurina;Ascaridomorpha;Ascaridoidea;Anisakidae;Anisakis;Anisakis simplex complex;Anisakis simplex,32,568,127,852
1029,beam,AF-A0A8J4SRX6-F1-model_v6,1.0,1.66e-12,100268.0,cellular organisms;Eukaryota;Opisthokonta;Metazoa;Eumetazoa;Bilateria;Protostomia;Spiralia;Lophotrochozoa;Platyhelminthes;Trematoda;Digenea;Plagiorchiida;Troglotremata;Troglotrematidae;Paragonimus;Paragonimus heterotremus,28,246,635,852
1030,beam,AF-A0A183AU97-F1-model_v6,1.0,4.85e-14,27848.0,cellular organisms;Eukaryota;Opisthokonta;Metazoa;Eumetazoa;Bilateria;Protostomia;Spiralia;Lophotrochozoa;Platyhelminthes;Trematoda;Digenea;Plagiorchiida;Echinostomata;Echinostomatoidea;Echinostomatidae;Echinostoma;Echinostoma caproni,30,579,68,852
1031,beam,AF-A0AAW2UT49-F1-model_v6,1.0,3.57e-06,300843.0,cellular organisms;Eukaryota;Viridiplantae;Streptophyta;Streptophytina;Embryophyta;Tracheophyta;Euphyllophyta;Spermatophyta;Magnoliopsida;Mesangiospermae;eudicotyledons;Gunneridae;Pentapetalae;asterids;lamiids;Lamiales;Pedaliaceae;Sesamum;Sesamum radiatum,189,387,651,847
1032,beam,AF-A0AAV9SND7-F1-model_v6,1.0,1.34e-27,28760.0,cellular organisms;Eukaryota;Opisthokonta;Metazoa;Eumetazoa;Bilateria;Deuterostomia;Chordata;Craniata;Vertebrata;Gnathostomata;Teleostomi;Euteleostomi;Actinopterygii;Actinopteri;Neopterygii;Teleostei;Osteoglossocephalai;Clupeocephala;Euteleosteomorpha;Neoteleostei;Eurypterygia;Ctenosquamata;Acanthomorphata;Euacanthomorphacea;Percomorphaceae;Ovalentaria;Atherinomorphae;Cyprinodontiformes;Cyprinodontoidei;Goodeidae;Crenichthys;Crenichthys baileyi,17,527,254,843
1033,beam,AF-A0A8C2GDG4-F1-model_v6,1.0,3.74e-25,7962.0,cellular organisms;Eukaryota;Opisthokonta;Metazoa;Eumetazoa;Bilateria;Deuterostomia;Chordata;Craniata;Vertebrata;Gnathostomata;Teleostomi;Euteleostomi;Actinopterygii;Actinopteri;Neopterygii;Teleostei;Osteoglossocephalai;Clupeocephala;Otomorpha;Ostariophysi;Otophysi;Cypriniphysae;Cypriniformes;Cyprinoidei;Cyprinidae;Cyprininae;Cyprinus;Cyprinus carpio,1,393,427,852
1034,beam,AF-A0AAV2LVJ0-F1-model_v6,1.0,2.7800000000000003e-21,637954.0,cellular organisms;Eukaryota;Opisthokonta;Metazoa;Eumetazoa;Bilateria;Deuterostomia;Chordata;Craniata;Vertebrata;Gnathostomata;Teleostomi;Euteleostomi;Actinopterygii;Actinopteri;Neopterygii;Teleostei;Osteoglossocephalai;Clupeocephala;Euteleosteomorpha;Neoteleostei;Eurypterygia;Ctenosquamata;Acanthomorphata;Euacanthomorphacea;Percomorphaceae;Gobiaria;Gobiiformes;Gobioidei;Gobiidae;Gobiinae;Knipowitschia;Knipowitschia caucasica,5,670,198,752
1035,beam,AF-A0A7F8K7I5-F1-model_v6,1.0,5.12e-19,9749.0,cellular organisms;Eukaryota;Opisthokonta;Metazoa;Eumetazoa;Bilateria;Deuterostomia;Chordata;Craniata;Vertebrata;Gnathostomata;Teleostomi;Euteleostomi;Sarcopterygii;Dipnotetrapodomorpha;Tetrapoda;Amniota;Mammalia;Theria;Eutheria;Boreoeutheria;Laurasiatheria;Artiodactyla;Whippomorpha;Cetacea;Odontoceti;Monodontidae;Delphinapterus;Delphinapterus leucas,59,436,329,852
1036,beam,AF-A0A7F8RJW4-F1-model_v6,1.0,3.2899999999999996e-23,9713.0,cellular organisms;Eukaryota;Opisthokonta;Metazoa;Eumetazoa;Bilateria;Deuterostomia;Chordata;Craniata;Vertebrata;Gnathostomata;Teleostomi;Euteleostomi;Sarcopterygii;Dipnotetrapodomorpha;Tetrapoda;Amniota;Mammalia;Theria;Eutheria;Boreoeutheria;Laurasiatheria;Carnivora;Caniformia;Pinnipedia;Phocidae;Monachinae;Lobodontini;Leptonychotes;Leptonychotes weddellii,1,724,180,751
1037,beam,AF-A0A914WY87-F1-model_v6,1.0,5.73e-15,2011161.0,cellular organisms;Eukaryota;Opisthokonta;Metazoa;Eumetazoa;Bilateria;Protostomia;Ecdysozoa;Nematoda;Chromadorea;Plectida;Plectina;Plectoidea;Plectidae;Plectus;Plectus sambesii,1,591,128,851
1038,beam,AF-A0A8S1L3E7-F1-model_v6,1.0,3.03e-06,5886.0,cellular organisms;Eukaryota;Sar;Alveolata;Ciliophora;Intramacronucleata;Oligohymenophorea;Peniculida;Parameciidae;Paramecium;Paramecium primaurelia,29,304,623,851
1039,beam,AF-A0AAD9PAP4-F1-model_v6,1.0,2.23e-15,27915.0,cellular organisms;Eukaryota;Opisthokonta;Metazoa;Eumetazoa;Bilateria;Protostomia;Spiralia;Lophotrochozoa;Annelida;Polychaeta;Sedentaria;Canalipalpata;Sabellida;Siboglinidae;Ridgeia;Ridgeia piscesae,35,339,576,852
1040,beam,AF-A0AAD7SSI6-F1-model_v6,1.0,1.49e-35,143900.0,cellular organisms;Eukaryota;Opisthokonta;Metazoa;Eumetazoa;Bilateria;Deuterostomia;Chordata;Craniata;Vertebrata;Gnathostomata;Teleostomi;Euteleostomi;Actinopterygii;Actinopteri;Neopterygii;Teleostei;Elopocephalai;Elopocephala;Elopomorpha;Notacanthiformes;Halosauridae;Aldrovandia;Aldrovandia affinis,22,604,254,852
1041,beam,AF-X6N1S8-F1-model_v6,1.0,4.98e-08,46433.0,cellular organisms;Eukaryota;Sar;Rhizaria;Retaria;Foraminifera;Monothalamids;Reticulomyxidae;Reticulomyxa;Reticulomyxa filosa,131,323,653,848
1042,beam,AF-A0A8B6D5U3-F1-model_v6,1.0,3.6200000000000003e-29,29158.0,cellular organisms;Eukaryota;Opisthokonta;Metazoa;Eumetazoa;Bilateria;Protostomia;Spiralia;Lophotrochozoa;Mollusca;Bivalvia;Autobranchia;Pteriomorphia;Mytilida;Mytiloidea;Mytilidae;Mytilinae;Mytilus;Mytilus galloprovincialis,1,482,285,852
1043,beam,AF-A0A7S3SK61-F1-model_v6,1.0,4.03e-05,2903.0,cellular organisms;Eukaryota;Haptista;Haptophyta;Prymnesiophyceae;Isochrysidales;Noelaerhabdaceae;Emiliania;Emiliania huxleyi,1,291,600,852
1044,beam,AF-A0A974HE43-F1-model_v6,1.0,4.3300000000000004e-35,8355.0,cellular organisms;Eukaryota;Opisthokonta;Metazoa;Eumetazoa;Bilateria;Deuterostomia;Chordata;Craniata;Vertebrata;Gnathostomata;Teleostomi;Euteleostomi;Sarcopterygii;Dipnotetrapodomorpha;Tetrapoda;Amphibia;Batrachia;Anura;Pipoidea;Pipidae;Xenopodinae;Xenopus;Xenopus;Xenopus laevis,1,643,172,852
1045,beam,AF-A0A9P1CHE5-F1-model_v6,1.0,3.56e-05,2562237.0,cellular organisms;Eukaryota;Sar;Alveolata;Dinophyceae;Suessiales;Symbiodiniaceae;Cladocopium;Cladocopium goreaui,5,310,565,851
1046,beam,AF-A0A7F8QAV2-F1-model_v6,1.0,9.56e-06,9713.0,cellular organisms;Eukaryota;Opisthokonta;Metazoa;Eumetazoa;Bilateria;Deuterostomia;Chordata;Craniata;Vertebrata;Gnathostomata;Teleostomi;Euteleostomi;Sarcopterygii;Dipnotetrapodomorpha;Tetrapoda;Amniota;Mammalia;Theria;Eutheria;Boreoeutheria;Laurasiatheria;Carnivora;Caniformia;Pinnipedia;Phocidae;Monachinae;Lobodontini;Leptonychotes;Leptonychotes weddellii,56,338,549,852
1047,beam,AF-A0A3Q2E540-F1-model_v6,1.0,4.3000000000000004e-32,28743.0,cellular organisms;Eukaryota;Opisthokonta;Metazoa;Eumetazoa;Bilateria;Deuterostomia;Chordata;Craniata;Vertebrata;Gnathostomata;Teleostomi;Euteleostomi;Actinopterygii;Actinopteri;Neopterygii;Teleostei;Osteoglossocephalai;Clupeocephala;Euteleosteomorpha;Neoteleostei;Eurypterygia;Ctenosquamata;Acanthomorphata;Euacanthomorphacea;Percomorphaceae;Ovalentaria;Atherinomorphae;Cyprinodontiformes;Cyprinodontoidei;Cyprinodontidae;Cyprinodontinae;Cyprinodontini;Cyprinodon;Cyprinodon variegatus,2,402,350,852
1048,beam,AF-A0A817IIN2-F1-model_v6,1.0,6.14e-10,2762512.0,cellular organisms;Eukaryota;Opisthokonta;Metazoa;Eumetazoa;Bilateria;Protostomia;Spiralia;Gnathifera;Rotifera;Eurotatoria;Bdelloidea;Philodinida;Philodinidae;Rotaria;unclassified Rotaria;Rotaria sp. Silwood2,5,418,1,502
1049,beam,AF-A0A1Z5LH12-F1-model_v6,1.0,6.75e-15,6938.0,cellular organisms;Eukaryota;Opisthokonta;Metazoa;Eumetazoa;Bilateria;Protostomia;Ecdysozoa;Panarthropoda;Arthropoda;Chelicerata;Arachnida;Acari;Parasitiformes;Ixodida;Ixodoidea;Argasidae;Ornithodorinae;Ornithodoros;Ornithodoros moubata,16,319,544,852
1050,beam,AF-A0A5B7D0W5-F1-model_v6,1.0,8.23e-12,210409.0,cellular organisms;Eukaryota;Opisthokonta;Metazoa;Eumetazoa;Bilateria;Protostomia;Ecdysozoa;Panarthropoda;Arthropoda;Mandibulata;Pancrustacea;Crustacea;Multicrustacea;Malacostraca;Eumalacostraca;Eucarida;Decapoda;Pleocyemata;Brachyura;Eubrachyura;Heterotremata;Portunoidea;Portunidae;Portuninae;Portunus;Portunus trituberculatus,14,693,68,684
1051,beam,AF-A0A8K0K6C6-F1-model_v6,1.0,7.35e-16,123851.0,cellular organisms;Eukaryota;Opisthokonta;Metazoa;Eumetazoa;Bilateria;Protostomia;Ecdysozoa;Panarthropoda;Arthropoda;Mandibulata;Pancrustacea;Hexapoda;Insecta;Dicondylia;Pterygota;Palaeoptera;Odonata;Epiprocta;Anisoptera;Libelluloidea;Libellulidae;Ladona;Ladona fulva,1,554,307,852
1052,beam,AF-A0ABD2QNI6-F1-model_v6,1.0,8.27e-14,1844966.0,cellular organisms;Eukaryota;Opisthokonta;Metazoa;Eumetazoa;Bilateria;Protostomia;Spiralia;Lophotrochozoa;Platyhelminthes;Monogenea;Monopisthocotylea;Dactylogyridea;Ancyrocephalidae;Cichlidogyrus;Cichlidogyrus casuarinus,1,270,564,852
1053,beam,AF-G0PEK7-F1-model_v6,1.0,7e-13,135651.0,cellular organisms;Eukaryota;Opisthokonta;Metazoa;Eumetazoa;Bilateria;Protostomia;Ecdysozoa;Nematoda;Chromadorea;Rhabditida;Rhabditina;Rhabditomorpha;Rhabditoidea;Rhabditidae;Peloderinae;Caenorhabditis;Caenorhabditis brenneri,1,273,547,852
1055,beam,AF-A0A914Y1Z1-F1-model_v6,1.0,4.7e-18,310955.0,cellular organisms;Eukaryota;Opisthokonta;Metazoa;Eumetazoa;Bilateria;Protostomia;Ecdysozoa;Nematoda;Chromadorea;Rhabditida;Tylenchina;Panagrolaimomorpha;Panagrolaimoidea;Panagrolaimidae;Panagrolaimus;Panagrolaimus superbus,75,677,130,753
1056,beam,AF-A0A1B0CLH2-F1-model_v6,1.0,2.32e-14,7200.0,cellular organisms;Eukaryota;Opisthokonta;Metazoa;Eumetazoa;Bilateria;Protostomia;Ecdysozoa;Panarthropoda;Arthropoda;Mandibulata;Pancrustacea;Hexapoda;Insecta;Dicondylia;Pterygota;Neoptera;Endopterygota;Diptera;Nematocera;Psychodomorpha;Psychodoidea;Psychodidae;Phlebotominae;Lutzomyia;Lutzomyia;Lutzomyia longipalpis,2,283,561,852
1057,beam,AF-A7RMM3-F1-model_v6,1.0,7e-13,45351.0,cellular organisms;Eukaryota;Opisthokonta;Metazoa;Eumetazoa;Cnidaria;Anthozoa;Hexacorallia;Actiniaria;Edwardsiidae;Nematostella;Nematostella vectensis,14,556,106,852
1058,beam,AF-A0A0Q9WFA2-F1-model_v6,1.0,1.18e-07,7244.0,cellular organisms;Eukaryota;Opisthokonta;Metazoa;Eumetazoa;Bilateria;Protostomia;Ecdysozoa;Panarthropoda;Arthropoda;Mandibulata;Pancrustacea;Hexapoda;Insecta;Dicondylia;Pterygota;Neoptera;Endopterygota;Diptera;Brachycera;Muscomorpha;Eremoneura;Cyclorrhapha;Schizophora;Acalyptratae;Ephydroidea;Drosophilidae;Drosophilinae;Drosophilini;Drosophila;Drosophila;virilis group;Drosophila virilis,113,280,684,851
1059,beam,AF-A0A183H0E9-F1-model_v6,1.0,0.000436,387005.0,cellular organisms;Eukaryota;Opisthokonta;Metazoa;Eumetazoa;Bilateria;Protostomia;Ecdysozoa;Nematoda;Chromadorea;Rhabditida;Spirurina;Spiruromorpha;Filarioidea;Onchocercidae;Onchocerca;Onchocerca flexuosa,7,175,327,507
1060,beam,AF-G0R6D7-F1-model_v6,1.0,0.000255,5932.0,cellular organisms;Eukaryota;Sar;Alveolata;Ciliophora;Intramacronucleata;Oligohymenophorea;Hymenostomatida;Ophryoglenina;Ichthyophthirius;Ichthyophthirius multifiliis,20,282,641,848
1061,beam,AF-A0A5C6PHQ5-F1-model_v6,1.0,1.4499999999999998e-23,433684.0,cellular organisms;Eukaryota;Opisthokonta;Metazoa;Eumetazoa;Bilateria;Deuterostomia;Chordata;Craniata;Vertebrata;Gnathostomata;Teleostomi;Euteleostomi;Actinopterygii;Actinopteri;Neopterygii;Teleostei;Osteoglossocephalai;Clupeocephala;Euteleosteomorpha;Neoteleostei;Eurypterygia;Ctenosquamata;Acanthomorphata;Euacanthomorphacea;Percomorphaceae;Eupercaria;Tetraodontiformes;Tetraodontoidei;Tetradontoidea;Tetraodontidae;Takifugu;Takifugu flavidus,65,655,62,694
1062,beam,AF-A0A1I8EJ69-F1-model_v6,1.0,1.13e-23,6293.0,cellular organisms;Eukaryota;Opisthokonta;Metazoa;Eumetazoa;Bilateria;Protostomia;Ecdysozoa;Nematoda;Chromadorea;Rhabditida;Spirurina;Spiruromorpha;Filarioidea;Onchocercidae;Wuchereria;Wuchereria bancrofti,7,652,10,813
1063,beam,AF-A0A653DHF1-F1-model_v6,1.0,2.82e-10,64391.0,cellular organisms;Eukaryota;Opisthokonta;Metazoa;Eumetazoa;Bilateria;Protostomia;Ecdysozoa;Panarthropoda;Arthropoda;Mandibulata;Pancrustacea;Hexapoda;Insecta;Dicondylia;Pterygota;Neoptera;Endopterygota;Coleoptera;Polyphaga;Cucujiformia;Chrysomeloidea;Chrysomelidae;Bruchinae;Bruchini;Callosobruchus;Callosobruchus maculatus,5,261,600,850
1064,beam,AF-A0A0G4ILN4-F1-model_v6,1.0,8.83e-07,37360.0,cellular organisms;Eukaryota;Sar;Rhizaria;Endomyxa;Phytomyxea;Plasmodiophorida;Plasmodiophoridae;Plasmodiophora;Plasmodiophora brassicae,30,292,623,850
1065,beam,AF-A0AAR2KWH7-F1-model_v6,1.0,9.14e-21,42514.0,cellular organisms;Eukaryota;Opisthokonta;Metazoa;Eumetazoa;Bilateria;Deuterostomia;Chordata;Craniata;Vertebrata;Gnathostomata;Teleostomi;Euteleostomi;Actinopterygii;Actinopteri;Neopterygii;Teleostei;Osteoglossocephalai;Clupeocephala;Otomorpha;Ostariophysi;Otophysi;Characiphysae;Characiformes;Characoidei;Serrasalmidae;Pygocentrus;Pygocentrus nattereri,1,330,505,852
1066,beam,AF-A0A8B9HS83-F1-model_v6,1.0,5.55e-19,7994.0,cellular organisms;Eukaryota;Opisthokonta;Metazoa;Eumetazoa;Bilateria;Deuterostomia;Chordata;Craniata;Vertebrata;Gnathostomata;Teleostomi;Euteleostomi;Actinopterygii;Actinopteri;Neopterygii;Teleostei;Osteoglossocephalai;Clupeocephala;Otomorpha;Ostariophysi;Otophysi;Characiphysae;Characiformes;Characoidei;Acestrorhamphidae;Acestrorhamphinae;Astyanax;Astyanax mexicanus,2,272,591,852
1068,beam,AF-A0A7J6S549-F1-model_v6,1.0,2.7e-09,32597.0,cellular organisms;Eukaryota;Sar;Alveolata;Perkinsozoa;Perkinsea;Perkinsida;Perkinsidae;Perkinsus;Perkinsus olseni,5,625,379,851
1069,beam,AF-A0A1R2CWL8-F1-model_v6,1.0,0.0143,5963.0,cellular organisms;Eukaryota;Sar;Alveolata;Ciliophora;Postciliodesmatophora;Heterotrichea;Heterotrichida;Stentoridae;Stentor;Stentor coeruleus,3,269,679,851
1070,beam,AF-A0A8C3K900-F1-model_v6,1.0,3.54e-20,425635.0,cellular organisms;Eukaryota;Opisthokonta;Metazoa;Eumetazoa;Bilateria;Deuterostomia;Chordata;Craniata;Vertebrata;Gnathostomata;Teleostomi;Euteleostomi;Sarcopterygii;Dipnotetrapodomorpha;Tetrapoda;Amniota;Sauropsida;Sauria;Archelosauria;Archosauria;Dinosauria;Saurischia;Theropoda;Coelurosauria;Aves;Neognathae;Neoaves;Charadriiformes;Scolopacidae;Calidris;Calidris pygmaea,2,223,631,852
1071,beam,AF-A0A7S0D1J4-F1-model_v6,1.0,7.8e-07,1561963.0,cellular organisms;Eukaryota;Sar;Rhizaria;Cercozoa;Chlorarachniophyceae;Amorphochlora;Amorphochlora amoebiformis,13,234,634,848
1072,beam,AF-A0A6B2G036-F1-model_v6,1.0,5.38e-06,59785.0,cellular organisms;Eukaryota;Opisthokonta;Metazoa;Eumetazoa;Cnidaria;Myxozoa;Myxosporea;Bivalvulida;Platysporina;Myxobolidae;Myxobolus;Myxobolus squamalis,127,625,2,747
1073,beam,AF-A0A8D8SEV2-F1-model_v6,1.0,8.64e-15,428564.0,cellular organisms;Eukaryota;Opisthokonta;Metazoa;Eumetazoa;Bilateria;Protostomia;Ecdysozoa;Panarthropoda;Arthropoda;Mandibulata;Pancrustacea;Hexapoda;Insecta;Dicondylia;Pterygota;Neoptera;Paraneoptera;Hemiptera;Sternorrhyncha;Psylloidea;Psyllidae;Psyllinae;Cacopsylla;Cacopsylla melanoneura,2,222,632,852
1074,beam,AF-A0A821YIX7-F1-model_v6,1.0,2.61e-12,2762511.0,cellular organisms;Eukaryota;Opisthokonta;Metazoa;Eumetazoa;Bilateria;Protostomia;Spiralia;Gnathifera;Rotifera;Eurotatoria;Bdelloidea;Philodinida;Philodinidae;Rotaria;unclassified Rotaria;Rotaria sp. Silwood1,1,238,601,852
1075,beam,AF-A0A973YGQ3-F1-model_v6,1.0,1.77e-38,468512.0,cellular organisms;Eukaryota;Opisthokonta;Metazoa;Eumetazoa;Bilateria;Deuterostomia;Chordata;Craniata;Vertebrata;Gnathostomata;Teleostomi;Euteleostomi;Sarcopterygii;Dipnotetrapodomorpha;Tetrapoda;Amniota;Sauropsida;Sauria;Archelosauria;Archosauria;Dinosauria;Saurischia;Theropoda;Coelurosauria;Aves;Neognathae;Neoaves;Telluraves;Australaves;Passeriformes;Thamnophilidae;Rhegmatorhina;Rhegmatorhina hoffmannsi,1,524,348,852
1076,beam,AF-A0A6I9MWS8-F1-model_v6,1.0,0.00472,8208.0,cellular organisms;Eukaryota;Opisthokonta;Metazoa;Eumetazoa;Bilateria;Deuterostomia;Chordata;Craniata;Vertebrata;Gnathostomata;Teleostomi;Euteleostomi;Actinopterygii;Actinopteri;Neopterygii;Teleostei;Osteoglossocephalai;Clupeocephala;Euteleosteomorpha;Neoteleostei;Eurypterygia;Ctenosquamata;Acanthomorphata;Euacanthomorphacea;Percomorphaceae;Eupercaria;Perciformes;Notothenioidei;Nototheniidae;Notothenia;Notothenia coriiceps,2,96,758,852
1077,beam,AF-A0A7R9B0Y0-F1-model_v6,1.0,1.14e-11,629360.0,cellular organisms;Eukaryota;Opisthokonta;Metazoa;Eumetazoa;Bilateria;Protostomia;Ecdysozoa;Panarthropoda;Arthropoda;Mandibulata;Pancrustacea;Hexapoda;Insecta;Dicondylia;Pterygota;Neoptera;Polyneoptera;Phasmatodea;Timematodea;Timematoidea;Timematidae;Timema;Timema shepardi,29,373,322,852
1078,beam,AF-A0ABD1KS39-F1-model_v6,1.0,4.52e-19,363190.0,cellular organisms;Eukaryota;Opisthokonta;Metazoa;Eumetazoa;Bilateria;Deuterostomia;Chordata;Craniata;Vertebrata;Gnathostomata;Teleostomi;Euteleostomi;Actinopterygii;Actinopteri;Neopterygii;Teleostei;Osteoglossocephalai;Clupeocephala;Otomorpha;Clupei;Clupeiformes;Clupeoidei;Engraulidae;Coilinae;Coilia;Coilia grayii,16,328,547,852
1079,beam,AF-F6X7Y7-F1-model_v6,1.0,7.39e-18,13616.0,cellular organisms;Eukaryota;Opisthokonta;Metazoa;Eumetazoa;Bilateria;Deuterostomia;Chordata;Craniata;Vertebrata;Gnathostomata;Teleostomi;Euteleostomi;Sarcopterygii;Dipnotetrapodomorpha;Tetrapoda;Amniota;Mammalia;Theria;Metatheria;Didelphimorphia;Didelphidae;Didelphinae;Monodelphis;Monodelphis domestica,9,237,623,852
1080,beam,AF-A0A484KVJ1-F1-model_v6,1.0,0.000184,132261.0,cellular organisms;Eukaryota;Viridiplantae;Streptophyta;Streptophytina;Embryophyta;Tracheophyta;Euphyllophyta;Spermatophyta;Magnoliopsida;Mesangiospermae;eudicotyledons;Gunneridae;Pentapetalae;asterids;lamiids;Solanales;Convolvulaceae;Cuscuteae;Cuscuta;Cuscuta subgen. Grammica;Cuscuta sect. Cleistogrammica;Cuscuta campestris,61,268,653,852
1081,beam,AF-A0AAF3J481-F1-model_v6,1.0,1.73e-12,2138241.0,cellular organisms;Eukaryota;Opisthokonta;Metazoa;Eumetazoa;Bilateria;Protostomia;Ecdysozoa;Nematoda;Chromadorea;Rhabditida;Rhabditina;Rhabditomorpha;Rhabditoidea;Rhabditidae;Mesorhabditinae;Mesorhabditis;Mesorhabditis belari,4,222,634,851
1082,beam,AF-A0A4Y2IWL4-F1-model_v6,1.0,2.6e-11,182803.0,cellular organisms;Eukaryota;Opisthokonta;Metazoa;Eumetazoa;Bilateria;Protostomia;Ecdysozoa;Panarthropoda;Arthropoda;Chelicerata;Arachnida;Araneae;Araneomorphae;Entelegynae;Orbiculariae;Araneoidea;Araneidae;Araneus;Araneus ventricosus,33,556,49,718
1083,beam,AF-C3ZZL8-F1-model_v6,1.0,5.87e-08,7739.0,cellular organisms;Eukaryota;Opisthokonta;Metazoa;Eumetazoa;Bilateria;Deuterostomia;Chordata;Cephalochordata;Leptocardii;Amphioxiformes;Branchiostomatidae;Branchiostoma;Branchiostoma floridae,2,226,631,852
1084,beam,AF-A0AA47MNW2-F1-model_v6,1.0,6.87e-22,89951.0,cellular organisms;Eukaryota;Opisthokonta;Metazoa;Eumetazoa;Bilateria;Deuterostomia;Chordata;Craniata;Vertebrata;Gnathostomata;Teleostomi;Euteleostomi;Actinopterygii;Actinopteri;Neopterygii;Teleostei;Osteoglossocephalai;Clupeocephala;Euteleosteomorpha;Neoteleostei;Eurypterygia;Ctenosquamata;Acanthomorphata;Paracanthopterygii;Zeiogadaria;Gadariae;Gadiformes;Gadoidei;Merlucciidae;Merluccius;Merluccius polli,22,339,526,852
1085,beam,AF-A0A443S1R6-F1-model_v6,1.0,1.23e-24,299467.0,cellular organisms;Eukaryota;Opisthokonta;Metazoa;Eumetazoa;Bilateria;Protostomia;Ecdysozoa;Panarthropoda;Arthropoda;Chelicerata;Arachnida;Acari;Acariformes;Trombidiformes;Prostigmata;Anystina;Parasitengona;Trombiculoidea;Trombiculidae;Leptotrombidium;Leptotrombidium deliense,1,486,324,852
1086,beam,AF-A0A6V7VKY9-F1-model_v6,1.0,2.19e-09,390850.0,cellular organisms;Eukaryota;Opisthokonta;Metazoa;Eumetazoa;Bilateria;Protostomia;Ecdysozoa;Nematoda;Chromadorea;Rhabditida;Tylenchina;Tylenchomorpha;Tylenchoidea;Meloidogynidae;Meloidogyninae;Meloidogyne;Meloidogyne enterolobii,2,184,669,852
1087,beam,AF-A0A7S3N4Q3-F1-model_v6,1.0,0.00492,151035.0,cellular organisms;Eukaryota;Sar;Alveolata;Ciliophora;Intramacronucleata;Spirotrichea;Hypotrichia;Euplotida;Euplotidae;Euplotes;Euplotes harpa,87,468,2,504
1088,beam,AF-A0A7S3Z4R3-F1-model_v6,1.0,7.53e-09,91324.0,cellular organisms;Eukaryota;Sar;Rhizaria;Cercozoa;Chlorarachniophyceae;Lotharella;Lotharella globosa,1,311,511,851
1089,beam,AF-A0A6A2XS97-F1-model_v6,1.0,0.000217,106335.0,cellular organisms;Eukaryota;Viridiplantae;Streptophyta;Streptophytina;Embryophyta;Tracheophyta;Euphyllophyta;Spermatophyta;Magnoliopsida;Mesangiospermae;eudicotyledons;Gunneridae;Pentapetalae;rosids;malvids;Malvales;Malvaceae;Malvoideae;Hibiscus;Hibiscus syriacus,4,439,326,842
1090,beam,AF-A0AAV6PCR6-F1-model_v6,1.0,6.12e-25,28829.0,cellular organisms;Eukaryota;Opisthokonta;Metazoa;Eumetazoa;Bilateria;Deuterostomia;Chordata;Craniata;Vertebrata;Gnathostomata;Teleostomi;Euteleostomi;Actinopterygii;Actinopteri;Neopterygii;Teleostei;Osteoglossocephalai;Clupeocephala;Euteleosteomorpha;Neoteleostei;Eurypterygia;Ctenosquamata;Acanthomorphata;Euacanthomorphacea;Percomorphaceae;Carangaria;Pleuronectiformes;Pleuronectoidei;Soleidae;Solea;Solea senegalensis,1,579,199,729
1091,beam,AF-A7T173-F1-model_v6,1.0,1.18e-09,45351.0,cellular organisms;Eukaryota;Opisthokonta;Metazoa;Eumetazoa;Cnidaria;Anthozoa;Hexacorallia;Actiniaria;Edwardsiidae;Nematostella;Nematostella vectensis,46,322,593,852
1092,beam,AF-A0A7S3BN79-F1-model_v6,1.0,0.000208,676789.0,cellular organisms;Eukaryota;Viridiplantae;Prasinodermophyta;Prasinodermophyceae;Prasinodermales;Prasinodermaceae;Prasinoderma;Prasinoderma singulare,2,192,666,851
1093,beam,AF-A0AAD9NQ86-F1-model_v6,1.0,5.03e-12,27915.0,cellular organisms;Eukaryota;Opisthokonta;Metazoa;Eumetazoa;Bilateria;Protostomia;Spiralia;Lophotrochozoa;Annelida;Polychaeta;Sedentaria;Canalipalpata;Sabellida;Siboglinidae;Ridgeia;Ridgeia piscesae,2,191,661,847
1094,beam,AF-A0A8S3Z0Q3-F1-model_v6,1.0,4.81e-27,100452.0,cellular organisms;Eukaryota;Opisthokonta;Metazoa;Eumetazoa;Bilateria;Protostomia;Spiralia;Lophotrochozoa;Mollusca;Gastropoda;Heterobranchia;Euthyneura;Panpulmonata;Eupulmonata;Stylommatophora;Helicina;Helicoidea;Geomitridae;Candidula;Candidula unifasciata,2,417,358,852
1095,beam,AF-A0A0L0FU33-F1-model_v6,1.0,1.5e-05,667725.0,cellular organisms;Eukaryota;Opisthokonta;Ichthyosporea;Ichthyophonida;Sphaeroforma;Sphaeroforma arctica;Sphaeroforma arctica JP610,3,158,695,848
1096,beam,AF-A0A8S4BXM3-F1-model_v6,1.0,4.76e-23,238744.0,cellular organisms;Eukaryota;Opisthokonta;Metazoa;Eumetazoa;Bilateria;Deuterostomia;Chordata;Craniata;Vertebrata;Gnathostomata;Teleostomi;Euteleostomi;Actinopterygii;Actinopteri;Neopterygii;Teleostei;Osteoglossocephalai;Clupeocephala;Euteleosteomorpha;Neoteleostei;Eurypterygia;Ctenosquamata;Acanthomorphata;Euacanthomorphacea;Percomorphaceae;Ovalentaria;Atherinomorphae;Atheriniformes;Atherinopsidae;Menidiinae;Menidia;Menidia menidia,2,412,473,852
1097,beam,AF-A0A8C4RYS8-F1-model_v6,1.0,1.97e-14,27687.0,cellular organisms;Eukaryota;Opisthokonta;Metazoa;Eumetazoa;Bilateria;Deuterostomia;Chordata;Craniata;Vertebrata;Gnathostomata;Teleostomi;Euteleostomi;Actinopterygii;Cladistia;Polypteriformes;Polypteridae;Erpetoichthys;Erpetoichthys calabaricus,10,203,657,852
1098,beam,AF-A0AAD9BNN9-F1-model_v6,1.0,1.57e-07,100907.0,cellular organisms;Eukaryota;Opisthokonta;Metazoa;Eumetazoa;Bilateria;Deuterostomia;Chordata;Craniata;Vertebrata;Gnathostomata;Teleostomi;Euteleostomi;Actinopterygii;Actinopteri;Neopterygii;Teleostei;Osteoglossocephalai;Clupeocephala;Euteleosteomorpha;Neoteleostei;Eurypterygia;Ctenosquamata;Acanthomorphata;Euacanthomorphacea;Percomorphaceae;Eupercaria;Perciformes;Notothenioidei;Nototheniidae;Dissostichus;Dissostichus eleginoides,2,556,208,683
1099,beam,AF-A0A817H2W5-F1-model_v6,1.0,1.75e-17,2762512.0,cellular organisms;Eukaryota;Opisthokonta;Metazoa;Eumetazoa;Bilateria;Protostomia;Spiralia;Gnathifera;Rotifera;Eurotatoria;Bdelloidea;Philodinida;Philodinidae;Rotaria;unclassified Rotaria;Rotaria sp. Silwood2,3,370,382,852
1100,beam,AF-A0A7S4EXY0-F1-model_v6,1.0,0.0578,13221.0,cellular organisms;Eukaryota;Haptista;Haptophyta;Prymnesiophyceae;Isochrysidales;Isochrysidaceae;Chrysotila;Chrysotila carterae,23,162,721,851
1101,beam,AF-A0A669F8I7-F1-model_v6,1.0,1.56e-20,8128.0,cellular organisms;Eukaryota;Opisthokonta;Metazoa;Eumetazoa;Bilateria;Deuterostomia;Chordata;Craniata;Vertebrata;Gnathostomata;Teleostomi;Euteleostomi;Actinopterygii;Actinopteri;Neopterygii;Teleostei;Osteoglossocephalai;Clupeocephala;Euteleosteomorpha;Neoteleostei;Eurypterygia;Ctenosquamata;Acanthomorphata;Euacanthomorphacea;Percomorphaceae;Ovalentaria;Cichlomorphae;Cichliformes;Cichlidae;African cichlids;Pseudocrenilabrinae;Oreochromini;Oreochromis;Oreochromis niloticus,5,234,623,852
1102,beam,AF-A0A6B2L0Y6-F1-model_v6,1.0,2.18e-06,1963864.0,cellular organisms;Eukaryota;Amoebozoa;Tubulinea;Elardia;Arcellinida;Sphaerothecina;Arcellidae;Arcella;Arcella intermedia,1,206,654,852
1103,beam,AF-A0A2J7R0H6-F1-model_v6,1.0,1.14e-08,105785.0,cellular organisms;Eukaryota;Opisthokonta;Metazoa;Eumetazoa;Bilateria;Protostomia;Ecdysozoa;Panarthropoda;Arthropoda;Mandibulata;Pancrustacea;Hexapoda;Insecta;Dicondylia;Pterygota;Neoptera;Polyneoptera;Dictyoptera;Blattodea;Blattoidea;Termitoidae;Kalotermitidae;Cryptotermitinae;Cryptotermes;Cryptotermes secundus,1,150,703,852
1104,beam,AF-A0A914XE30-F1-model_v6,1.0,2.08e-21,2011161.0,cellular organisms;Eukaryota;Opisthokonta;Metazoa;Eumetazoa;Bilateria;Protostomia;Ecdysozoa;Nematoda;Chromadorea;Plectida;Plectina;Plectoidea;Plectidae;Plectus;Plectus sambesii,2,393,399,852
1105,beam,AF-A0A177AQG0-F1-model_v6,1.0,2.51e-13,1819745.0,cellular organisms;Eukaryota;Opisthokonta;Metazoa;Eumetazoa;Bilateria;Protostomia;Spiralia;Lophotrochozoa;Mesozoa;Orthonectida;Rhopaluridae;Intoshia;Intoshia linei,4,320,528,852
1106,beam,AF-F6R5V5-F1-model_v6,1.0,0.000217,7719.0,cellular organisms;Eukaryota;Opisthokonta;Metazoa;Eumetazoa;Bilateria;Deuterostomia;Chordata;Tunicata;Ascidiacea;Phlebobranchia;Cionidae;Ciona;Ciona intestinalis,1,141,711,851
1107,beam,AF-A0A368GPS0-F1-model_v6,1.0,0.00313,29170.0,cellular organisms;Eukaryota;Opisthokonta;Metazoa;Eumetazoa;Bilateria;Protostomia;Ecdysozoa;Nematoda;Chromadorea;Rhabditida;Rhabditina;Rhabditomorpha;Strongyloidea;Ancylostomatidae;Ancylostomatinae;Ancylostoma;Ancylostoma caninum,3,121,732,852
1108,beam,AF-A0A3Q1GE93-F1-model_v6,1.0,8.37e-19,80966.0,cellular organisms;Eukaryota;Opisthokonta;Metazoa;Eumetazoa;Bilateria;Deuterostomia;Chordata;Craniata;Vertebrata;Gnathostomata;Teleostomi;Euteleostomi;Actinopterygii;Actinopteri;Neopterygii;Teleostei;Osteoglossocephalai;Clupeocephala;Euteleosteomorpha;Neoteleostei;Eurypterygia;Ctenosquamata;Acanthomorphata;Euacanthomorphacea;Percomorphaceae;Ovalentaria;Ovalentaria incertae sedis;Pomacentridae;Acanthochromis;Acanthochromis polyacanthus,2,224,629,852
1109,beam,AF-A0A9Q0WY45-F1-model_v6,1.0,6.37e-08,77065.0,cellular organisms;Eukaryota;Viridiplantae;Streptophyta;Streptophytina;Embryophyta;Tracheophyta;Euphyllophyta;Spermatophyta;Magnoliopsida;Mesangiospermae;eudicotyledons;Gunneridae;Pentapetalae;rosids;fabids;Malpighiales;Salicaceae;Saliceae;Salix;Salix purpurea,51,487,400,851
1110,beam,AF-E4WT37-F1-model_v6,1.0,2.18e-07,34765.0,cellular organisms;Eukaryota;Opisthokonta;Metazoa;Eumetazoa;Bilateria;Deuterostomia;Chordata;Tunicata;Appendicularia;Copelata;Oikopleuridae;Oikopleura;Oikopleura dioica,7,151,708,852
1111,beam,AF-A0A0M3J501-F1-model_v6,1.0,1.49e-18,6269.0,cellular organisms;Eukaryota;Opisthokonta;Metazoa;Eumetazoa;Bilateria;Protostomia;Ecdysozoa;Nematoda;Chromadorea;Rhabditida;Spirurina;Ascaridomorpha;Ascaridoidea;Anisakidae;Anisakis;Anisakis simplex complex;Anisakis simplex,2,354,430,852
1112,beam,AF-A0A7S3YVE3-F1-model_v6,1.0,3.17e-08,91324.0,cellular organisms;Eukaryota;Sar;Rhizaria;Cercozoa;Chlorarachniophyceae;Lotharella;Lotharella globosa,3,245,624,852
1113,beam,AF-A0A158QRC0-F1-model_v6,1.0,1.23e-07,6290.0,cellular organisms;Eukaryota;Opisthokonta;Metazoa;Eumetazoa;Bilateria;Protostomia;Ecdysozoa;Nematoda;Chromadorea;Rhabditida;Rhabditina;Rhabditomorpha;Strongyloidea;Trichostrongylidae;Haemonchus;Haemonchus placei,3,190,679,852
1114,beam,AF-A0A818XBF7-F1-model_v6,1.0,1.7e-05,433720.0,cellular organisms;Eukaryota;Opisthokonta;Metazoa;Eumetazoa;Bilateria;Protostomia;Spiralia;Gnathifera;Rotifera;Eurotatoria;Bdelloidea;Adinetida;Adinetidae;Adineta;Adineta steineri,2,119,735,852
1115,beam,AF-A0A8K0NYF1-F1-model_v6,1.0,2.75e-17,123851.0,cellular organisms;Eukaryota;Opisthokonta;Metazoa;Eumetazoa;Bilateria;Protostomia;Ecdysozoa;Panarthropoda;Arthropoda;Mandibulata;Pancrustacea;Hexapoda;Insecta;Dicondylia;Pterygota;Palaeoptera;Odonata;Epiprocta;Anisoptera;Libelluloidea;Libellulidae;Ladona;Ladona fulva,2,369,437,852
1116,beam,AF-A0A401T393-F1-model_v6,1.0,0.000112,137246.0,cellular organisms;Eukaryota;Opisthokonta;Metazoa;Eumetazoa;Bilateria;Deuterostomia;Chordata;Craniata;Vertebrata;Gnathostomata;Chondrichthyes;Elasmobranchii;Selachii;Galeomorphii;Galeoidea;Orectolobiformes;Hemiscylliidae;Chiloscyllium;Chiloscyllium punctatum,2,477,136,554
1117,beam,AF-H2YLN4-F1-model_v6,1.0,1.06e-14,51511.0,cellular organisms;Eukaryota;Opisthokonta;Metazoa;Eumetazoa;Bilateria;Deuterostomia;Chordata;Tunicata;Ascidiacea;Phlebobranchia;Cionidae;Ciona;Ciona savignyi,2,212,642,851
1118,beam,AF-A0A7S1LF86-F1-model_v6,1.0,0.00874,312471.0,cellular organisms;Eukaryota;Discoba;Euglenozoa;Kinetoplastea;Metakinetoplastina;Neobodonida;Neobodo;Neobodo designis,1,164,682,848
1119,beam,AF-A0A8S4DI04-F1-model_v6,1.0,8.27e-14,51655.0,cellular organisms;Eukaryota;Opisthokonta;Metazoa;Eumetazoa;Bilateria;Protostomia;Ecdysozoa;Panarthropoda;Arthropoda;Mandibulata;Pancrustacea;Hexapoda;Insecta;Dicondylia;Pterygota;Neoptera;Endopterygota;Amphiesmenoptera;Lepidoptera;Glossata;Neolepidoptera;Heteroneura;Ditrysia;Yponomeutoidea;Plutellidae;Plutella;Plutella xylostella,3,503,228,751
1120,beam,AF-A0A9P3N0G7-F1-model_v6,1.0,0.00225,2019903.0,cellular organisms;Eukaryota;Viridiplantae;Streptophyta;Streptophytina;Zygnematophyceae;Zygnematophycidae;Desmidiales;Closteriaceae;Closterium;Closterium peracerosum-strigosum-littorale complex;unclassified Closterium peracerosum-strigosum-littorale complex;Closterium sp. NIES-68,22,219,653,851
1121,beam,AF-A0A091QG68-F1-model_v6,1.0,4.54e-37,57421.0,cellular organisms;Eukaryota;Opisthokonta;Metazoa;Eumetazoa;Bilateria;Deuterostomia;Chordata;Craniata;Vertebrata;Gnathostomata;Teleostomi;Euteleostomi;Sarcopterygii;Dipnotetrapodomorpha;Tetrapoda;Amniota;Sauropsida;Sauria;Archelosauria;Archosauria;Dinosauria;Saurischia;Theropoda;Coelurosauria;Aves;Neognathae;Neoaves;Telluraves;Coraciimorphae;Coraciiformes;Meropidae;Merops;Merops nubicus,1,435,348,852
1122,beam,AF-A0A0J7N2Y3-F1-model_v6,1.0,1.73e-12,67767.0,cellular organisms;Eukaryota;Opisthokonta;Metazoa;Eumetazoa;Bilateria;Protostomia;Ecdysozoa;Panarthropoda;Arthropoda;Mandibulata;Pancrustacea;Hexapoda;Insecta;Dicondylia;Pterygota;Neoptera;Endopterygota;Hymenoptera;Apocrita;Aculeata;Formicoidea;Formicidae;Formicinae;Lasiini;Lasius;Lasius;Lasius niger,2,193,661,852
1123,beam,AF-A0A1B6DXJ3-F1-model_v6,1.0,1.77e-06,38151.0,cellular organisms;Eukaryota;Opisthokonta;Metazoa;Eumetazoa;Bilateria;Protostomia;Ecdysozoa;Panarthropoda;Arthropoda;Mandibulata;Pancrustacea;Hexapoda;Insecta;Dicondylia;Pterygota;Neoptera;Paraneoptera;Hemiptera;Auchenorrhyncha;Cicadomorpha;Cercopoidea;Clastopteridae;Clastoptera;Clastoptera arizonana,50,498,1,465
1124,beam,AF-A0A4W5L8E6-F1-model_v6,1.0,1.17e-19,62062.0,cellular organisms;Eukaryota;Opisthokonta;Metazoa;Eumetazoa;Bilateria;Deuterostomia;Chordata;Craniata;Vertebrata;Gnathostomata;Teleostomi;Euteleostomi;Actinopterygii;Actinopteri;Neopterygii;Teleostei;Osteoglossocephalai;Clupeocephala;Euteleosteomorpha;Protacanthopterygii;Salmoniformes;Salmonidae;Salmoninae;Hucho;Hucho hucho,6,236,622,852
1125,beam,AF-A0A0A9WDQ2-F1-model_v6,1.0,1.64e-07,30085.0,cellular organisms;Eukaryota;Opisthokonta;Metazoa;Eumetazoa;Bilateria;Protostomia;Ecdysozoa;Panarthropoda;Arthropoda;Mandibulata;Pancrustacea;Hexapoda;Insecta;Dicondylia;Pterygota;Neoptera;Paraneoptera;Hemiptera;Prosorrhyncha;Heteroptera;Euheteroptera;Neoheteroptera;Panheteroptera;Cimicomorpha;Cimicoidea;Miridae;Mirinae;Mirini;Lygus;Lygus hesperus,80,492,1,432
1126,beam,AF-A0A6A7FSW2-F1-model_v6,1.0,4.37e-05,1518452.0,cellular organisms;Eukaryota;Opisthokonta;Metazoa;Eumetazoa;Bilateria;Protostomia;Ecdysozoa;Panarthropoda;Arthropoda;Mandibulata;Pancrustacea;Crustacea;Multicrustacea;Malacostraca;Eumalacostraca;Peracarida;Amphipoda;Amphilochidea;Lysianassida;Lysianassidira;Lysianassoidea;Lysianassidae;Hirondellea;Hirondellea gigas,2,149,706,852
1127,beam,AF-A0A0A1U3K3-F1-model_v6,1.0,0.000235,370355.0,cellular organisms;Eukaryota;Amoebozoa;Evosea;Archamoebae;Mastigamoebida;Entamoebidae;Entamoeba;Entamoeba invadens;Entamoeba invadens IP1,2,143,711,851
1128,beam,AF-A0A2K6L5A3-F1-model_v6,1.0,1.1e-13,61621.0,cellular organisms;Eukaryota;Opisthokonta;Metazoa;Eumetazoa;Bilateria;Deuterostomia;Chordata;Craniata;Vertebrata;Gnathostomata;Teleostomi;Euteleostomi;Sarcopterygii;Dipnotetrapodomorpha;Tetrapoda;Amniota;Mammalia;Theria;Eutheria;Boreoeutheria;Euarchontoglires;Primates;Haplorrhini;Simiiformes;Catarrhini;Cercopithecoidea;Cercopithecidae;Colobinae;Rhinopithecus;Rhinopithecus bieti,3,337,526,852
1129,beam,AF-A0A7S1NMK7-F1-model_v6,1.0,3.42e-06,73025.0,cellular organisms;Eukaryota;Discoba;Euglenozoa;Euglenida;Spirocuta;Euglenophyceae;Eutreptiales;Eutreptiaceae;Eutreptiella;Eutreptiella gymnastica,79,358,552,851
1130,beam,AF-A0A7J7JRQ0-F1-model_v6,1.0,0.000581,10212.0,cellular organisms;Eukaryota;Opisthokonta;Metazoa;Eumetazoa;Bilateria;Protostomia;Spiralia;Lophotrochozoa;Bryozoa;Gymnolaemata;Cheilostomatida;Flustrina;Buguloidea;Bugulidae;Bugula;Bugula neritina,2,106,748,852
1131,beam,AF-A0A8D8RSR5-F1-model_v6,1.0,1.72e-09,428564.0,cellular organisms;Eukaryota;Opisthokonta;Metazoa;Eumetazoa;Bilateria;Protostomia;Ecdysozoa;Panarthropoda;Arthropoda;Mandibulata;Pancrustacea;Hexapoda;Insecta;Dicondylia;Pterygota;Neoptera;Paraneoptera;Hemiptera;Sternorrhyncha;Psylloidea;Psyllidae;Psyllinae;Cacopsylla;Cacopsylla melanoneura,10,464,50,556
1132,beam,AF-A0A2G9S9H0-F1-model_v6,1.0,1.33e-05,8400.0,cellular organisms;Eukaryota;Opisthokonta;Metazoa;Eumetazoa;Bilateria;Deuterostomia;Chordata;Craniata;Vertebrata;Gnathostomata;Teleostomi;Euteleostomi;Sarcopterygii;Dipnotetrapodomorpha;Tetrapoda;Amphibia;Batrachia;Anura;Neobatrachia;Ranoidea;Ranidae;Aquarana;Aquarana catesbeiana,1,101,752,852
1133,beam,AF-A0A0A9WQR3-F1-model_v6,1.0,6.27e-18,30085.0,cellular organisms;Eukaryota;Opisthokonta;Metazoa;Eumetazoa;Bilateria;Protostomia;Ecdysozoa;Panarthropoda;Arthropoda;Mandibulata;Pancrustacea;Hexapoda;Insecta;Dicondylia;Pterygota;Neoptera;Paraneoptera;Hemiptera;Prosorrhyncha;Heteroptera;Euheteroptera;Neoheteroptera;Panheteroptera;Cimicomorpha;Cimicoidea;Miridae;Mirinae;Mirini;Lygus;Lygus hesperus,2,344,443,852
1134,beam,AF-A0A3B5MWP0-F1-model_v6,1.0,9.85e-18,32473.0,cellular organisms;Eukaryota;Opisthokonta;Metazoa;Eumetazoa;Bilateria;Deuterostomia;Chordata;Craniata;Vertebrata;Gnathostomata;Teleostomi;Euteleostomi;Actinopterygii;Actinopteri;Neopterygii;Teleostei;Osteoglossocephalai;Clupeocephala;Euteleosteomorpha;Neoteleostei;Eurypterygia;Ctenosquamata;Acanthomorphata;Euacanthomorphacea;Percomorphaceae;Ovalentaria;Atherinomorphae;Cyprinodontiformes;Cyprinodontoidei;Poeciliidae;Poeciliinae;Xiphophorus;Xiphophorus couchianus,12,235,622,852
1135,beam,AF-A0A1S3QV87-F1-model_v6,1.0,1.17e-05,8030.0,cellular organisms;Eukaryota;Opisthokonta;Metazoa;Eumetazoa;Bilateria;Deuterostomia;Chordata;Craniata;Vertebrata;Gnathostomata;Teleostomi;Euteleostomi;Actinopterygii;Actinopteri;Neopterygii;Teleostei;Osteoglossocephalai;Clupeocephala;Euteleosteomorpha;Protacanthopterygii;Salmoniformes;Salmonidae;Salmoninae;Salmo;Salmo salar,1,101,752,852
1136,beam,AF-A0A5J5BQZ7-F1-model_v6,1.0,0.000841,561372.0,cellular organisms;Eukaryota;Viridiplantae;Streptophyta;Streptophytina;Embryophyta;Tracheophyta;Euphyllophyta;Spermatophyta;Magnoliopsida;Mesangiospermae;eudicotyledons;Gunneridae;Pentapetalae;asterids;Cornales;Nyssaceae;Nyssa;Nyssa sinensis,124,467,479,840
1137,beam,AF-A0A7S4UEG2-F1-model_v6,1.0,2.82e-10,55529.0,cellular organisms;Eukaryota;Cryptophyceae;Pyrenomonadales;Geminigeraceae;Guillardia;Guillardia theta,42,460,322,824
1138,beam,AF-A0A8D9F216-F1-model_v6,1.0,3.28e-05,428564.0,cellular organisms;Eukaryota;Opisthokonta;Metazoa;Eumetazoa;Bilateria;Protostomia;Ecdysozoa;Panarthropoda;Arthropoda;Mandibulata;Pancrustacea;Hexapoda;Insecta;Dicondylia;Pterygota;Neoptera;Paraneoptera;Hemiptera;Sternorrhyncha;Psylloidea;Psyllidae;Psyllinae;Cacopsylla;Cacopsylla melanoneura,27,349,140,507
1139,beam,AF-A0A0Q5U704-F1-model_v6,1.0,6.17e-12,7220.0,cellular organisms;Eukaryota;Opisthokonta;Metazoa;Eumetazoa;Bilateria;Protostomia;Ecdysozoa;Panarthropoda;Arthropoda;Mandibulata;Pancrustacea;Hexapoda;Insecta;Dicondylia;Pterygota;Neoptera;Endopterygota;Diptera;Brachycera;Muscomorpha;Eremoneura;Cyclorrhapha;Schizophora;Acalyptratae;Ephydroidea;Drosophilidae;Drosophilinae;Drosophilini;Drosophila;Sophophora;melanogaster group;melanogaster subgroup;Drosophila erecta,11,227,635,851
1140,beam,AF-A0A0P8ZJB2-F1-model_v6,1.0,0.000558,7217.0,cellular organisms;Eukaryota;Opisthokonta;Metazoa;Eumetazoa;Bilateria;Protostomia;Ecdysozoa;Panarthropoda;Arthropoda;Mandibulata;Pancrustacea;Hexapoda;Insecta;Dicondylia;Pterygota;Neoptera;Endopterygota;Diptera;Brachycera;Muscomorpha;Eremoneura;Cyclorrhapha;Schizophora;Acalyptratae;Ephydroidea;Drosophilidae;Drosophilinae;Drosophilini;Drosophila;Sophophora;melanogaster group;ananassae subgroup;ananassae species complex;Drosophila ananassae,23,368,68,502
1141,beam,AF-A0A821CNL0-F1-model_v6,1.0,7.22e-09,2762512.0,cellular organisms;Eukaryota;Opisthokonta;Metazoa;Eumetazoa;Bilateria;Protostomia;Spiralia;Gnathifera;Rotifera;Eurotatoria;Bdelloidea;Philodinida;Philodinidae;Rotaria;unclassified Rotaria;Rotaria sp. Silwood2,32,441,1,502
1142,beam,AF-A0A0M3KC92-F1-model_v6,1.0,2.56e-05,6269.0,cellular organisms;Eukaryota;Opisthokonta;Metazoa;Eumetazoa;Bilateria;Protostomia;Ecdysozoa;Nematoda;Chromadorea;Rhabditida;Spirurina;Ascaridomorpha;Ascaridoidea;Anisakidae;Anisakis;Anisakis simplex complex;Anisakis simplex,2,120,734,852
1143,beam,AF-A0A6G1S433-F1-model_v6,1.0,3.12e-18,2861861.0,cellular organisms;Eukaryota;Opisthokonta;Metazoa;Eumetazoa;Bilateria;Deuterostomia;Chordata;Craniata;Vertebrata;Gnathostomata;Teleostomi;Euteleostomi;Sarcopterygii;Dipnotetrapodomorpha;Tetrapoda;Amniota;Sauropsida;Sauria;Archelosauria;Archosauria;Dinosauria;Saurischia;Theropoda;Coelurosauria;Aves;Neognathae;Neoaves;Gruiformes;Rallidae;Hypotaenidia;Hypotaenidia okinawae,2,195,659,852
1144,beam,AF-A0A817LRA3-F1-model_v6,1.0,5.21e-10,2762512.0,cellular organisms;Eukaryota;Opisthokonta;Metazoa;Eumetazoa;Bilateria;Protostomia;Spiralia;Gnathifera;Rotifera;Eurotatoria;Bdelloidea;Philodinida;Philodinidae;Rotaria;unclassified Rotaria;Rotaria sp. Silwood2,10,178,684,852
1145,beam,AF-A0A1A9VXU8-F1-model_v6,1.0,0.00656,7395.0,cellular organisms;Eukaryota;Opisthokonta;Metazoa;Eumetazoa;Bilateria;Protostomia;Ecdysozoa;Panarthropoda;Arthropoda;Mandibulata;Pancrustacea;Hexapoda;Insecta;Dicondylia;Pterygota;Neoptera;Endopterygota;Diptera;Brachycera;Muscomorpha;Eremoneura;Cyclorrhapha;Schizophora;Calyptratae;Hippoboscoidea;Glossinidae;Glossina;Glossina;Glossina austeni,55,141,766,852
1146,beam,AF-A0A5N5SNQ7-F1-model_v6,1.0,2.12e-11,96803.0,cellular organisms;Eukaryota;Opisthokonta;Metazoa;Eumetazoa;Bilateria;Protostomia;Ecdysozoa;Panarthropoda;Arthropoda;Mandibulata;Pancrustacea;Crustacea;Multicrustacea;Malacostraca;Eumalacostraca;Peracarida;Isopoda;Oniscidea;Crinocheta;Armadillidiidae;Armadillidium;Armadillidium nasatum,1,284,531,852
1147,beam,AF-A0A7S3N1S7-F1-model_v6,1.0,0.0183,151035.0,cellular organisms;Eukaryota;Sar;Alveolata;Ciliophora;Intramacronucleata;Spirotrichea;Hypotrichia;Euplotida;Euplotidae;Euplotes;Euplotes harpa,7,97,761,851
1148,beam,AF-A0A7R8ZDP2-F1-model_v6,1.0,4.97e-07,61478.0,cellular organisms;Eukaryota;Opisthokonta;Metazoa;Eumetazoa;Bilateria;Protostomia;Ecdysozoa;Panarthropoda;Arthropoda;Mandibulata;Pancrustacea;Hexapoda;Insecta;Dicondylia;Pterygota;Neoptera;Polyneoptera;Phasmatodea;Timematodea;Timematoidea;Timematidae;Timema;Timema douglasi,5,414,172,614
1149,beam,AF-A0A8D8WBM7-F1-model_v6,1.0,1.04e-08,428564.0,cellular organisms;Eukaryota;Opisthokonta;Metazoa;Eumetazoa;Bilateria;Protostomia;Ecdysozoa;Panarthropoda;Arthropoda;Mandibulata;Pancrustacea;Hexapoda;Insecta;Dicondylia;Pterygota;Neoptera;Paraneoptera;Hemiptera;Sternorrhyncha;Psylloidea;Psyllidae;Psyllinae;Cacopsylla;Cacopsylla melanoneura,6,402,49,543
1150,beam,AF-A0AAN8LAW1-F1-model_v6,1.0,2.12e-12,861788.0,cellular organisms;Eukaryota;Opisthokonta;Metazoa;Eumetazoa;Bilateria;Deuterostomia;Chordata;Craniata;Vertebrata;Gnathostomata;Teleostomi;Euteleostomi;Actinopterygii;Actinopteri;Neopterygii;Teleostei;Osteoglossocephalai;Clupeocephala;Euteleosteomorpha;Protacanthopterygii;Salmoniformes;Salmonidae;Coregoninae;Coregonus;Coregonus suidteri,17,421,180,684
1151,beam,AF-A0A6J2Y580-F1-model_v6,1.0,1.58e-09,7048.0,cellular organisms;Eukaryota;Opisthokonta;Metazoa;Eumetazoa;Bilateria;Protostomia;Ecdysozoa;Panarthropoda;Arthropoda;Mandibulata;Pancrustacea;Hexapoda;Insecta;Dicondylia;Pterygota;Neoptera;Endopterygota;Coleoptera;Polyphaga;Cucujiformia;Curculionoidea;Curculionidae;Dryophthorinae;Sitophilus;Sitophilus oryzae,2,193,661,852
1152,beam,AF-A0A2G9R5J2-F1-model_v6,1.0,3.7600000000000004e-27,8400.0,cellular organisms;Eukaryota;Opisthokonta;Metazoa;Eumetazoa;Bilateria;Deuterostomia;Chordata;Craniata;Vertebrata;Gnathostomata;Teleostomi;Euteleostomi;Sarcopterygii;Dipnotetrapodomorpha;Tetrapoda;Amphibia;Batrachia;Anura;Neobatrachia;Ranoidea;Ranidae;Aquarana;Aquarana catesbeiana,1,420,278,830
1154,beam,AF-A0AAD9PAY0-F1-model_v6,1.0,1.24e-12,27915.0,cellular organisms;Eukaryota;Opisthokonta;Metazoa;Eumetazoa;Bilateria;Protostomia;Spiralia;Lophotrochozoa;Annelida;Polychaeta;Sedentaria;Canalipalpata;Sabellida;Siboglinidae;Ridgeia;Ridgeia piscesae,2,386,32,496
1155,beam,AF-A0A4P9YBK6-F1-model_v6,1.0,0.0207,988480.0,cellular organisms;Eukaryota;Opisthokonta;Fungi;Fungi incertae sedis;Cryptomycota;Cryptomycota incertae sedis;Rozella;Rozella allomycis;Rozella allomycis CSF55,2,88,762,848
1156,beam,AF-A0A6G1RKJ9-F1-model_v6,1.0,5.49e-14,2861861.0,cellular organisms;Eukaryota;Opisthokonta;Metazoa;Eumetazoa;Bilateria;Deuterostomia;Chordata;Craniata;Vertebrata;Gnathostomata;Teleostomi;Euteleostomi;Sarcopterygii;Dipnotetrapodomorpha;Tetrapoda;Amniota;Sauropsida;Sauria;Archelosauria;Archosauria;Dinosauria;Saurischia;Theropoda;Coelurosauria;Aves;Neognathae;Neoaves;Gruiformes;Rallidae;Hypotaenidia;Hypotaenidia okinawae,1,402,254,663
1157,beam,AF-A0AAD3NHI1-F1-model_v6,1.0,2.35e-20,270547.0,cellular organisms;Eukaryota;Opisthokonta;Metazoa;Eumetazoa;Bilateria;Deuterostomia;Chordata;Craniata;Vertebrata;Gnathostomata;Teleostomi;Euteleostomi;Actinopterygii;Actinopteri;Neopterygii;Teleostei;Osteoglossocephalai;Clupeocephala;Euteleosteomorpha;Neoteleostei;Eurypterygia;Ctenosquamata;Acanthomorphata;Euacanthomorphacea;Percomorphaceae;Carangaria;Carangaria incertae sedis;Centropomidae;Lates;Lates japonicus,38,274,615,851
1158,beam,AF-A0A8S2TM37-F1-model_v6,1.0,3.6e-10,1234261.0,cellular organisms;Eukaryota;Opisthokonta;Metazoa;Eumetazoa;Bilateria;Protostomia;Spiralia;Gnathifera;Rotifera;Eurotatoria;Bdelloidea;Philodinida;Philodinidae;Didymodactylos;Didymodactylos carnosus,1,172,681,852
1159,beam,AF-A0A1D6MTE1-F1-model_v6,1.0,4.95e-06,4577.0,cellular organisms;Eukaryota;Viridiplantae;Streptophyta;Streptophytina;Embryophyta;Tracheophyta;Euphyllophyta;Spermatophyta;Magnoliopsida;Mesangiospermae;Liliopsida;Petrosaviidae;commelinids;Poales;Poaceae;PACMAD clade;Panicoideae;Andropogonodae;Andropogoneae;Tripsacinae;Zea;Zea mays,129,349,641,851
1160,beam,AF-A0A2D4GX56-F1-model_v6,1.0,7.35e-16,54390.0,cellular organisms;Eukaryota;Opisthokonta;Metazoa;Eumetazoa;Bilateria;Deuterostomia;Chordata;Craniata;Vertebrata;Gnathostomata;Teleostomi;Euteleostomi;Sarcopterygii;Dipnotetrapodomorpha;Tetrapoda;Amniota;Sauropsida;Sauria;Lepidosauria;Squamata;Bifurcata;Unidentata;Episquamata;Toxicofera;Serpentes;Colubroidea;Elapidae;Elapinae;Micrurus;Micrurus corallinus,1,389,277,665
1161,beam,AF-A0A9Q9XTU3-F1-model_v6,1.0,9.66e-27,7962.0,cellular organisms;Eukaryota;Opisthokonta;Metazoa;Eumetazoa;Bilateria;Deuterostomia;Chordata;Craniata;Vertebrata;Gnathostomata;Teleostomi;Euteleostomi;Actinopterygii;Actinopteri;Neopterygii;Teleostei;Osteoglossocephalai;Clupeocephala;Otomorpha;Ostariophysi;Otophysi;Cypriniphysae;Cypriniformes;Cyprinoidei;Cyprinidae;Cyprininae;Cyprinus;Cyprinus carpio,2,389,386,804
1162,beam,AF-A0A7R9AYU8-F1-model_v6,1.0,2.79e-07,629360.0,cellular organisms;Eukaryota;Opisthokonta;Metazoa;Eumetazoa;Bilateria;Protostomia;Ecdysozoa;Panarthropoda;Arthropoda;Mandibulata;Pancrustacea;Hexapoda;Insecta;Dicondylia;Pterygota;Neoptera;Polyneoptera;Phasmatodea;Timematodea;Timematoidea;Timematidae;Timema;Timema shepardi,1,387,272,649
1163,beam,AF-A0A7S4K2G2-F1-model_v6,1.0,0.00354,180227.0,cellular organisms;Eukaryota;Amoebozoa;Discosea;Flabellinia;Dactylopodida;Paramoebidae;Paramoeba;Paramoeba aestuarina,1,380,273,649
1164,beam,AF-A0A183J8J1-F1-model_v6,1.0,7.53e-09,241478.0,cellular organisms;Eukaryota;Opisthokonta;Metazoa;Eumetazoa;Bilateria;Protostomia;Ecdysozoa;Nematoda;Enoplea;Dorylaimia;Dioctophymatida;Dioctophymatoidea;Soboliphymatidae;Soboliphyme;Soboliphyme baturini,2,367,40,496
1165,beam,AF-A0A484BBH1-F1-model_v6,1.0,0.00911,7232.0,cellular organisms;Eukaryota;Opisthokonta;Metazoa;Eumetazoa;Bilateria;Protostomia;Ecdysozoa;Panarthropoda;Arthropoda;Mandibulata;Pancrustacea;Hexapoda;Insecta;Dicondylia;Pterygota;Neoptera;Endopterygota;Diptera;Brachycera;Muscomorpha;Eremoneura;Cyclorrhapha;Schizophora;Acalyptratae;Ephydroidea;Drosophilidae;Drosophilinae;Drosophilini;Drosophila;Drosophila;repleta group;mulleri subgroup;mojavensis species complex;Drosophila navojoa,8,173,332,506
1166,beam,AF-A0A0M3IZK1-F1-model_v6,1.0,4.83e-12,6269.0,cellular organisms;Eukaryota;Opisthokonta;Metazoa;Eumetazoa;Bilateria;Protostomia;Ecdysozoa;Nematoda;Chromadorea;Rhabditida;Spirurina;Ascaridomorpha;Ascaridoidea;Anisakidae;Anisakis;Anisakis simplex complex;Anisakis simplex,9,212,654,852
1167,beam,AF-A0AAE0F8A4-F1-model_v6,1.0,0.000122,36881.0,cellular organisms;Eukaryota;Viridiplantae;Chlorophyta;Pyramimonadophyceae;Pyramimonadales;Pyramimonadaceae;Cymbomonas;Cymbomonas tetramitiformis,6,170,684,852
1168,beam,AF-A0A183HCD1-F1-model_v6,1.0,8.15e-08,387005.0,cellular organisms;Eukaryota;Opisthokonta;Metazoa;Eumetazoa;Bilateria;Protostomia;Ecdysozoa;Nematoda;Chromadorea;Rhabditida;Spirurina;Spiruromorpha;Filarioidea;Onchocercidae;Onchocerca;Onchocerca flexuosa,16,361,138,545
1169,beam,AF-A0A2M3Z5M4-F1-model_v6,1.0,1.02e-14,58242.0,cellular organisms;Eukaryota;Opisthokonta;Metazoa;Eumetazoa;Bilateria;Protostomia;Ecdysozoa;Panarthropoda;Arthropoda;Mandibulata;Pancrustacea;Hexapoda;Insecta;Dicondylia;Pterygota;Neoptera;Endopterygota;Diptera;Nematocera;Culicomorpha;Culicoidea;Culicidae;Anophelinae;Anopheles;Nyssorhynchus;argyritarsis section;albitarsis series;braziliensis group;Anopheles braziliensis,1,285,564,852
1170,beam,AF-A0A1B8XSU9-F1-model_v6,1.0,2.21e-12,8364.0,cellular organisms;Eukaryota;Opisthokonta;Metazoa;Eumetazoa;Bilateria;Deuterostomia;Chordata;Craniata;Vertebrata;Gnathostomata;Teleostomi;Euteleostomi;Sarcopterygii;Dipnotetrapodomorpha;Tetrapoda;Amphibia;Batrachia;Anura;Pipoidea;Pipidae;Xenopodinae;Xenopus;Silurana;Xenopus tropicalis,1,163,690,852
1171,beam,AF-A0A2G9TQB7-F1-model_v6,1.0,1.14e-09,45464.0,cellular organisms;Eukaryota;Opisthokonta;Metazoa;Eumetazoa;Bilateria;Protostomia;Ecdysozoa;Nematoda;Chromadorea;Rhabditida;Rhabditina;Rhabditomorpha;Strongyloidea;Trichostrongylidae;Teladorsagia;Teladorsagia circumcincta,2,344,202,803
1172,beam,AF-A0A6J2Y2Q0-F1-model_v6,1.0,1.34e-10,7048.0,cellular organisms;Eukaryota;Opisthokonta;Metazoa;Eumetazoa;Bilateria;Protostomia;Ecdysozoa;Panarthropoda;Arthropoda;Mandibulata;Pancrustacea;Hexapoda;Insecta;Dicondylia;Pterygota;Neoptera;Endopterygota;Coleoptera;Polyphaga;Cucujiformia;Curculionoidea;Curculionidae;Dryophthorinae;Sitophilus;Sitophilus oryzae,46,298,600,851
1173,beam,AF-A0A6A7GE54-F1-model_v6,1.0,1.92e-05,1518452.0,cellular organisms;Eukaryota;Opisthokonta;Metazoa;Eumetazoa;Bilateria;Protostomia;Ecdysozoa;Panarthropoda;Arthropoda;Mandibulata;Pancrustacea;Crustacea;Multicrustacea;Malacostraca;Eumalacostraca;Peracarida;Amphipoda;Amphilochidea;Lysianassida;Lysianassidira;Lysianassoidea;Lysianassidae;Hirondellea;Hirondellea gigas,2,153,701,851
1174,beam,AF-A0A7S0V5N2-F1-model_v6,1.0,7.17e-06,51329.0,cellular organisms;Eukaryota;Viridiplantae;Chlorophyta;core chlorophytes;Chlorophyceae;CS clade;Chlamydomonadales;Chlamydomonadaceae;Polytomella;Polytomella parva,27,255,647,851
1175,beam,AF-A0A7S1JC18-F1-model_v6,1.0,2.57e-06,73025.0,cellular organisms;Eukaryota;Discoba;Euglenozoa;Euglenida;Spirocuta;Euglenophyceae;Eutreptiales;Eutreptiaceae;Eutreptiella;Eutreptiella gymnastica,41,257,629,851
1176,beam,AF-A0AAV7Y9L0-F1-model_v6,1.0,0.00255,1746091.0,cellular organisms;Eukaryota;Metamonada;Anaeramoebidae;Anaeramoeba;Anaeramoeba flamelloides,33,313,563,806
1177,beam,AF-A0A5J5CDK9-F1-model_v6,1.0,1.16e-15,54343.0,cellular organisms;Eukaryota;Opisthokonta;Metazoa;Eumetazoa;Bilateria;Deuterostomia;Chordata;Craniata;Vertebrata;Gnathostomata;Teleostomi;Euteleostomi;Actinopterygii;Actinopteri;Neopterygii;Teleostei;Osteoglossocephalai;Clupeocephala;Euteleosteomorpha;Neoteleostei;Eurypterygia;Ctenosquamata;Acanthomorphata;Euacanthomorphacea;Percomorphaceae;Eupercaria;Perciformes;Percoidei;Percidae;Etheostomatinae;Etheostoma;Oligocephalus;Etheostoma spectabile,3,253,608,837
1178,beam,AF-A0A1A6FZK6-F1-model_v6,1.0,1.39e-06,56216.0,cellular organisms;Eukaryota;Opisthokonta;Metazoa;Eumetazoa;Bilateria;Deuterostomia;Chordata;Craniata;Vertebrata;Gnathostomata;Teleostomi;Euteleostomi;Sarcopterygii;Dipnotetrapodomorpha;Tetrapoda;Amniota;Mammalia;Theria;Eutheria;Boreoeutheria;Euarchontoglires;Glires;Rodentia;Myomorpha;Muroidea;Cricetidae;Neotominae;Neotoma;Neotoma lepida,50,152,750,852
1179,beam,AF-T1KNZ3-F1-model_v6,1.0,2.71e-11,32264.0,cellular organisms;Eukaryota;Opisthokonta;Metazoa;Eumetazoa;Bilateria;Protostomia;Ecdysozoa;Panarthropoda;Arthropoda;Chelicerata;Arachnida;Acari;Acariformes;Trombidiformes;Prostigmata;Eleutherengona;Raphignathae;Tetranychoidea;Tetranychidae;Tetranychus;Tetranychus urticae,30,278,603,843
1180,beam,AF-A0ABC9HHQ9-F1-model_v6,1.0,2.58e-08,6192.0,cellular organisms;Eukaryota;Opisthokonta;Metazoa;Eumetazoa;Bilateria;Protostomia;Spiralia;Lophotrochozoa;Platyhelminthes;Trematoda;Digenea;Plagiorchiida;Echinostomata;Echinostomatoidea;Fasciolidae;Fasciola;Fasciola hepatica,4,297,399,749
1181,beam,AF-A0ABD2QNI8-F1-model_v6,1.0,0.000184,1844966.0,cellular organisms;Eukaryota;Opisthokonta;Metazoa;Eumetazoa;Bilateria;Protostomia;Spiralia;Lophotrochozoa;Platyhelminthes;Monogenea;Monopisthocotylea;Dactylogyridea;Ancyrocephalidae;Cichlidogyrus;Cichlidogyrus casuarinus,4,274,139,504
1182,beam,AF-A0AAD7Z789-F1-model_v6,1.0,0.000255,6984.0,cellular organisms;Eukaryota;Opisthokonta;Metazoa;Eumetazoa;Bilateria;Protostomia;Ecdysozoa;Panarthropoda;Arthropoda;Mandibulata;Pancrustacea;Hexapoda;Insecta;Dicondylia;Pterygota;Neoptera;Polyneoptera;Dictyoptera;Blattodea;Blaberoidea;Blaberidae;Diplopterinae;Diploptera;Diploptera punctata,4,291,68,452
1183,beam,AF-A0A212CB84-F1-model_v6,1.0,3.72e-06,46360.0,cellular organisms;Eukaryota;Opisthokonta;Metazoa;Eumetazoa;Bilateria;Deuterostomia;Chordata;Craniata;Vertebrata;Gnathostomata;Teleostomi;Euteleostomi;Sarcopterygii;Dipnotetrapodomorpha;Tetrapoda;Amniota;Mammalia;Theria;Eutheria;Boreoeutheria;Laurasiatheria;Artiodactyla;Ruminantia;Pecora;Cervidae;Cervinae;Cervus;Cervus elaphus;Cervus elaphus hippelaphus,37,290,349,578
1184,beam,AF-A0A182SS01-F1-model_v6,1.0,1.25e-14,74869.0,cellular organisms;Eukaryota;Opisthokonta;Metazoa;Eumetazoa;Bilateria;Protostomia;Ecdysozoa;Panarthropoda;Arthropoda;Mandibulata;Pancrustacea;Hexapoda;Insecta;Dicondylia;Pterygota;Neoptera;Endopterygota;Diptera;Nematocera;Culicomorpha;Culicoidea;Culicidae;Anophelinae;Anopheles;Cellia;Neocellia;Anopheles maculatus group;Anopheles maculatus,1,266,584,852
1185,beam,AF-A0A7S3CLZ0-F1-model_v6,1.0,0.0368,1082188.0,cellular organisms;Eukaryota;Sar;Alveolata;Ciliophora;Intramacronucleata;Spirotrichea;Oligotrichia;Strombidiidae;Strombidium;Strombidium rassoulzadegani,112,254,728,851
1186,beam,AF-X6NEU3-F1-model_v6,1.0,0.00629,46433.0,cellular organisms;Eukaryota;Sar;Rhizaria;Retaria;Foraminifera;Monothalamids;Reticulomyxidae;Reticulomyxa;Reticulomyxa filosa,82,270,629,815
1187,beam,AF-A0AA88IAZ9-F1-model_v6,1.0,9.31e-12,6661.0,cellular organisms;Eukaryota;Opisthokonta;Metazoa;Eumetazoa;Bilateria;Protostomia;Ecdysozoa;Panarthropoda;Arthropoda;Mandibulata;Pancrustacea;Crustacea;Branchiopoda;Sarsostraca;Anostraca;Artemiidae;Artemia;Artemia franciscana,2,193,661,852
1188,beam,AF-X6LHY2-F1-model_v6,1.0,0.0265,46433.0,cellular organisms;Eukaryota;Sar;Rhizaria;Retaria;Foraminifera;Monothalamids;Reticulomyxidae;Reticulomyxa;Reticulomyxa filosa,47,235,331,502
1189,beam,AF-A0A820BCK6-F1-model_v6,1.0,2.91e-06,2762512.0,cellular organisms;Eukaryota;Opisthokonta;Metazoa;Eumetazoa;Bilateria;Protostomia;Spiralia;Gnathifera;Rotifera;Eurotatoria;Bdelloidea;Philodinida;Philodinidae;Rotaria;unclassified Rotaria;Rotaria sp. Silwood2,2,168,685,851
1190,beam,AF-A0A0S7EXS0-F1-model_v6,1.0,7.53e-09,188132.0,cellular organisms;Eukaryota;Opisthokonta;Metazoa;Eumetazoa;Bilateria;Deuterostomia;Chordata;Craniata;Vertebrata;Gnathostomata;Teleostomi;Euteleostomi;Actinopterygii;Actinopteri;Neopterygii;Teleostei;Osteoglossocephalai;Clupeocephala;Euteleosteomorpha;Neoteleostei;Eurypterygia;Ctenosquamata;Acanthomorphata;Euacanthomorphacea;Percomorphaceae;Ovalentaria;Atherinomorphae;Cyprinodontiformes;Cyprinodontoidei;Poeciliidae;Poeciliinae;Poeciliopsis;Poeciliopsis prolifica,1,229,349,571
1191,beam,AF-A0A7R9DV82-F1-model_v6,1.0,3.71e-05,170557.0,cellular organisms;Eukaryota;Opisthokonta;Metazoa;Eumetazoa;Bilateria;Protostomia;Ecdysozoa;Panarthropoda;Arthropoda;Mandibulata;Pancrustacea;Hexapoda;Insecta;Dicondylia;Pterygota;Neoptera;Polyneoptera;Phasmatodea;Timematodea;Timematoidea;Timematidae;Timema;Timema poppense,2,110,744,852
1192,beam,AF-A0A8T3BQT5-F1-model_v6,1.0,0.0434,94219.0,cellular organisms;Eukaryota;Viridiplantae;Streptophyta;Streptophytina;Embryophyta;Tracheophyta;Euphyllophyta;Spermatophyta;Magnoliopsida;Mesangiospermae;Liliopsida;Petrosaviidae;Asparagales;Orchidaceae;Epidendroideae;Malaxideae;Dendrobiinae;Dendrobium;Dendrobium nobile,2,161,681,852
1193,beam,AF-A0A7S3NTQ2-F1-model_v6,1.0,0.00556,5936.0,cellular organisms;Eukaryota;Sar;Alveolata;Ciliophora;Intramacronucleata;Spirotrichea;Hypotrichia;Euplotida;Euplotidae;Moneuplotes;Moneuplotes crassus,2,92,761,851
1194,beam,AF-A0A3P7LZL4-F1-model_v6,1.0,1.01e-09,60516.0,cellular organisms;Eukaryota;Opisthokonta;Metazoa;Eumetazoa;Bilateria;Protostomia;Spiralia;Lophotrochozoa;Platyhelminthes;Cestoda;Eucestoda;Diphyllobothriidea;Diphyllobothriidae;Dibothriocephalus;Dibothriocephalus latus,1,170,683,852
1195,beam,AF-X6NCG9-F1-model_v6,1.0,0.0107,46433.0,cellular organisms;Eukaryota;Sar;Rhizaria;Retaria;Foraminifera;Monothalamids;Reticulomyxidae;Reticulomyxa;Reticulomyxa filosa,45,235,331,509
1196,beam,AF-A9UTL7-F1-model_v6,1.0,5.82e-05,81824.0,cellular organisms;Eukaryota;Opisthokonta;Choanoflagellata;Craspedida;Salpingoecidae;Monosiga;Monosiga brevicollis,2,149,704,851
1197,beam,AF-V5DJU7-F1-model_v6,1.0,0.00184,1416333.0,cellular organisms;Eukaryota;Discoba;Euglenozoa;Kinetoplastea;Metakinetoplastina;Trypanosomatida;Trypanosomatidae;Trypanosoma;Schizotrypanum;Trypanosoma cruzi;Trypanosoma cruzi Dm28c,3,140,711,851
1198,beam,AF-A0A060WR02-F1-model_v6,1.0,1.78e-08,8022.0,cellular organisms;Eukaryota;Opisthokonta;Metazoa;Eumetazoa;Bilateria;Deuterostomia;Chordata;Craniata;Vertebrata;Gnathostomata;Teleostomi;Euteleostomi;Actinopterygii;Actinopteri;Neopterygii;Teleostei;Osteoglossocephalai;Clupeocephala;Euteleosteomorpha;Protacanthopterygii;Salmoniformes;Salmonidae;Salmoninae;Oncorhynchus;Oncorhynchus mykiss,2,232,350,567
1199,beam,AF-A0ABD0N4J5-F1-model_v6,1.0,3.75e-10,683832.0,cellular organisms;Eukaryota;Opisthokonta;Metazoa;Eumetazoa;Bilateria;Deuterostomia;Chordata;Craniata;Vertebrata;Gnathostomata;Teleostomi;Euteleostomi;Actinopterygii;Actinopteri;Neopterygii;Teleostei;Osteoglossocephalai;Clupeocephala;Otomorpha;Ostariophysi;Otophysi;Cypriniphysae;Cypriniformes;Cyprinoidei;Cyprinidae;Labeoninae;Labeonini;Cirrhinus;Cirrhinus mrigala,2,224,350,574
1200,beam,AF-A0A3P7JHJ4-F1-model_v6,1.0,1.71e-08,40348.0,cellular organisms;Eukaryota;Opisthokonta;Metazoa;Eumetazoa;Bilateria;Protostomia;Ecdysozoa;Nematoda;Chromadorea;Rhabditida;Rhabditina;Rhabditomorpha;Strongyloidea;Strongylidae;Strongylus;Strongylus vulgaris,25,219,653,849
1201,beam,AF-A9UT35-F1-model_v6,1.0,3.42e-05,81824.0,cellular organisms;Eukaryota;Opisthokonta;Choanoflagellata;Craspedida;Salpingoecidae;Monosiga;Monosiga brevicollis,1,148,704,851
1202,beam,AF-A0A3P7DXQ6-F1-model_v6,1.0,6.34e-07,6293.0,cellular organisms;Eukaryota;Opisthokonta;Metazoa;Eumetazoa;Bilateria;Protostomia;Ecdysozoa;Nematoda;Chromadorea;Rhabditida;Spirurina;Spiruromorpha;Filarioidea;Onchocercidae;Wuchereria;Wuchereria bancrofti,2,214,634,852
1204,beam,AF-A0A820UGJ7-F1-model_v6,1.0,0.00773,392030.0,cellular organisms;Eukaryota;Opisthokonta;Metazoa;Eumetazoa;Bilateria;Protostomia;Spiralia;Gnathifera;Rotifera;Eurotatoria;Bdelloidea;Philodinida;Philodinidae;Rotaria;Rotaria magnacalcarata,1,69,784,852
1205,beam,AF-L1JJU6-F1-model_v6,1.0,0.000631,905079.0,cellular organisms;Eukaryota;Cryptophyceae;Pyrenomonadales;Geminigeraceae;Guillardia;Guillardia theta;Guillardia theta CCMP2712,2,148,703,851
1206,beam,MGYP003659983324,1.0,7.53e-09,28612.0,cellular organisms;Eukaryota;Opisthokonta;Metazoa;Eumetazoa;Bilateria;Protostomia;Ecdysozoa;Panarthropoda;Arthropoda;Mandibulata;Pancrustacea;Hexapoda;Insecta;Dicondylia;Pterygota;Neoptera;Endopterygota;Diptera;Brachycera;Muscomorpha;Eremoneura;Cyclorrhapha;Schizophora;Acalyptratae;Tephritoidea;Tephritidae;Trypetinae;Carpomyini;Carpomyina;Rhagoletis;Rhagoletis zephyria,2,208,646,852
1207,beam,AF-A0A5J5CCA7-F1-model_v6,1.0,1.78e-08,54343.0,cellular organisms;Eukaryota;Opisthokonta;Metazoa;Eumetazoa;Bilateria;Deuterostomia;Chordata;Craniata;Vertebrata;Gnathostomata;Teleostomi;Euteleostomi;Actinopterygii;Actinopteri;Neopterygii;Teleostei;Osteoglossocephalai;Clupeocephala;Euteleosteomorpha;Neoteleostei;Eurypterygia;Ctenosquamata;Acanthomorphata;Euacanthomorphacea;Percomorphaceae;Eupercaria;Perciformes;Percoidei;Percidae;Etheostomatinae;Etheostoma;Oligocephalus;Etheostoma spectabile,2,206,350,556
1208,beam,AF-A2Q5Z4-F1-model_v6,1.0,0.000355,3880.0,cellular organisms;Eukaryota;Viridiplantae;Streptophyta;Streptophytina;Embryophyta;Tracheophyta;Euphyllophyta;Spermatophyta;Magnoliopsida;Mesangiospermae;eudicotyledons;Gunneridae;Pentapetalae;rosids;fabids;Fabales;Fabaceae;Papilionoideae;50 kb inversion clade;NPAAA clade;Hologalegina;IRL clade;Trifolieae;Medicago;Medicago truncatula,11,168,702,852
1209,beam,AF-C3ZYD5-F1-model_v6,1.0,2.17e-05,7739.0,cellular organisms;Eukaryota;Opisthokonta;Metazoa;Eumetazoa;Bilateria;Deuterostomia;Chordata;Cephalochordata;Leptocardii;Amphioxiformes;Branchiostomatidae;Branchiostoma;Branchiostoma floridae,1,142,703,851
1210,beam,AF-A0A8D9EAQ3-F1-model_v6,1.0,0.0034,428564.0,cellular organisms;Eukaryota;Opisthokonta;Metazoa;Eumetazoa;Bilateria;Protostomia;Ecdysozoa;Panarthropoda;Arthropoda;Mandibulata;Pancrustacea;Hexapoda;Insecta;Dicondylia;Pterygota;Neoptera;Paraneoptera;Hemiptera;Sternorrhyncha;Psylloidea;Psyllidae;Psyllinae;Cacopsylla;Cacopsylla melanoneura,30,196,624,782
1211,beam,AF-A0A1Y3AKM2-F1-model_v6,1.0,7.24e-10,6958.0,cellular organisms;Eukaryota;Opisthokonta;Metazoa;Eumetazoa;Bilateria;Protostomia;Ecdysozoa;Panarthropoda;Arthropoda;Chelicerata;Arachnida;Acari;Acariformes;Sarcoptiformes;Astigmata;Psoroptidia;Analgoidea;Pyroglyphidae;Pyroglyphinae;Euroglyphus;Euroglyphus maynei,2,180,672,851
1212,beam,MGYP004149150687,1.0,0.0265,946362.0,cellular organisms;Eukaryota;Opisthokonta;Choanoflagellata;Craspedida;Salpingoecidae;Salpingoeca;Salpingoeca rosetta,13,163,365,504
1213,beam,AF-A0A183V7R9-F1-model_v6,1.0,4.03e-05,6265.0,cellular organisms;Eukaryota;Opisthokonta;Metazoa;Eumetazoa;Bilateria;Protostomia;Ecdysozoa;Nematoda;Chromadorea;Rhabditida;Spirurina;Ascaridomorpha;Ascaridoidea;Toxocaridae;Toxocara;Toxocara canis,2,126,368,496
1214,beam,AF-A0A1S4EIH6-F1-model_v6,1.0,5.65e-09,121845.0,cellular organisms;Eukaryota;Opisthokonta;Metazoa;Eumetazoa;Bilateria;Protostomia;Ecdysozoa;Panarthropoda;Arthropoda;Mandibulata;Pancrustacea;Hexapoda;Insecta;Dicondylia;Pterygota;Neoptera;Paraneoptera;Hemiptera;Sternorrhyncha;Psylloidea;Psyllidae;Diaphorininae;Diaphorina;Diaphorina citri,1,149,703,851
1215,beam,AF-A0A314UC08-F1-model_v6,1.0,0.00132,2094558.0,cellular organisms;Eukaryota;Viridiplantae;Streptophyta;Streptophytina;Embryophyta;Tracheophyta;Euphyllophyta;Spermatophyta;Magnoliopsida;Mesangiospermae;eudicotyledons;Gunneridae;Pentapetalae;rosids;fabids;Rosales;Rosaceae;Amygdaloideae;Amygdaleae;Prunus;Prunus yedoensis;Prunus yedoensis var. nudiflora,2,150,706,851
1216,beam,AF-A0A915CNU1-F1-model_v6,1.0,0.0288,166011.0,cellular organisms;Eukaryota;Opisthokonta;Metazoa;Eumetazoa;Bilateria;Protostomia;Ecdysozoa;Nematoda;Chromadorea;Rhabditida;Tylenchina;Tylenchomorpha;Sphaerularioidea;Anguinidae;Anguininae;Ditylenchus;Ditylenchus dipsaci,3,120,732,850
1217,beam,AF-A0A5K0XRD1-F1-model_v6,1.0,0.0155,210225.0,cellular organisms;Eukaryota;Viridiplantae;Streptophyta;Streptophytina;Embryophyta;Tracheophyta;Euphyllophyta;Spermatophyta;Magnoliopsida;Nymphaeales;Nymphaeaceae;Nymphaea;Nymphaea colorata,3,131,708,833
1218,beam,AF-A0A7S3NXD3-F1-model_v6,1.0,0.0107,5936.0,cellular organisms;Eukaryota;Sar;Alveolata;Ciliophora;Intramacronucleata;Spirotrichea;Hypotrichia;Euplotida;Euplotidae;Moneuplotes;Moneuplotes crassus,11,107,755,851
1219,beam,AF-A0A6A0H1N2-F1-model_v6,1.0,1.57e-05,294128.0,cellular organisms;Eukaryota;Opisthokonta;Metazoa;Eumetazoa;Bilateria;Protostomia;Ecdysozoa;Panarthropoda;Arthropoda;Mandibulata;Pancrustacea;Crustacea;Multicrustacea;Malacostraca;Eumalacostraca;Peracarida;Amphipoda;Senticaudata;Talitrida;Talitroidea;Hyalellidae;Hyalella;Hyalella azteca,4,120,372,493
1375,pore,AF-A0A132A596-F1-model_v6,1.0,3.17e-37,52283.0,cellular organisms;Eukaryota;Opisthokonta;Metazoa;Eumetazoa;Bilateria;Protostomia;Ecdysozoa;Panarthropoda;Arthropoda;Chelicerata;Arachnida;Acari;Acariformes;Sarcoptiformes;Astigmata;Psoroptidia;Sarcoptoidea;Sarcoptidae;Sarcoptinae;Sarcoptes;Sarcoptes scabiei,778,1168,2,365
1397,pore,AF-A0ABD2L1S8-F1-model_v6,1.0,6.93e-10,157864.0,cellular organisms;Eukaryota;Opisthokonta;Metazoa;Eumetazoa;Bilateria;Protostomia;Ecdysozoa;Nematoda;Chromadorea;Rhabditida;Tylenchina;Tylenchomorpha;Tylenchoidea;Heteroderidae;Heteroderinae;Heterodera;Heterodera trifolii,859,1060,5,192
1422,pore,AF-A0A812U4U4-F1-model_v6,1.0,2.01e-13,631055.0,cellular organisms;Eukaryota;Sar;Alveolata;Dinophyceae;Suessiales;Symbiodiniaceae;Symbiodinium;unclassified Symbiodinium;Symbiodinium sp. CCMP2592,556,975,8,364
1447,pore,3jac-assembly1_C,1.0,2.0100000000000002e-56,10090.0,cellular organisms;Eukaryota;Opisthokonta;Metazoa;Eumetazoa;Bilateria;Deuterostomia;Chordata;Craniata;Vertebrata;Gnathostomata;Teleostomi;Euteleostomi;Sarcopterygii;Dipnotetrapodomorpha;Tetrapoda;Amniota;Mammalia;Theria;Eutheria;Boreoeutheria;Euarchontoglires;Glires;Rodentia;Myomorpha;Muroidea;Muridae;Murinae;Mus;Mus;Mus musculus,560,918,2,362
1463,pore,AF-A0A812CG58-F1-model_v6,1.0,3.45e-17,158019.0,cellular organisms;Eukaryota;Opisthokonta;Metazoa;Eumetazoa;Bilateria;Protostomia;Spiralia;Lophotrochozoa;Mollusca;Cephalopoda;Coleoidea;Decapodiformes;Sepiida;Sepiina;Sepiidae;Acanthosepion;Acanthosepion pharaonis,651,876,144,365
1469,pore,AF-A0AAV2JTX8-F1-model_v6,1.0,1.66e-42,637954.0,cellular organisms;Eukaryota;Opisthokonta;Metazoa;Eumetazoa;Bilateria;Deuterostomia;Chordata;Craniata;Vertebrata;Gnathostomata;Teleostomi;Euteleostomi;Actinopterygii;Actinopteri;Neopterygii;Teleostei;Osteoglossocephalai;Clupeocephala;Euteleosteomorpha;Neoteleostei;Eurypterygia;Ctenosquamata;Acanthomorphata;Euacanthomorphacea;Percomorphaceae;Gobiaria;Gobiiformes;Gobioidei;Gobiidae;Gobiinae;Knipowitschia;Knipowitschia caucasica,484,850,2,365
1474,pore,AF-A0A1I7WEY3-F1-model_v6,1.0,1.79e-06,37862.0,cellular organisms;Eukaryota;Opisthokonta;Metazoa;Eumetazoa;Bilateria;Protostomia;Ecdysozoa;Nematoda;Chromadorea;Rhabditida;Rhabditina;Rhabditomorpha;Strongyloidea;Heterorhabditidae;Heterorhabditis;Heterorhabditis bacteriophora,705,838,224,365
1475,pore,AF-A0A7S0DDN7-F1-model_v6,1.0,1.88e-18,38833.0,cellular organisms;Eukaryota;Viridiplantae;Chlorophyta;Mamiellophyceae;Mamiellales;Mamiellaceae;Micromonas;Micromonas pusilla,391,801,5,363
1483,pore,AF-A0A7S3SFH1-F1-model_v6,1.0,8.47e-16,2903.0,cellular organisms;Eukaryota;Haptista;Haptophyta;Prymnesiophyceae;Isochrysidales;Noelaerhabdaceae;Emiliania;Emiliania huxleyi,470,801,5,310
1503,pore,AF-C5KDI0-F1-model_v6,1.0,3.42e-15,423536.0,cellular organisms;Eukaryota;Sar;Alveolata;Perkinsozoa;Perkinsea;Perkinsida;Perkinsidae;Perkinsus;Perkinsus marinus;Perkinsus marinus ATCC 50983,236,627,6,364
1513,pore,AF-A0A7R9P7Y6-F1-model_v6,1.0,9.02e-30,61474.0,cellular organisms;Eukaryota;Opisthokonta;Metazoa;Eumetazoa;Bilateria;Protostomia;Ecdysozoa;Panarthropoda;Arthropoda;Mandibulata;Pancrustacea;Hexapoda;Insecta;Dicondylia;Pterygota;Neoptera;Polyneoptera;Phasmatodea;Timematodea;Timematoidea;Timematidae;Timema;Timema californicum,160,696,2,365
1517,pore,AF-A0A8J4FRJ2-F1-model_v6,1.0,2.71e-15,1737510.0,cellular organisms;Eukaryota;Viridiplantae;Chlorophyta;core chlorophytes;Chlorophyceae;CS clade;Chlamydomonadales;Volvocaceae;Volvox;Volvox reticuliferus,29,699,5,365
1522,pore,AF-A0A7S1QMS3-F1-model_v6,1.0,5.32e-16,2925.0,cellular organisms;Eukaryota;Sar;Alveolata;Dinophyceae;Gonyaulacales;Pyrocystaceae;Alexandrium;Alexandrium catenella,242,626,8,364
1529,pore,AF-B8A8K1-F1-model_v6,1.0,2.32e-19,39946.0,cellular organisms;Eukaryota;Viridiplantae;Streptophyta;Streptophytina;Embryophyta;Tracheophyta;Euphyllophyta;Spermatophyta;Magnoliopsida;Mesangiospermae;Liliopsida;Petrosaviidae;commelinids;Poales;Poaceae;BOP clade;Oryzoideae;Oryzeae;Oryzinae;Oryza;Oryza sativa;Oryza sativa Indica Group,284,650,8,364
1533,pore,AF-A0A815BRI9-F1-model_v6,1.0,4.67e-26,433720.0,cellular organisms;Eukaryota;Opisthokonta;Metazoa;Eumetazoa;Bilateria;Protostomia;Spiralia;Gnathifera;Rotifera;Eurotatoria;Bdelloidea;Adinetida;Adinetidae;Adineta;Adineta steineri,206,638,32,365
1534,pore,AF-A0A1A8QVW0-F1-model_v6,1.0,1.82e-36,451742.0,cellular organisms;Eukaryota;Opisthokonta;Metazoa;Eumetazoa;Bilateria;Deuterostomia;Chordata;Craniata;Vertebrata;Gnathostomata;Teleostomi;Euteleostomi;Actinopterygii;Actinopteri;Neopterygii;Teleostei;Osteoglossocephalai;Clupeocephala;Euteleosteomorpha;Neoteleostei;Eurypterygia;Ctenosquamata;Acanthomorphata;Euacanthomorphacea;Percomorphaceae;Ovalentaria;Atherinomorphae;Cyprinodontiformes;Aplocheiloidei;Nothobranchiidae;Nothobranchius;Nothobranchius rachovii,297,612,2,353
1538,pore,AF-A0A1S0U302-F1-model_v6,1.0,5.92e-14,7209.0,cellular organisms;Eukaryota;Opisthokonta;Metazoa;Eumetazoa;Bilateria;Protostomia;Ecdysozoa;Nematoda;Chromadorea;Rhabditida;Spirurina;Spiruromorpha;Filarioidea;Onchocercidae;Loa;Loa loa,2,319,34,327
1539,pore,AF-H3H5Q4-F1-model_v6,1.0,1.9e-13,164328.0,cellular organisms;Eukaryota;Sar;Stramenopiles;Oomycota;Peronosporomycetes;Peronosporales;Peronosporaceae;Phytophthora;Phytophthora ramorum,168,480,9,365
1541,pore,AF-A0A8J4BF05-F1-model_v6,1.0,1.63e-05,51714.0,cellular organisms;Eukaryota;Viridiplantae;Chlorophyta;core chlorophytes;Chlorophyceae;CS clade;Chlamydomonadales;Volvocaceae;Volvox;Volvox africanus,116,622,99,365
1548,pore,AF-A0A813JU87-F1-model_v6,1.0,1.44e-17,89957.0,cellular organisms;Eukaryota;Sar;Alveolata;Dinophyceae;Suessiales;Suessiaceae;Polarella;Polarella glacialis,154,512,5,365
1549,pore,AF-A0A7S4UU07-F1-model_v6,1.0,1.2e-15,311494.0,cellular organisms;Eukaryota;Sar;Alveolata;Dinophyceae;Gonyaulacales;Pyrocystaceae;Alexandrium;Alexandrium monilatum,178,537,8,365
1552,pore,AF-A0AA88VRQ9-F1-model_v6,1.0,8.9e-14,1293975.0,cellular organisms;Eukaryota;Viridiplantae;Streptophyta;Streptophytina;Embryophyta;Tracheophyta;Euphyllophyta;Spermatophyta;Magnoliopsida;Mesangiospermae;eudicotyledons;Gunneridae;Pentapetalae;asterids;campanulids;Escalloniales;Escalloniaceae;Escallonia;Escallonia herrerae,220,510,7,365
1554,pore,AF-A0A812NIS7-F1-model_v6,1.0,1.63e-12,878477.0,cellular organisms;Eukaryota;Sar;Alveolata;Dinophyceae;Suessiales;Symbiodiniaceae;Symbiodinium;Symbiodinium natans,154,571,8,364
1555,pore,AF-A0A3R7KKV7-F1-model_v6,1.0,1.69e-20,5698.0,cellular organisms;Eukaryota;Discoba;Euglenozoa;Kinetoplastea;Metakinetoplastina;Trypanosomatida;Trypanosomatidae;Trypanosoma;Herpetosoma;Trypanosoma rangeli,157,543,4,364
1560,pore,AF-A0A444UXH8-F1-model_v6,1.0,1.9600000000000003e-21,7906.0,cellular organisms;Eukaryota;Opisthokonta;Metazoa;Eumetazoa;Bilateria;Deuterostomia;Chordata;Craniata;Vertebrata;Gnathostomata;Teleostomi;Euteleostomi;Actinopterygii;Actinopteri;Chondrostei;Acipenseriformes;Acipenseroidei;Acipenseridae;Acipenserinae;Acipenserini;Acipenser;Acipenser ruthenus,323,567,97,365
1561,pore,AF-A0AAV8VBX7-F1-model_v6,1.0,4.46e-35,1586481.0,cellular organisms;Eukaryota;Opisthokonta;Metazoa;Eumetazoa;Bilateria;Protostomia;Ecdysozoa;Panarthropoda;Arthropoda;Mandibulata;Pancrustacea;Hexapoda;Insecta;Dicondylia;Pterygota;Neoptera;Endopterygota;Coleoptera;Polyphaga;Cucujiformia;Chrysomeloidea;Cerambycidae;Lamiinae;Acanthocinini;Exocentrus;Exocentrus adspersus,179,557,2,365
1567,pore,AF-A0A7S4UXM8-F1-model_v6,1.0,0.0117,311494.0,cellular organisms;Eukaryota;Sar;Alveolata;Dinophyceae;Gonyaulacales;Pyrocystaceae;Alexandrium;Alexandrium monilatum,438,541,274,364
1568,pore,AF-A0A8S4DJ59-F1-model_v6,1.0,4.17e-33,51655.0,cellular organisms;Eukaryota;Opisthokonta;Metazoa;Eumetazoa;Bilateria;Protostomia;Ecdysozoa;Panarthropoda;Arthropoda;Mandibulata;Pancrustacea;Hexapoda;Insecta;Dicondylia;Pterygota;Neoptera;Endopterygota;Amphiesmenoptera;Lepidoptera;Glossata;Neolepidoptera;Heteroneura;Ditrysia;Yponomeutoidea;Plutellidae;Plutella;Plutella xylostella,104,548,2,365
1570,pore,AF-A0A8B9Q8Q4-F1-model_v6,1.0,3.1e-45,8824.0,cellular organisms;Eukaryota;Opisthokonta;Metazoa;Eumetazoa;Bilateria;Deuterostomia;Chordata;Craniata;Vertebrata;Gnathostomata;Teleostomi;Euteleostomi;Sarcopterygii;Dipnotetrapodomorpha;Tetrapoda;Amniota;Sauropsida;Sauria;Archelosauria;Archosauria;Dinosauria;Saurischia;Theropoda;Coelurosauria;Aves;Palaeognathae;Apterygiformes;Apterygidae;Apteryx;Apteryx owenii,24,302,1,275
1577,pore,AF-A0A183JCV8-F1-model_v6,1.0,1.47e-28,6186.0,cellular organisms;Eukaryota;Opisthokonta;Metazoa;Eumetazoa;Bilateria;Protostomia;Spiralia;Lophotrochozoa;Platyhelminthes;Trematoda;Digenea;Strigeidida;Schistosomatoidea;Schistosomatidae;Schistosoma;Schistosoma curassoni,37,446,2,364
1578,pore,AF-A0A8B9NCQ2-F1-model_v6,1.0,4.6599999999999996e-45,211598.0,cellular organisms;Eukaryota;Opisthokonta;Metazoa;Eumetazoa;Bilateria;Deuterostomia;Chordata;Craniata;Vertebrata;Gnathostomata;Teleostomi;Euteleostomi;Sarcopterygii;Dipnotetrapodomorpha;Tetrapoda;Amniota;Sauropsida;Sauria;Archelosauria;Archosauria;Dinosauria;Saurischia;Theropoda;Coelurosauria;Aves;Neognathae;Neoaves;Telluraves;Accipitrimorphae;Accipitriformes;Accipitridae;Accipitrinae;Accipiter;Accipiter nisus,22,299,2,275
1580,pore,AF-V8PBC7-F1-model_v6,1.0,7.29e-41,8665.0,cellular organisms;Eukaryota;Opisthokonta;Metazoa;Eumetazoa;Bilateria;Deuterostomia;Chordata;Craniata;Vertebrata;Gnathostomata;Teleostomi;Euteleostomi;Sarcopterygii;Dipnotetrapodomorpha;Tetrapoda;Amniota;Sauropsida;Sauria;Lepidosauria;Squamata;Bifurcata;Unidentata;Episquamata;Toxicofera;Serpentes;Colubroidea;Elapidae;Elapinae;Ophiophagus;Ophiophagus hannah,168,532,10,365
1581,pore,AF-A0A8J8P6A3-F1-model_v6,1.0,1.25e-18,5974.0,cellular organisms;Eukaryota;Sar;Alveolata;Ciliophora;Intramacronucleata;Spirotrichea;Stichotrichia;Sporadotrichida;Halteriidae;Halteria;Halteria grandinella,166,527,4,364
1584,pore,AF-B9EX20-F1-model_v6,1.0,2.83e-18,39947.0,cellular organisms;Eukaryota;Viridiplantae;Streptophyta;Streptophytina;Embryophyta;Tracheophyta;Euphyllophyta;Spermatophyta;Magnoliopsida;Mesangiospermae;Liliopsida;Petrosaviidae;commelinids;Poales;Poaceae;BOP clade;Oryzoideae;Oryzeae;Oryzinae;Oryza;Oryza sativa;Oryza sativa Japonica Group,160,520,3,364
1585,pore,AF-A0A915E5G3-F1-model_v6,1.0,1.53e-17,166011.0,cellular organisms;Eukaryota;Opisthokonta;Metazoa;Eumetazoa;Bilateria;Protostomia;Ecdysozoa;Nematoda;Chromadorea;Rhabditida;Tylenchina;Tylenchomorpha;Sphaerularioidea;Anguinidae;Anguininae;Ditylenchus;Ditylenchus dipsaci,5,324,45,365
1594,pore,AF-C5KPM3-F1-model_v6,1.0,2.24e-18,423536.0,cellular organisms;Eukaryota;Sar;Alveolata;Perkinsozoa;Perkinsea;Perkinsida;Perkinsidae;Perkinsus;Perkinsus marinus;Perkinsus marinus ATCC 50983,129,459,9,363
1595,pore,AF-A0A9Q1DAC4-F1-model_v6,1.0,2.62e-40,82655.0,cellular organisms;Eukaryota;Opisthokonta;Metazoa;Eumetazoa;Bilateria;Deuterostomia;Chordata;Craniata;Vertebrata;Gnathostomata;Teleostomi;Euteleostomi;Actinopterygii;Actinopteri;Neopterygii;Teleostei;Elopocephalai;Elopocephala;Elopomorpha;Anguilliformes;Congridae;Congrinae;Conger;Conger conger,48,497,2,365
1598,pore,AF-A0A8C5T3N5-F1-model_v6,1.0,9.28e-43,2593467.0,cellular organisms;Eukaryota;Opisthokonta;Metazoa;Eumetazoa;Bilateria;Deuterostomia;Chordata;Craniata;Vertebrata;Gnathostomata;Teleostomi;Euteleostomi;Sarcopterygii;Dipnotetrapodomorpha;Tetrapoda;Amniota;Sauropsida;Sauria;Archelosauria;Archosauria;Dinosauria;Saurischia;Theropoda;Coelurosauria;Aves;Neognathae;Neoaves;Telluraves;Australaves;Passeriformes;Meliphagoidea;Maluridae;Malurus;Malurus cyaneus;Malurus cyaneus samueli,1,279,4,281
1603,pore,AF-A0A4S8KCH8-F1-model_v6,1.0,2.87e-08,52838.0,cellular organisms;Eukaryota;Viridiplantae;Streptophyta;Streptophytina;Embryophyta;Tracheophyta;Euphyllophyta;Spermatophyta;Magnoliopsida;Mesangiospermae;Liliopsida;Petrosaviidae;commelinids;Zingiberales;Musaceae;Musa;Musa balbisiana,303,482,178,364
1605,pore,AF-A0A8J2AF74-F1-model_v6,1.0,0.00229,1410381.0,cellular organisms;Eukaryota;Sar;Alveolata;Dinophyceae;Syndiniales;Amoebophryaceae;Amoebophrya;unclassified Amoebophrya;Amoebophrya sp. A25,345,455,234,363
1609,pore,AF-A0A6V2RNV9-F1-model_v6,1.0,2.11e-18,2903.0,cellular organisms;Eukaryota;Haptista;Haptophyta;Prymnesiophyceae;Isochrysidales;Noelaerhabdaceae;Emiliania;Emiliania huxleyi,74,460,4,364
1610,pore,AF-A0A9L0IGU7-F1-model_v6,1.0,4.95e-52,9793.0,cellular organisms;Eukaryota;Opisthokonta;Metazoa;Eumetazoa;Bilateria;Deuterostomia;Chordata;Craniata;Vertebrata;Gnathostomata;Teleostomi;Euteleostomi;Sarcopterygii;Dipnotetrapodomorpha;Tetrapoda;Amniota;Mammalia;Theria;Eutheria;Boreoeutheria;Laurasiatheria;Perissodactyla;Equidae;Equus;Equus asinus,28,307,3,281
1611,pore,AF-A0A3B3S2L7-F1-model_v6,1.0,1e-39,1676925.0,cellular organisms;Eukaryota;Opisthokonta;Metazoa;Eumetazoa;Bilateria;Deuterostomia;Chordata;Craniata;Vertebrata;Gnathostomata;Teleostomi;Euteleostomi;Actinopterygii;Actinopteri;Neopterygii;Teleostei;Osteoglossocephalai;Osteoglossocephala;Osteoglossomorpha;Osteoglossiformes;Mormyridae;Paramormyrops;Paramormyrops kingsleyae,39,317,1,281
1612,pore,AF-A0A835TIG5-F1-model_v6,1.0,0.00229,2026947.0,cellular organisms;Eukaryota;Viridiplantae;Chlorophyta;core chlorophytes;Chlorophyceae;CS clade;Chlamydomonadales;Chlamydomonadaceae;Chlamydomonas;Chlamydomonas schloesseri,357,457,269,365
1613,pore,AF-A0A812V9B3-F1-model_v6,1.0,3.02e-13,2952.0,cellular organisms;Eukaryota;Sar;Alveolata;Dinophyceae;Suessiales;Symbiodiniaceae;Symbiodinium;Symbiodinium pilosum,13,292,109,362
1614,pore,AF-A0A060X1F1-F1-model_v6,1.0,7.26e-53,8022.0,cellular organisms;Eukaryota;Opisthokonta;Metazoa;Eumetazoa;Bilateria;Deuterostomia;Chordata;Craniata;Vertebrata;Gnathostomata;Teleostomi;Euteleostomi;Actinopterygii;Actinopteri;Neopterygii;Teleostei;Osteoglossocephalai;Clupeocephala;Euteleosteomorpha;Protacanthopterygii;Salmoniformes;Salmonidae;Salmoninae;Oncorhynchus;Oncorhynchus mykiss,81,447,2,364
1615,pore,AF-A0A7S1YB79-F1-model_v6,1.0,9.22e-22,1486929.0,cellular organisms;Eukaryota;Amoebozoa;Tubulinea;Elardia;Arcellinida;Arcellinida incertae sedis;Sexangularia;unclassified Sexangularia;Sexangularia sp. CB-2014,101,447,5,365
1616,pore,AF-A0ABC9HFG2-F1-model_v6,1.0,4.980000000000001e-21,6192.0,cellular organisms;Eukaryota;Opisthokonta;Metazoa;Eumetazoa;Bilateria;Protostomia;Spiralia;Lophotrochozoa;Platyhelminthes;Trematoda;Digenea;Plagiorchiida;Echinostomata;Echinostomatoidea;Fasciolidae;Fasciola;Fasciola hepatica,5,295,39,364
1617,pore,AF-A0AAD5QE39-F1-model_v6,1.0,1.74e-07,114742.0,cellular organisms;Eukaryota;Sar;Stramenopiles;Oomycota;Peronosporomycetes;Pythiales;Pythiaceae;Pythium;Pythium insidiosum,141,442,4,365
1618,pore,AF-A0AA36MTU3-F1-model_v6,1.0,1.44e-17,2562239.0,cellular organisms;Eukaryota;Sar;Alveolata;Dinophyceae;Suessiales;Symbiodiniaceae;Effrenium;Effrenium voratum,54,409,4,365
1620,pore,AF-A2EK50-F1-model_v6,1.0,1.39e-09,412133.0,cellular organisms;Eukaryota;Metamonada;Parabasalia;Trichomonadida;Trichomonadidae;Trichomonas;Trichomonas vaginalis;Trichomonas vaginalis G3,138,407,9,314
1623,pore,AF-A0A915PF84-F1-model_v6,1.0,1.73e-12,48799.0,cellular organisms;Eukaryota;Opisthokonta;Metazoa;Eumetazoa;Bilateria;Protostomia;Ecdysozoa;Nematoda;Chromadorea;Rhabditida;Spirurina;Spiruromorpha;Filarioidea;Setariidae;Setaria;Setaria digitata,99,432,2,364
1624,pore,AF-A0A8J4G296-F1-model_v6,1.0,0.000316,1737510.0,cellular organisms;Eukaryota;Viridiplantae;Chlorophyta;core chlorophytes;Chlorophyceae;CS clade;Chlamydomonadales;Volvocaceae;Volvox;Volvox reticuliferus,311,433,232,365
1626,pore,AF-A0A8C7ARI8-F1-model_v6,1.0,7.02e-52,452646.0,cellular organisms;Eukaryota;Opisthokonta;Metazoa;Eumetazoa;Bilateria;Deuterostomia;Chordata;Craniata;Vertebrata;Gnathostomata;Teleostomi;Euteleostomi;Sarcopterygii;Dipnotetrapodomorpha;Tetrapoda;Amniota;Mammalia;Theria;Eutheria;Boreoeutheria;Laurasiatheria;Carnivora;Caniformia;Musteloidea;Mustelidae;Mustelinae;Neogale;Neogale vison,25,300,1,275
1628,pore,AF-A0A7S1EWR7-F1-model_v6,1.0,8.98e-16,2966.0,cellular organisms;Eukaryota;Sar;Alveolata;Dinophyceae;Noctilucales;Noctilucaceae;Noctiluca;Noctiluca scintillans,31,391,2,365
1630,pore,AF-A0A7S4PQ97-F1-model_v6,1.0,1.42e-20,55529.0,cellular organisms;Eukaryota;Cryptophyceae;Pyrenomonadales;Geminigeraceae;Guillardia;Guillardia theta,40,421,5,365
1631,pore,AF-A2DG80-F1-model_v6,1.0,5.64e-16,412133.0,cellular organisms;Eukaryota;Metamonada;Parabasalia;Trichomonadida;Trichomonadidae;Trichomonas;Trichomonas vaginalis;Trichomonas vaginalis G3,31,352,19,362
1632,pore,AF-A0A914YPY7-F1-model_v6,1.0,2.58e-36,310955.0,cellular organisms;Eukaryota;Opisthokonta;Metazoa;Eumetazoa;Bilateria;Protostomia;Ecdysozoa;Nematoda;Chromadorea;Rhabditida;Tylenchina;Panagrolaimomorpha;Panagrolaimoidea;Panagrolaimidae;Panagrolaimus;Panagrolaimus superbus,49,421,2,365
1634,pore,AF-A0A422NU05-F1-model_v6,1.0,1.35e-08,5698.0,cellular organisms;Eukaryota;Discoba;Euglenozoa;Kinetoplastea;Metakinetoplastina;Trypanosomatida;Trypanosomatidae;Trypanosoma;Herpetosoma;Trypanosoma rangeli,121,377,6,257
1635,pore,AF-A0A7R9JSN2-F1-model_v6,1.0,6.96e-24,629358.0,cellular organisms;Eukaryota;Opisthokonta;Metazoa;Eumetazoa;Bilateria;Protostomia;Ecdysozoa;Panarthropoda;Arthropoda;Mandibulata;Pancrustacea;Hexapoda;Insecta;Dicondylia;Pterygota;Neoptera;Polyneoptera;Phasmatodea;Timematodea;Timematoidea;Timematidae;Timema;Timema genevievae,7,399,39,365
1636,pore,AF-A0A2I3H504-F1-model_v6,1.0,6.85e-53,61853.0,cellular organisms;Eukaryota;Opisthokonta;Metazoa;Eumetazoa;Bilateria;Deuterostomia;Chordata;Craniata;Vertebrata;Gnathostomata;Teleostomi;Euteleostomi;Sarcopterygii;Dipnotetrapodomorpha;Tetrapoda;Amniota;Mammalia;Theria;Eutheria;Boreoeutheria;Euarchontoglires;Primates;Haplorrhini;Simiiformes;Catarrhini;Hominoidea;Hylobatidae;Nomascus;Nomascus leucogenys,25,329,1,303
1637,pore,AF-A0A3B1KH08-F1-model_v6,1.0,1.45e-38,7994.0,cellular organisms;Eukaryota;Opisthokonta;Metazoa;Eumetazoa;Bilateria;Deuterostomia;Chordata;Craniata;Vertebrata;Gnathostomata;Teleostomi;Euteleostomi;Actinopterygii;Actinopteri;Neopterygii;Teleostei;Osteoglossocephalai;Clupeocephala;Otomorpha;Ostariophysi;Otophysi;Characiphysae;Characiformes;Characoidei;Acestrorhamphidae;Acestrorhamphinae;Astyanax;Astyanax mexicanus,29,300,2,275
1639,pore,AF-A0A671FE17-F1-model_v6,1.0,7.44e-52,59479.0,cellular organisms;Eukaryota;Opisthokonta;Metazoa;Eumetazoa;Bilateria;Deuterostomia;Chordata;Craniata;Vertebrata;Gnathostomata;Teleostomi;Euteleostomi;Sarcopterygii;Dipnotetrapodomorpha;Tetrapoda;Amniota;Mammalia;Theria;Eutheria;Boreoeutheria;Laurasiatheria;Chiroptera;Yinpterochiroptera;Rhinolophoidea;Rhinolophidae;Rhinolophinae;Rhinolophus;Rhinolophus ferrumequinum,13,286,3,275
1640,pore,AF-A0A9Q9XTV9-F1-model_v6,1.0,1.49e-44,7962.0,cellular organisms;Eukaryota;Opisthokonta;Metazoa;Eumetazoa;Bilateria;Deuterostomia;Chordata;Craniata;Vertebrata;Gnathostomata;Teleostomi;Euteleostomi;Actinopterygii;Actinopteri;Neopterygii;Teleostei;Osteoglossocephalai;Clupeocephala;Otomorpha;Ostariophysi;Otophysi;Cypriniphysae;Cypriniformes;Cyprinoidei;Cyprinidae;Cyprininae;Cyprinus;Cyprinus carpio,37,406,2,365
1641,pore,AF-A0A914WGQ3-F1-model_v6,1.0,9.2e-15,2011161.0,cellular organisms;Eukaryota;Opisthokonta;Metazoa;Eumetazoa;Bilateria;Protostomia;Ecdysozoa;Nematoda;Chromadorea;Plectida;Plectina;Plectoidea;Plectidae;Plectus;Plectus sambesii,8,345,75,365
1642,pore,AF-A0A7J7NWX6-F1-model_v6,1.0,6.61e-19,39325.0,cellular organisms;Eukaryota;Viridiplantae;Streptophyta;Streptophytina;Embryophyta;Tracheophyta;Euphyllophyta;Spermatophyta;Magnoliopsida;Mesangiospermae;Ranunculales;Circaeasteraceae;Kingdonia;Kingdonia uniflora,76,405,1,364
1645,pore,AF-A0AAW0JSN4-F1-model_v6,1.0,1.27e-15,58331.0,cellular organisms;Eukaryota;Viridiplantae;Streptophyta;Streptophytina;Embryophyta;Tracheophyta;Euphyllophyta;Spermatophyta;Magnoliopsida;Mesangiospermae;eudicotyledons;Gunneridae;Pentapetalae;rosids;fabids;Fagales;Fagaceae;Quercus;Quercus suber,144,399,76,364
1646,pore,AF-A0A3P9HVJ2-F1-model_v6,1.0,5.6399999999999994e-42,8090.0,cellular organisms;Eukaryota;Opisthokonta;Metazoa;Eumetazoa;Bilateria;Deuterostomia;Chordata;Craniata;Vertebrata;Gnathostomata;Teleostomi;Euteleostomi;Actinopterygii;Actinopteri;Neopterygii;Teleostei;Osteoglossocephalai;Clupeocephala;Euteleosteomorpha;Neoteleostei;Eurypterygia;Ctenosquamata;Acanthomorphata;Euacanthomorphacea;Percomorphaceae;Ovalentaria;Atherinomorphae;Beloniformes;Adrianichthyoidei;Adrianichthyidae;Oryziinae;Oryzias;Oryzias latipes,47,316,2,270
1647,pore,AF-A0A493SW24-F1-model_v6,1.0,3.6199999999999997e-34,8840.0,cellular organisms;Eukaryota;Opisthokonta;Metazoa;Eumetazoa;Bilateria;Deuterostomia;Chordata;Craniata;Vertebrata;Gnathostomata;Teleostomi;Euteleostomi;Sarcopterygii;Dipnotetrapodomorpha;Tetrapoda;Amniota;Sauropsida;Sauria;Archelosauria;Archosauria;Dinosauria;Saurischia;Theropoda;Coelurosauria;Aves;Neognathae;Galloanserae;Anseriformes;Anatidae;Anatinae;Anas;Anas platyrhynchos;Anas platyrhynchos platyrhynchos,16,269,2,275
1648,pore,AF-A0A8B8GK71-F1-model_v6,1.0,6.290000000000001e-21,143950.0,cellular organisms;Eukaryota;Opisthokonta;Metazoa;Eumetazoa;Bilateria;Protostomia;Ecdysozoa;Panarthropoda;Arthropoda;Mandibulata;Pancrustacea;Hexapoda;Insecta;Dicondylia;Pterygota;Neoptera;Paraneoptera;Hemiptera;Sternorrhyncha;Aphidomorpha;Aphidoidea;Aphididae;Chaitophorinae;Sipha;Sipha flava,37,386,2,327
1649,pore,AF-A0A8D3AW86-F1-model_v6,1.0,5.69e-18,52904.0,cellular organisms;Eukaryota;Opisthokonta;Metazoa;Eumetazoa;Bilateria;Deuterostomia;Chordata;Craniata;Vertebrata;Gnathostomata;Teleostomi;Euteleostomi;Actinopterygii;Actinopteri;Neopterygii;Teleostei;Osteoglossocephalai;Clupeocephala;Euteleosteomorpha;Neoteleostei;Eurypterygia;Ctenosquamata;Acanthomorphata;Euacanthomorphacea;Percomorphaceae;Carangaria;Pleuronectiformes;Pleuronectoidei;Scophthalmidae;Scophthalmus;Scophthalmus maximus,63,248,2,217
1650,pore,AF-A0A7S1JCB0-F1-model_v6,1.0,7.47e-14,73025.0,cellular organisms;Eukaryota;Discoba;Euglenozoa;Euglenida;Spirocuta;Euglenophyceae;Eutreptiales;Eutreptiaceae;Eutreptiella;Eutreptiella gymnastica,6,321,69,364
1651,pore,AF-E4Z1J3-F1-model_v6,1.0,1.1e-28,34765.0,cellular organisms;Eukaryota;Opisthokonta;Metazoa;Eumetazoa;Bilateria;Deuterostomia;Chordata;Tunicata;Appendicularia;Copelata;Oikopleuridae;Oikopleura;Oikopleura dioica,2,377,32,365
1652,pore,AF-A0A9N9MJ65-F1-model_v6,1.0,7.8e-17,467358.0,cellular organisms;Eukaryota;Opisthokonta;Metazoa;Eumetazoa;Bilateria;Protostomia;Ecdysozoa;Panarthropoda;Arthropoda;Mandibulata;Pancrustacea;Hexapoda;Insecta;Dicondylia;Pterygota;Neoptera;Endopterygota;Coleoptera;Polyphaga;Cucujiformia;Curculionoidea;Curculionidae;Ceutorhynchinae;Ceutorhynchus;Ceutorhynchus assimilis,55,372,72,365
1653,pore,AF-A0A452S1I9-F1-model_v6,1.0,7.44e-52,9643.0,cellular organisms;Eukaryota;Opisthokonta;Metazoa;Eumetazoa;Bilateria;Deuterostomia;Chordata;Craniata;Vertebrata;Gnathostomata;Teleostomi;Euteleostomi;Sarcopterygii;Dipnotetrapodomorpha;Tetrapoda;Amniota;Mammalia;Theria;Eutheria;Boreoeutheria;Laurasiatheria;Carnivora;Caniformia;Ursidae;Ursus;Ursus americanus,41,321,2,281
1654,pore,AF-A0A9P0DL10-F1-model_v6,1.0,1.45e-24,467358.0,cellular organisms;Eukaryota;Opisthokonta;Metazoa;Eumetazoa;Bilateria;Protostomia;Ecdysozoa;Panarthropoda;Arthropoda;Mandibulata;Pancrustacea;Hexapoda;Insecta;Dicondylia;Pterygota;Neoptera;Endopterygota;Coleoptera;Polyphaga;Cucujiformia;Curculionoidea;Curculionidae;Ceutorhynchinae;Ceutorhynchus;Ceutorhynchus assimilis,2,366,24,365
1655,pore,AF-A0A182SZF9-F1-model_v6,1.0,1.46e-33,74869.0,cellular organisms;Eukaryota;Opisthokonta;Metazoa;Eumetazoa;Bilateria;Protostomia;Ecdysozoa;Panarthropoda;Arthropoda;Mandibulata;Pancrustacea;Hexapoda;Insecta;Dicondylia;Pterygota;Neoptera;Endopterygota;Diptera;Nematocera;Culicomorpha;Culicoidea;Culicidae;Anophelinae;Anopheles;Cellia;Neocellia;Anopheles maculatus group;Anopheles maculatus,2,356,24,365
1656,pore,AF-A0A2I0LGP8-F1-model_v6,1.0,6.58e-31,8932.0,cellular organisms;Eukaryota;Opisthokonta;Metazoa;Eumetazoa;Bilateria;Deuterostomia;Chordata;Craniata;Vertebrata;Gnathostomata;Teleostomi;Euteleostomi;Sarcopterygii;Dipnotetrapodomorpha;Tetrapoda;Amniota;Sauropsida;Sauria;Archelosauria;Archosauria;Dinosauria;Saurischia;Theropoda;Coelurosauria;Aves;Neognathae;Neoaves;Columbimorphae;Columbiformes;Columbidae;Columba;Columba livia,99,375,2,365
1657,pore,AF-X6NFA2-F1-model_v6,1.0,3.94e-14,46433.0,cellular organisms;Eukaryota;Sar;Rhizaria;Retaria;Foraminifera;Monothalamids;Reticulomyxidae;Reticulomyxa;Reticulomyxa filosa,50,326,99,365
1658,pore,AF-A0A7S3VRT4-F1-model_v6,1.0,3.94e-14,3047.0,cellular organisms;Eukaryota;Viridiplantae;Chlorophyta;core chlorophytes;Chlorophyceae;CS clade;Chlamydomonadales;Dunaliellaceae;Dunaliella;Dunaliella tertiolecta,22,370,100,365
1660,pore,AF-D8M022-F1-model_v6,1.0,1.06e-13,12968.0,cellular organisms;Eukaryota;Sar;Stramenopiles;Bigyra;Opalozoa;Opalinata;Blastocystidae;Blastocystis;Blastocystis hominis,52,323,5,278
1661,pore,AF-A0AAX6I646-F1-model_v6,1.0,8.7e-22,29817.0,cellular organisms;Eukaryota;Viridiplantae;Streptophyta;Streptophytina;Embryophyta;Tracheophyta;Euphyllophyta;Spermatophyta;Magnoliopsida;Mesangiospermae;Liliopsida;Petrosaviidae;Asparagales;Iridaceae;Iridoideae;Irideae;Iris;Iris pallida,27,364,4,364
1662,pore,AF-A0A915JYQ0-F1-model_v6,1.0,2.67e-18,13658.0,cellular organisms;Eukaryota;Opisthokonta;Metazoa;Eumetazoa;Bilateria;Protostomia;Ecdysozoa;Nematoda;Enoplea;Dorylaimia;Mermithida;Mermithoidea;Mermithidae;Romanomermis;Romanomermis culicivorax,8,357,95,365
1663,pore,AF-A0ABD2HDG7-F1-model_v6,1.0,1.79e-39,8213.0,cellular organisms;Eukaryota;Opisthokonta;Metazoa;Eumetazoa;Bilateria;Deuterostomia;Chordata;Craniata;Vertebrata;Gnathostomata;Teleostomi;Euteleostomi;Actinopterygii;Actinopteri;Neopterygii;Teleostei;Osteoglossocephalai;Clupeocephala;Euteleosteomorpha;Neoteleostei;Eurypterygia;Ctenosquamata;Acanthomorphata;Euacanthomorphacea;Percomorphaceae;Eupercaria;Perciformes;Notothenioidei;Nototheniidae;Pagothenia;Pagothenia borchgrevinki,1,357,19,365
1664,pore,AF-A0A3Q2NQ12-F1-model_v6,1.0,1.72e-17,8078.0,cellular organisms;Eukaryota;Opisthokonta;Metazoa;Eumetazoa;Bilateria;Deuterostomia;Chordata;Craniata;Vertebrata;Gnathostomata;Teleostomi;Euteleostomi;Actinopterygii;Actinopteri;Neopterygii;Teleostei;Osteoglossocephalai;Clupeocephala;Euteleosteomorpha;Neoteleostei;Eurypterygia;Ctenosquamata;Acanthomorphata;Euacanthomorphacea;Percomorphaceae;Ovalentaria;Atherinomorphae;Cyprinodontiformes;Cyprinodontoidei;Fundulidae;Fundulus;Fundulus heteroclitus,43,299,2,275
1665,pore,AF-A0A8C5MLX6-F1-model_v6,1.0,6.55e-43,445787.0,cellular organisms;Eukaryota;Opisthokonta;Metazoa;Eumetazoa;Bilateria;Deuterostomia;Chordata;Craniata;Vertebrata;Gnathostomata;Teleostomi;Euteleostomi;Sarcopterygii;Dipnotetrapodomorpha;Tetrapoda;Amphibia;Batrachia;Anura;Pelobatoidea;Megophryidae;Leptobrachium;Leptobrachium leishanense,16,300,2,281
1666,pore,AF-A0A2P6NPF4-F1-model_v6,1.0,2.28e-22,1890364.0,cellular organisms;Eukaryota;Amoebozoa;Evosea;Variosea;Cavosteliida;Cavosteliaceae;Planoprotostelium;Planoprotostelium fungivorum,20,353,5,365
1667,pore,AF-A0A6P8KJ82-F1-model_v6,1.0,3.59e-13,7226.0,cellular organisms;Eukaryota;Opisthokonta;Metazoa;Eumetazoa;Bilateria;Protostomia;Ecdysozoa;Panarthropoda;Arthropoda;Mandibulata;Pancrustacea;Hexapoda;Insecta;Dicondylia;Pterygota;Neoptera;Endopterygota;Diptera;Brachycera;Muscomorpha;Eremoneura;Cyclorrhapha;Schizophora;Acalyptratae;Ephydroidea;Drosophilidae;Drosophilinae;Drosophilini;Drosophila;Sophophora;melanogaster group;melanogaster subgroup;Drosophila mauritiana,131,338,2,215
1668,pore,AF-A0A9Q0P2S2-F1-model_v6,1.0,1.51e-20,77065.0,cellular organisms;Eukaryota;Viridiplantae;Streptophyta;Streptophytina;Embryophyta;Tracheophyta;Euphyllophyta;Spermatophyta;Magnoliopsida;Mesangiospermae;eudicotyledons;Gunneridae;Pentapetalae;rosids;fabids;Malpighiales;Salicaceae;Saliceae;Salix;Salix purpurea,1,347,3,364
1669,pore,AF-A0AAY4CM27-F1-model_v6,1.0,3.66e-17,299321.0,cellular organisms;Eukaryota;Opisthokonta;Metazoa;Eumetazoa;Bilateria;Deuterostomia;Chordata;Craniata;Vertebrata;Gnathostomata;Teleostomi;Euteleostomi;Actinopterygii;Actinopteri;Neopterygii;Teleostei;Osteoglossocephalai;Clupeocephala;Otomorpha;Clupei;Clupeiformes;Denticipitoidei;Denticipitidae;Denticeps;Denticeps clupeoides,19,251,2,274
1670,pore,AF-A0A8B9FE59-F1-model_v6,1.0,2.01e-20,241587.0,cellular organisms;Eukaryota;Opisthokonta;Metazoa;Eumetazoa;Bilateria;Deuterostomia;Chordata;Craniata;Vertebrata;Gnathostomata;Teleostomi;Euteleostomi;Sarcopterygii;Dipnotetrapodomorpha;Tetrapoda;Amniota;Sauropsida;Sauria;Archelosauria;Archosauria;Dinosauria;Saurischia;Theropoda;Coelurosauria;Aves;Neognathae;Neoaves;Telluraves;Australaves;Psittaciformes;Psittacidae;Amazona;Amazona collaria,17,241,3,257
1671,pore,AF-A0A8D0GQJ7-F1-model_v6,1.0,3.27e-24,8508.0,cellular organisms;Eukaryota;Opisthokonta;Metazoa;Eumetazoa;Bilateria;Deuterostomia;Chordata;Craniata;Vertebrata;Gnathostomata;Teleostomi;Euteleostomi;Sarcopterygii;Dipnotetrapodomorpha;Tetrapoda;Amniota;Sauropsida;Sauria;Lepidosauria;Sphenodontia;Sphenodontidae;Sphenodon;Sphenodon punctatus,26,266,2,275
1672,pore,AF-G0R103-F1-model_v6,1.0,1.21e-10,5932.0,cellular organisms;Eukaryota;Sar;Alveolata;Ciliophora;Intramacronucleata;Oligohymenophorea;Hymenostomatida;Ophryoglenina;Ichthyophthirius;Ichthyophthirius multifiliis,8,307,77,363
1673,pore,MGYP002649313278,1.0,2.94e-26,59818.0,cellular organisms;Eukaryota;Opisthokonta;Metazoa;Eumetazoa;Bilateria;Protostomia;Ecdysozoa;Panarthropoda;Arthropoda;Chelicerata;Arachnida;Acari;Acariformes;Sarcoptiformes;Astigmata;Acaroidea;Acaridae;Tyrophaginae;Tyrophagus;Tyrophagus putrescentiae,2,334,28,336
1674,pore,AF-A0A2Z6N3P0-F1-model_v6,1.0,1.48e-16,3900.0,cellular organisms;Eukaryota;Viridiplantae;Streptophyta;Streptophytina;Embryophyta;Tracheophyta;Euphyllophyta;Spermatophyta;Magnoliopsida;Mesangiospermae;eudicotyledons;Gunneridae;Pentapetalae;rosids;fabids;Fabales;Fabaceae;Papilionoideae;50 kb inversion clade;NPAAA clade;Hologalegina;IRL clade;Trifolieae;Trifolium;Trifolium subterraneum,6,294,43,346
1675,pore,AF-A0A670I0W2-F1-model_v6,1.0,9e-23,64176.0,cellular organisms;Eukaryota;Opisthokonta;Metazoa;Eumetazoa;Bilateria;Deuterostomia;Chordata;Craniata;Vertebrata;Gnathostomata;Teleostomi;Euteleostomi;Sarcopterygii;Dipnotetrapodomorpha;Tetrapoda;Amniota;Sauropsida;Sauria;Lepidosauria;Squamata;Bifurcata;Unidentata;Episquamata;Laterata;Lacertibaenia;Lacertidae;Lacertinae;Podarcis;Podarcis muralis,25,315,2,282
1676,pore,AF-A0A448XN67-F1-model_v6,1.0,8.8e-05,117903.0,cellular organisms;Eukaryota;Opisthokonta;Metazoa;Eumetazoa;Bilateria;Protostomia;Spiralia;Lophotrochozoa;Platyhelminthes;Monogenea;Polyopisthocotylea;Polystomatidea;Polystomatidae;Protopolystoma;Protopolystoma xenopodis,1,84,281,364
1678,pore,AF-A0A5C6PG30-F1-model_v6,1.0,7.27e-34,433684.0,cellular organisms;Eukaryota;Opisthokonta;Metazoa;Eumetazoa;Bilateria;Deuterostomia;Chordata;Craniata;Vertebrata;Gnathostomata;Teleostomi;Euteleostomi;Actinopterygii;Actinopteri;Neopterygii;Teleostei;Osteoglossocephalai;Clupeocephala;Euteleosteomorpha;Neoteleostei;Eurypterygia;Ctenosquamata;Acanthomorphata;Euacanthomorphacea;Percomorphaceae;Eupercaria;Tetraodontiformes;Tetraodontoidei;Tetradontoidea;Tetraodontidae;Takifugu;Takifugu flavidus,1,319,79,364
1679,pore,AF-A0A3Q3DY68-F1-model_v6,1.0,6.08e-20,109280.0,cellular organisms;Eukaryota;Opisthokonta;Metazoa;Eumetazoa;Bilateria;Deuterostomia;Chordata;Craniata;Vertebrata;Gnathostomata;Teleostomi;Euteleostomi;Actinopterygii;Actinopteri;Neopterygii;Teleostei;Osteoglossocephalai;Clupeocephala;Euteleosteomorpha;Neoteleostei;Eurypterygia;Ctenosquamata;Acanthomorphata;Euacanthomorphacea;Percomorphaceae;Syngnathiaria;Syngnathiformes;Syngnathoidei;Syngnathidae;Hippocampinae;Hippocampus;Hippocampus comes,17,252,1,275
1680,pore,AF-A0AAV7Y6B6-F1-model_v6,1.0,1.3100000000000002e-21,1746091.0,cellular organisms;Eukaryota;Metamonada;Anaeramoebidae;Anaeramoeba;Anaeramoeba flamelloides,5,304,42,362
1681,pore,AF-A0A3P8GGU4-F1-model_v6,1.0,4.89e-10,27848.0,cellular organisms;Eukaryota;Opisthokonta;Metazoa;Eumetazoa;Bilateria;Protostomia;Spiralia;Lophotrochozoa;Platyhelminthes;Trematoda;Digenea;Plagiorchiida;Echinostomata;Echinostomatoidea;Echinostomatidae;Echinostoma;Echinostoma caproni,2,221,175,364
1682,pore,AF-G0QNI8-F1-model_v6,1.0,8.39e-14,5932.0,cellular organisms;Eukaryota;Sar;Alveolata;Ciliophora;Intramacronucleata;Oligohymenophorea;Hymenostomatida;Ophryoglenina;Ichthyophthirius;Ichthyophthirius multifiliis,3,298,51,363
1683,pore,AF-A0A672LET4-F1-model_v6,1.0,1.54e-19,75366.0,cellular organisms;Eukaryota;Opisthokonta;Metazoa;Eumetazoa;Bilateria;Deuterostomia;Chordata;Craniata;Vertebrata;Gnathostomata;Teleostomi;Euteleostomi;Actinopterygii;Actinopteri;Neopterygii;Teleostei;Osteoglossocephalai;Clupeocephala;Otomorpha;Ostariophysi;Otophysi;Cypriniphysae;Cypriniformes;Cyprinoidei;Cyprinidae;Cyprininae;Sinocyclocheilus;Sinocyclocheilus grahami,15,239,2,257
1684,pore,AF-A0A9P0DN28-F1-model_v6,1.0,4.43e-14,467358.0,cellular organisms;Eukaryota;Opisthokonta;Metazoa;Eumetazoa;Bilateria;Protostomia;Ecdysozoa;Panarthropoda;Arthropoda;Mandibulata;Pancrustacea;Hexapoda;Insecta;Dicondylia;Pterygota;Neoptera;Endopterygota;Coleoptera;Polyphaga;Cucujiformia;Curculionoidea;Curculionidae;Ceutorhynchinae;Ceutorhynchus;Ceutorhynchus assimilis,1,309,105,364
1685,pore,AF-A0ABD2I307-F1-model_v6,1.0,8.53e-11,97005.0,cellular organisms;Eukaryota;Opisthokonta;Metazoa;Eumetazoa;Bilateria;Protostomia;Ecdysozoa;Nematoda;Chromadorea;Rhabditida;Tylenchina;Tylenchomorpha;Tylenchoidea;Heteroderidae;Heteroderinae;Heterodera;Heterodera schachtii,61,286,1,218
1686,pore,AF-A0A3Q1FWF1-F1-model_v6,1.0,7.440000000000001e-26,80966.0,cellular organisms;Eukaryota;Opisthokonta;Metazoa;Eumetazoa;Bilateria;Deuterostomia;Chordata;Craniata;Vertebrata;Gnathostomata;Teleostomi;Euteleostomi;Actinopterygii;Actinopteri;Neopterygii;Teleostei;Osteoglossocephalai;Clupeocephala;Euteleosteomorpha;Neoteleostei;Eurypterygia;Ctenosquamata;Acanthomorphata;Euacanthomorphacea;Percomorphaceae;Ovalentaria;Ovalentaria incertae sedis;Pomacentridae;Acanthochromis;Acanthochromis polyacanthus,2,211,69,275
1687,pore,AF-A0A3Q3AJ54-F1-model_v6,1.0,3.18e-18,37003.0,cellular organisms;Eukaryota;Opisthokonta;Metazoa;Eumetazoa;Bilateria;Deuterostomia;Chordata;Craniata;Vertebrata;Gnathostomata;Teleostomi;Euteleostomi;Actinopterygii;Actinopteri;Neopterygii;Teleostei;Osteoglossocephalai;Clupeocephala;Euteleosteomorpha;Neoteleostei;Eurypterygia;Ctenosquamata;Acanthomorphata;Euacanthomorphacea;Percomorphaceae;Ovalentaria;Atherinomorphae;Cyprinodontiformes;Aplocheiloidei;Rivulidae;Kryptolebias;Kryptolebias marmoratus,55,295,2,275
1688,pore,AF-A0A822CMU4-F1-model_v6,1.0,6.61e-19,2762511.0,cellular organisms;Eukaryota;Opisthokonta;Metazoa;Eumetazoa;Bilateria;Protostomia;Spiralia;Gnathifera;Rotifera;Eurotatoria;Bdelloidea;Philodinida;Philodinidae;Rotaria;unclassified Rotaria;Rotaria sp. Silwood1,41,310,4,257
1689,pore,AF-A0AAR5PBX4-F1-model_v6,1.0,2.22e-16,77166.0,cellular organisms;Eukaryota;Opisthokonta;Metazoa;Eumetazoa;Bilateria;Protostomia;Ecdysozoa;Panarthropoda;Arthropoda;Mandibulata;Pancrustacea;Hexapoda;Insecta;Dicondylia;Pterygota;Neoptera;Endopterygota;Coleoptera;Polyphaga;Cucujiformia;Curculionoidea;Curculionidae;Scolytinae;Dendroctonus;Dendroctonus ponderosae,23,315,5,267
1690,pore,AF-A0A8C6X240-F1-model_v6,1.0,2.69e-20,35670.0,cellular organisms;Eukaryota;Opisthokonta;Metazoa;Eumetazoa;Bilateria;Deuterostomia;Chordata;Craniata;Vertebrata;Gnathostomata;Teleostomi;Euteleostomi;Sarcopterygii;Dipnotetrapodomorpha;Tetrapoda;Amniota;Sauropsida;Sauria;Lepidosauria;Squamata;Bifurcata;Unidentata;Episquamata;Toxicofera;Serpentes;Colubroidea;Elapidae;Elapinae;Naja;Naja naja,11,271,2,276
1691,pore,AF-A0A835EC10-F1-model_v6,1.0,4.93e-12,1010633.0,cellular organisms;Eukaryota;Viridiplantae;Streptophyta;Streptophytina;Embryophyta;Tracheophyta;Euphyllophyta;Spermatophyta;Magnoliopsida;Mesangiospermae;Liliopsida;Petrosaviidae;commelinids;Poales;Poaceae;PACMAD clade;Panicoideae;Panicodae;Paniceae;Anthephorinae;Digitaria;Digitaria exilis,46,314,4,364
1692,pore,AF-A0A2N9GWI9-F1-model_v6,1.0,8.62e-20,28930.0,cellular organisms;Eukaryota;Viridiplantae;Streptophyta;Streptophytina;Embryophyta;Tracheophyta;Euphyllophyta;Spermatophyta;Magnoliopsida;Mesangiospermae;eudicotyledons;Gunneridae;Pentapetalae;rosids;fabids;Fagales;Fagaceae;Fagus;Fagus sylvatica,6,311,43,364
1693,pore,AF-A0AAN8UI32-F1-model_v6,1.0,3.3e-07,194707.0,cellular organisms;Eukaryota;Viridiplantae;Streptophyta;Streptophytina;Embryophyta;Tracheophyta;Euphyllophyta;Spermatophyta;Magnoliopsida;Mesangiospermae;eudicotyledons;Gunneridae;Pentapetalae;Dilleniales;Dilleniaceae;Dillenia;Dillenia turbinata,20,311,8,364
1694,pore,AF-A0A667XLI8-F1-model_v6,1.0,3.84e-15,586833.0,cellular organisms;Eukaryota;Opisthokonta;Metazoa;Eumetazoa;Bilateria;Deuterostomia;Chordata;Craniata;Vertebrata;Gnathostomata;Teleostomi;Euteleostomi;Actinopterygii;Actinopteri;Neopterygii;Teleostei;Osteoglossocephalai;Clupeocephala;Euteleosteomorpha;Neoteleostei;Eurypterygia;Ctenosquamata;Acanthomorphata;Euacanthomorphacea;Holocentrimorphaceae;Holocentriformes;Holocentridae;Myripristinae;Myripristis;Myripristis murdjan,27,268,2,274
1695,pore,AF-A0A7S1W7Y5-F1-model_v6,1.0,4.39e-12,2925.0,cellular organisms;Eukaryota;Sar;Alveolata;Dinophyceae;Gonyaulacales;Pyrocystaceae;Alexandrium;Alexandrium catenella,8,290,76,365
1696,pore,AF-A0A7R8VU54-F1-model_v6,1.0,3.09e-12,61478.0,cellular organisms;Eukaryota;Opisthokonta;Metazoa;Eumetazoa;Bilateria;Protostomia;Ecdysozoa;Panarthropoda;Arthropoda;Mandibulata;Pancrustacea;Hexapoda;Insecta;Dicondylia;Pterygota;Neoptera;Polyneoptera;Phasmatodea;Timematodea;Timematoidea;Timematidae;Timema;Timema douglasi,1,255,87,352
1697,pore,AF-A0A3Q4I3S6-F1-model_v6,1.0,2.1299999999999998e-39,32507.0,cellular organisms;Eukaryota;Opisthokonta;Metazoa;Eumetazoa;Bilateria;Deuterostomia;Chordata;Craniata;Vertebrata;Gnathostomata;Teleostomi;Euteleostomi;Actinopterygii;Actinopteri;Neopterygii;Teleostei;Osteoglossocephalai;Clupeocephala;Euteleosteomorpha;Neoteleostei;Eurypterygia;Ctenosquamata;Acanthomorphata;Euacanthomorphacea;Percomorphaceae;Ovalentaria;Cichlomorphae;Cichliformes;Cichlidae;African cichlids;Pseudocrenilabrinae;Lamprologini;Neolamprologus;Neolamprologus brichardi,22,289,2,275
1698,pore,AF-A0ABD2M940-F1-model_v6,1.0,2.47e-07,157864.0,cellular organisms;Eukaryota;Opisthokonta;Metazoa;Eumetazoa;Bilateria;Protostomia;Ecdysozoa;Nematoda;Chromadorea;Rhabditida;Tylenchina;Tylenchomorpha;Tylenchoidea;Heteroderidae;Heteroderinae;Heterodera;Heterodera trifolii,62,230,3,171
1699,pore,AF-A0A8C6U9M5-F1-model_v6,1.0,3.82e-20,47308.0,cellular organisms;Eukaryota;Opisthokonta;Metazoa;Eumetazoa;Bilateria;Deuterostomia;Chordata;Craniata;Vertebrata;Gnathostomata;Teleostomi;Euteleostomi;Actinopterygii;Actinopteri;Neopterygii;Teleostei;Osteoglossocephalai;Clupeocephala;Euteleosteomorpha;Neoteleostei;Eurypterygia;Ctenosquamata;Acanthomorphata;Euacanthomorphacea;Percomorphaceae;Gobiaria;Gobiiformes;Gobioidei;Gobiidae;Benthophilinae;Neogobiini;Neogobius;Neogobius melanostomus,9,255,3,274
1700,pore,AF-A0A974HE65-F1-model_v6,1.0,1.6800000000000002e-32,8355.0,cellular organisms;Eukaryota;Opisthokonta;Metazoa;Eumetazoa;Bilateria;Deuterostomia;Chordata;Craniata;Vertebrata;Gnathostomata;Teleostomi;Euteleostomi;Sarcopterygii;Dipnotetrapodomorpha;Tetrapoda;Amphibia;Batrachia;Anura;Pipoidea;Pipidae;Xenopodinae;Xenopus;Xenopus;Xenopus laevis,1,298,69,365
1701,pore,AF-D8RUP5-F1-model_v6,1.0,2.74e-17,88036.0,cellular organisms;Eukaryota;Viridiplantae;Streptophyta;Streptophytina;Embryophyta;Tracheophyta;Lycopodiopsida;Selaginellales;Selaginellaceae;Selaginella;Selaginella moellendorffii,15,298,33,364
1702,pore,AF-A0A8K9Y235-F1-model_v6,1.0,1.6e-20,8022.0,cellular organisms;Eukaryota;Opisthokonta;Metazoa;Eumetazoa;Bilateria;Deuterostomia;Chordata;Craniata;Vertebrata;Gnathostomata;Teleostomi;Euteleostomi;Actinopterygii;Actinopteri;Neopterygii;Teleostei;Osteoglossocephalai;Clupeocephala;Euteleosteomorpha;Protacanthopterygii;Salmoniformes;Salmonidae;Salmoninae;Oncorhynchus;Oncorhynchus mykiss,13,244,2,270
1703,pore,AF-A0A811PEE6-F1-model_v6,1.0,7.34e-10,422564.0,cellular organisms;Eukaryota;Viridiplantae;Streptophyta;Streptophytina;Embryophyta;Tracheophyta;Euphyllophyta;Spermatophyta;Magnoliopsida;Mesangiospermae;Liliopsida;Petrosaviidae;commelinids;Poales;Poaceae;PACMAD clade;Panicoideae;Andropogonodae;Andropogoneae;Saccharinae;Miscanthus;Miscanthus lutarioriparius,2,271,15,365
1704,pore,AF-A0A7S1QN45-F1-model_v6,1.0,1.19e-06,312471.0,cellular organisms;Eukaryota;Discoba;Euglenozoa;Kinetoplastea;Metakinetoplastina;Neobodonida;Neobodo;Neobodo designis,110,292,4,192
1705,pore,AF-A0A3B5BJP8-F1-model_v6,1.0,1.12e-13,144197.0,cellular organisms;Eukaryota;Opisthokonta;Metazoa;Eumetazoa;Bilateria;Deuterostomia;Chordata;Craniata;Vertebrata;Gnathostomata;Teleostomi;Euteleostomi;Actinopterygii;Actinopteri;Neopterygii;Teleostei;Osteoglossocephalai;Clupeocephala;Euteleosteomorpha;Neoteleostei;Eurypterygia;Ctenosquamata;Acanthomorphata;Euacanthomorphacea;Percomorphaceae;Ovalentaria;Ovalentaria incertae sedis;Pomacentridae;Stegastes;Stegastes partitus,23,212,3,243
1706,pore,AF-A0A3P7JS90-F1-model_v6,1.0,6.59e-12,40348.0,cellular organisms;Eukaryota;Opisthokonta;Metazoa;Eumetazoa;Bilateria;Protostomia;Ecdysozoa;Nematoda;Chromadorea;Rhabditida;Rhabditina;Rhabditomorpha;Strongyloidea;Strongylidae;Strongylus;Strongylus vulgaris,6,287,62,282
1707,pore,AF-A0A819W9D2-F1-model_v6,1.0,1.64e-19,392033.0,cellular organisms;Eukaryota;Opisthokonta;Metazoa;Eumetazoa;Bilateria;Protostomia;Spiralia;Gnathifera;Rotifera;Eurotatoria;Bdelloidea;Philodinida;Philodinidae;Rotaria;Rotaria sordida,1,287,95,365
1708,pore,AF-A0A7S1PCU6-F1-model_v6,1.0,1.42e-13,1169539.0,cellular organisms;Eukaryota;Sar;Alveolata;Colpodellida;Vitrellaceae;Vitrella;Vitrella brassicaformis,13,270,108,361
1709,pore,AF-A0AAN8EVI5-F1-model_v6,1.0,1.16e-14,6319.0,cellular organisms;Eukaryota;Opisthokonta;Metazoa;Eumetazoa;Bilateria;Protostomia;Ecdysozoa;Nematoda;Chromadorea;Rhabditida;Rhabditina;Rhabditomorpha;Strongyloidea;Trichostrongylidae;Trichostrongylus;Trichostrongylus colubriformis,11,285,109,356
1710,pore,AF-A0A3B3D4W5-F1-model_v6,1.0,8.6e-13,30732.0,cellular organisms;Eukaryota;Opisthokonta;Metazoa;Eumetazoa;Bilateria;Deuterostomia;Chordata;Craniata;Vertebrata;Gnathostomata;Teleostomi;Euteleostomi;Actinopterygii;Actinopteri;Neopterygii;Teleostei;Osteoglossocephalai;Clupeocephala;Euteleosteomorpha;Neoteleostei;Eurypterygia;Ctenosquamata;Acanthomorphata;Euacanthomorphacea;Percomorphaceae;Ovalentaria;Atherinomorphae;Beloniformes;Adrianichthyoidei;Adrianichthyidae;Oryziinae;Oryzias;Oryzias melastigma,21,188,2,177
1711,pore,AF-A0A0B2V010-F1-model_v6,1.0,2.5600000000000003e-22,6265.0,cellular organisms;Eukaryota;Opisthokonta;Metazoa;Eumetazoa;Bilateria;Protostomia;Ecdysozoa;Nematoda;Chromadorea;Rhabditida;Spirurina;Ascaridomorpha;Ascaridoidea;Toxocaridae;Toxocara;Toxocara canis,3,282,96,365
1712,pore,AF-A0A8C5GF00-F1-model_v6,1.0,4.62e-17,441366.0,cellular organisms;Eukaryota;Opisthokonta;Metazoa;Eumetazoa;Bilateria;Deuterostomia;Chordata;Craniata;Vertebrata;Gnathostomata;Teleostomi;Euteleostomi;Actinopterygii;Actinopteri;Neopterygii;Teleostei;Osteoglossocephalai;Clupeocephala;Euteleosteomorpha;Neoteleostei;Eurypterygia;Ctenosquamata;Acanthomorphata;Euacanthomorphacea;Percomorphaceae;Ovalentaria;Blenniimorphae;Blenniiformes;Gobiesocoidei;Gobiesocidae;Gobiesocinae;Gouania;Gouania willdenowi,27,275,2,257
1713,pore,AF-A0A8C6U0L7-F1-model_v6,1.0,1.65e-14,47308.0,cellular organisms;Eukaryota;Opisthokonta;Metazoa;Eumetazoa;Bilateria;Deuterostomia;Chordata;Craniata;Vertebrata;Gnathostomata;Teleostomi;Euteleostomi;Actinopterygii;Actinopteri;Neopterygii;Teleostei;Osteoglossocephalai;Clupeocephala;Euteleosteomorpha;Neoteleostei;Eurypterygia;Ctenosquamata;Acanthomorphata;Euacanthomorphacea;Percomorphaceae;Gobiaria;Gobiiformes;Gobioidei;Gobiidae;Benthophilinae;Neogobiini;Neogobius;Neogobius melanostomus,17,190,2,171
1714,pore,AF-A0A4C1XE74-F1-model_v6,1.0,5.69e-18,151549.0,cellular organisms;Eukaryota;Opisthokonta;Metazoa;Eumetazoa;Bilateria;Protostomia;Ecdysozoa;Panarthropoda;Arthropoda;Mandibulata;Pancrustacea;Hexapoda;Insecta;Dicondylia;Pterygota;Neoptera;Endopterygota;Amphiesmenoptera;Lepidoptera;Glossata;Neolepidoptera;Heteroneura;Ditrysia;Tineoidea;Psychidae;Oiketicinae;Eumeta;Eumeta japonica,2,267,117,365
1715,pore,AF-A0A0D2MDP1-F1-model_v6,1.0,0.000534,145388.0,cellular organisms;Eukaryota;Viridiplantae;Chlorophyta;core chlorophytes;Chlorophyceae;CS clade;Sphaeropleales;Selenastraceae;Monoraphidium;Monoraphidium neglectum,139,257,234,362
1716,pore,AF-A0A9R0AQT2-F1-model_v6,1.0,1.76e-16,7962.0,cellular organisms;Eukaryota;Opisthokonta;Metazoa;Eumetazoa;Bilateria;Deuterostomia;Chordata;Craniata;Vertebrata;Gnathostomata;Teleostomi;Euteleostomi;Actinopterygii;Actinopteri;Neopterygii;Teleostei;Osteoglossocephalai;Clupeocephala;Otomorpha;Ostariophysi;Otophysi;Cypriniphysae;Cypriniformes;Cyprinoidei;Cyprinidae;Cyprininae;Cyprinus;Cyprinus carpio,84,274,3,192
1717,pore,AF-A0A3B0K239-F1-model_v6,1.0,5.22e-12,7266.0,cellular organisms;Eukaryota;Opisthokonta;Metazoa;Eumetazoa;Bilateria;Protostomia;Ecdysozoa;Panarthropoda;Arthropoda;Mandibulata;Pancrustacea;Hexapoda;Insecta;Dicondylia;Pterygota;Neoptera;Endopterygota;Diptera;Brachycera;Muscomorpha;Eremoneura;Cyclorrhapha;Schizophora;Acalyptratae;Ephydroidea;Drosophilidae;Drosophilinae;Drosophilini;Drosophila;Sophophora;obscura group;obscura subgroup;Drosophila guanche,38,260,2,213
1718,pore,AF-A0AAN8PC18-F1-model_v6,1.0,5.1e-13,468196.0,cellular organisms;Eukaryota;Opisthokonta;Metazoa;Eumetazoa;Bilateria;Protostomia;Ecdysozoa;Panarthropoda;Arthropoda;Mandibulata;Pancrustacea;Hexapoda;Insecta;Dicondylia;Pterygota;Neoptera;Paraneoptera;Psocodea;Troctomorpha;Phthiraptera;Anoplura;Polyplacidae;Polyplax;Polyplax serrata,16,272,109,351
1719,pore,AF-G3NSA0-F1-model_v6,1.0,1.72e-24,69293.0,cellular organisms;Eukaryota;Opisthokonta;Metazoa;Eumetazoa;Bilateria;Deuterostomia;Chordata;Craniata;Vertebrata;Gnathostomata;Teleostomi;Euteleostomi;Actinopterygii;Actinopteri;Neopterygii;Teleostei;Osteoglossocephalai;Clupeocephala;Euteleosteomorpha;Neoteleostei;Eurypterygia;Ctenosquamata;Acanthomorphata;Euacanthomorphacea;Percomorphaceae;Eupercaria;Perciformes;Cottioidei;Gasterosteales;Gasterosteidae;Gasterosteus;Gasterosteus aculeatus,2,273,97,365
1720,pore,AF-A0A0N5ASW5-F1-model_v6,1.0,2.24e-11,451379.0,cellular organisms;Eukaryota;Opisthokonta;Metazoa;Eumetazoa;Bilateria;Protostomia;Ecdysozoa;Nematoda;Chromadorea;Rhabditida;Spirurina;Oxyuridomorpha;Oxyuroidea;Oxyuridae;Syphacia;Syphacia muris,41,274,2,239
1721,pore,AF-A0AAV6Z432-F1-model_v6,1.0,1.41e-44,76066.0,cellular organisms;Eukaryota;Opisthokonta;Metazoa;Eumetazoa;Bilateria;Deuterostomia;Chordata;Craniata;Vertebrata;Gnathostomata;Teleostomi;Euteleostomi;Sarcopterygii;Dipnotetrapodomorpha;Tetrapoda;Amphibia;Batrachia;Anura;Neobatrachia;Hyloidea;Leptodactylidae;Leiuperinae;Engystomops;Engystomops pustulosus,2,272,15,282
1722,pore,AF-A0A3B4AMX5-F1-model_v6,1.0,1.28e-17,409849.0,cellular organisms;Eukaryota;Opisthokonta;Metazoa;Eumetazoa;Bilateria;Deuterostomia;Chordata;Craniata;Vertebrata;Gnathostomata;Teleostomi;Euteleostomi;Actinopterygii;Actinopteri;Neopterygii;Teleostei;Osteoglossocephalai;Clupeocephala;Euteleosteomorpha;Neoteleostei;Eurypterygia;Ctenosquamata;Acanthomorphata;Euacanthomorphacea;Percomorphaceae;Gobiaria;Gobiiformes;Gobioidei;Gobiidae;Oxudercinae;Periophthalmus;Periophthalmus magnuspinnatus,6,269,3,256
1723,pore,AF-A0A3B5MN53-F1-model_v6,1.0,2.33e-14,32473.0,cellular organisms;Eukaryota;Opisthokonta;Metazoa;Eumetazoa;Bilateria;Deuterostomia;Chordata;Craniata;Vertebrata;Gnathostomata;Teleostomi;Euteleostomi;Actinopterygii;Actinopteri;Neopterygii;Teleostei;Osteoglossocephalai;Clupeocephala;Euteleosteomorpha;Neoteleostei;Eurypterygia;Ctenosquamata;Acanthomorphata;Euacanthomorphacea;Percomorphaceae;Ovalentaria;Atherinomorphae;Cyprinodontiformes;Cyprinodontoidei;Poeciliidae;Poeciliinae;Xiphophorus;Xiphophorus couchianus,2,199,3,221
1724,pore,AF-A0A811URN1-F1-model_v6,1.0,1.18e-11,7213.0,cellular organisms;Eukaryota;Opisthokonta;Metazoa;Eumetazoa;Bilateria;Protostomia;Ecdysozoa;Panarthropoda;Arthropoda;Mandibulata;Pancrustacea;Hexapoda;Insecta;Dicondylia;Pterygota;Neoptera;Endopterygota;Diptera;Brachycera;Muscomorpha;Eremoneura;Cyclorrhapha;Schizophora;Acalyptratae;Tephritoidea;Tephritidae;Dacinae;Ceratitidini;Ceratitis;Ceratitis;Ceratitis capitata,4,202,175,365
1725,pore,AF-A0A9Q1HZ82-F1-model_v6,1.0,5.310000000000001e-35,82655.0,cellular organisms;Eukaryota;Opisthokonta;Metazoa;Eumetazoa;Bilateria;Deuterostomia;Chordata;Craniata;Vertebrata;Gnathostomata;Teleostomi;Euteleostomi;Actinopterygii;Actinopteri;Neopterygii;Teleostei;Elopocephalai;Elopocephala;Elopomorpha;Anguilliformes;Congridae;Congrinae;Conger;Conger conger,1,268,98,365
1726,pore,AF-A0A835UA55-F1-model_v6,1.0,9.75e-15,51239.0,cellular organisms;Eukaryota;Viridiplantae;Streptophyta;Streptophytina;Embryophyta;Tracheophyta;Euphyllophyta;Spermatophyta;Magnoliopsida;Mesangiospermae;Liliopsida;Petrosaviidae;Asparagales;Orchidaceae;Vanilloideae;Vanilleae;Vanilla;Vanilla planifolia,3,264,80,364
1727,pore,AF-A0AAD9BJM7-F1-model_v6,1.0,1.68e-18,100907.0,cellular organisms;Eukaryota;Opisthokonta;Metazoa;Eumetazoa;Bilateria;Deuterostomia;Chordata;Craniata;Vertebrata;Gnathostomata;Teleostomi;Euteleostomi;Actinopterygii;Actinopteri;Neopterygii;Teleostei;Osteoglossocephalai;Clupeocephala;Euteleosteomorpha;Neoteleostei;Eurypterygia;Ctenosquamata;Acanthomorphata;Euacanthomorphacea;Percomorphaceae;Eupercaria;Perciformes;Notothenioidei;Nototheniidae;Dissostichus;Dissostichus eleginoides,1,261,69,363
1728,pore,AF-A0A8C3XJ48-F1-model_v6,1.0,1.93e-17,8475.0,cellular organisms;Eukaryota;Opisthokonta;Metazoa;Eumetazoa;Bilateria;Deuterostomia;Chordata;Craniata;Vertebrata;Gnathostomata;Teleostomi;Euteleostomi;Sarcopterygii;Dipnotetrapodomorpha;Tetrapoda;Amniota;Sauropsida;Sauria;Archelosauria;Testudinata;Testudines;Cryptodira;Durocryptodira;Americhelydia;Chelydroidea;Chelydridae;Chelydra;Chelydra serpentina,23,255,2,272
1729,pore,AF-A0A8C2BC36-F1-model_v6,1.0,4.43e-14,7962.0,cellular organisms;Eukaryota;Opisthokonta;Metazoa;Eumetazoa;Bilateria;Deuterostomia;Chordata;Craniata;Vertebrata;Gnathostomata;Teleostomi;Euteleostomi;Actinopterygii;Actinopteri;Neopterygii;Teleostei;Osteoglossocephalai;Clupeocephala;Otomorpha;Ostariophysi;Otophysi;Cypriniphysae;Cypriniformes;Cyprinoidei;Cyprinidae;Cyprininae;Cyprinus;Cyprinus carpio,18,242,1,273
1730,pore,GMGC10.145_013_265.UNKNOWN_trun_4,1.0,6.68e-12,41875.0,cellular organisms;Eukaryota;Viridiplantae;Chlorophyta;Mamiellophyceae;Mamiellales;Bathycoccaceae;Bathycoccus;Bathycoccus prasinos,2,252,41,296
1731,pore,GMGC10.137_758_882.UNKNOWN_trun_3,1.0,2.5e-07,70448.0,cellular organisms;Eukaryota;Viridiplantae;Chlorophyta;Mamiellophyceae;Mamiellales;Bathycoccaceae;Ostreococcus;Ostreococcus tauri,27,252,8,246
1732,pore,AF-A0A0V0R653-F1-model_v6,1.0,3.97e-09,266149.0,cellular organisms;Eukaryota;Sar;Alveolata;Ciliophora;Intramacronucleata;Oligohymenophorea;Scuticociliatia;Philasterida;Pseudocohnilembidae;Pseudocohnilembus;Pseudocohnilembus persalinus,1,237,132,364
1733,pore,AF-A0A3P7IIJ0-F1-model_v6,1.0,5.35e-11,40348.0,cellular organisms;Eukaryota;Opisthokonta;Metazoa;Eumetazoa;Bilateria;Protostomia;Ecdysozoa;Nematoda;Chromadorea;Rhabditida;Rhabditina;Rhabditomorpha;Strongyloidea;Strongylidae;Strongylus;Strongylus vulgaris,2,240,92,303
1734,pore,AF-A0A3P6S0N8-F1-model_v6,1.0,6.64e-07,42157.0,cellular organisms;Eukaryota;Opisthokonta;Metazoa;Eumetazoa;Bilateria;Protostomia;Ecdysozoa;Nematoda;Chromadorea;Rhabditida;Spirurina;Spiruromorpha;Filarioidea;Onchocercidae;Onchocerca;Onchocerca ochengi,18,244,166,364
1735,pore,AF-A0A6F9B098-F1-model_v6,1.0,1.06e-20,861768.0,cellular organisms;Eukaryota;Opisthokonta;Metazoa;Eumetazoa;Bilateria;Deuterostomia;Chordata;Craniata;Vertebrata;Gnathostomata;Teleostomi;Euteleostomi;Actinopterygii;Actinopteri;Neopterygii;Teleostei;Osteoglossocephalai;Clupeocephala;Euteleosteomorpha;Protacanthopterygii;Salmoniformes;Salmonidae;Coregoninae;Coregonus;unclassified Coregonus;Coregonus sp. 'balchen',1,245,132,365
1736,pore,AF-A0A7S3BJK3-F1-model_v6,1.0,1.97e-09,156174.0,cellular organisms;Eukaryota;Haptista;Haptophyta;Prymnesiophyceae;Prymnesiales;Prymnesiaceae;Haptolina;Haptolina ericina,5,243,142,365
1737,pore,AF-A0A2D4GEN0-F1-model_v6,1.0,6.800000000000001e-32,54390.0,cellular organisms;Eukaryota;Opisthokonta;Metazoa;Eumetazoa;Bilateria;Deuterostomia;Chordata;Craniata;Vertebrata;Gnathostomata;Teleostomi;Euteleostomi;Sarcopterygii;Dipnotetrapodomorpha;Tetrapoda;Amniota;Sauropsida;Sauria;Lepidosauria;Squamata;Bifurcata;Unidentata;Episquamata;Toxicofera;Serpentes;Colubroidea;Elapidae;Elapinae;Micrurus;Micrurus corallinus,1,240,104,340
1738,pore,AF-A0A1Y3BM47-F1-model_v6,1.0,1.8e-15,6958.0,cellular organisms;Eukaryota;Opisthokonta;Metazoa;Eumetazoa;Bilateria;Protostomia;Ecdysozoa;Panarthropoda;Arthropoda;Chelicerata;Arachnida;Acari;Acariformes;Sarcoptiformes;Astigmata;Psoroptidia;Analgoidea;Pyroglyphidae;Pyroglyphinae;Euroglyphus;Euroglyphus maynei,5,234,164,365
1739,pore,AF-A0A7C9AM68-F1-model_v6,1.0,5.73e-13,393608.0,cellular organisms;Eukaryota;Viridiplantae;Streptophyta;Streptophytina;Embryophyta;Tracheophyta;Euphyllophyta;Spermatophyta;Magnoliopsida;Mesangiospermae;eudicotyledons;Gunneridae;Pentapetalae;Caryophyllales;Cactineae;Cactaceae;Opuntioideae;Opuntia;Opuntia streptacantha,1,239,115,364
1740,pore,AF-A0A2S2R7M0-F1-model_v6,1.0,6.76e-11,143950.0,cellular organisms;Eukaryota;Opisthokonta;Metazoa;Eumetazoa;Bilateria;Protostomia;Ecdysozoa;Panarthropoda;Arthropoda;Mandibulata;Pancrustacea;Hexapoda;Insecta;Dicondylia;Pterygota;Neoptera;Paraneoptera;Hemiptera;Sternorrhyncha;Aphidomorpha;Aphidoidea;Aphididae;Chaitophorinae;Sipha;Sipha flava,21,234,179,365
1741,pore,AF-A0A183HBE6-F1-model_v6,1.0,0.000566,387005.0,cellular organisms;Eukaryota;Opisthokonta;Metazoa;Eumetazoa;Bilateria;Protostomia;Ecdysozoa;Nematoda;Chromadorea;Rhabditida;Spirurina;Spiruromorpha;Filarioidea;Onchocercidae;Onchocerca;Onchocerca flexuosa,115,238,2,114
1742,pore,4pkx-assembly1_A,1.0,1.98e-14,6239.0,cellular organisms;Eukaryota;Opisthokonta;Metazoa;Eumetazoa;Bilateria;Protostomia;Ecdysozoa;Nematoda;Chromadorea;Rhabditida;Rhabditina;Rhabditomorpha;Rhabditoidea;Rhabditidae;Peloderinae;Caenorhabditis;Caenorhabditis elegans,2,235,53,270
1743,pore,AF-A0A4W4FY12-F1-model_v6,1.0,2.35e-16,8005.0,cellular organisms;Eukaryota;Opisthokonta;Metazoa;Eumetazoa;Bilateria;Deuterostomia;Chordata;Craniata;Vertebrata;Gnathostomata;Teleostomi;Euteleostomi;Actinopterygii;Actinopteri;Neopterygii;Teleostei;Osteoglossocephalai;Clupeocephala;Otomorpha;Ostariophysi;Otophysi;Characiphysae;Gymnotiformes;Gymnotoidei;Gymnotidae;Electrophorus;Electrophorus electricus,27,233,3,243
1744,pore,AF-A0A6G3MJ58-F1-model_v6,1.0,2.71e-08,69463.0,cellular organisms;Eukaryota;Opisthokonta;Metazoa;Eumetazoa;Cnidaria;Myxozoa;Myxosporea;Bivalvulida;Platysporina;Myxobolidae;Henneguya;Henneguya salminicola,24,215,179,362
1745,pore,AF-A0A6I9XIQ3-F1-model_v6,1.0,2.41e-15,35019.0,cellular organisms;Eukaryota;Opisthokonta;Metazoa;Eumetazoa;Bilateria;Deuterostomia;Chordata;Craniata;Vertebrata;Gnathostomata;Teleostomi;Euteleostomi;Sarcopterygii;Dipnotetrapodomorpha;Tetrapoda;Amniota;Sauropsida;Sauria;Lepidosauria;Squamata;Bifurcata;Unidentata;Episquamata;Toxicofera;Serpentes;Colubroidea;Colubridae;Natricinae;Thamnophis;Thamnophis sirtalis,82,230,220,365
1746,pore,AF-A0A9J5YZ76-F1-model_v6,1.0,2.22e-09,4109.0,cellular organisms;Eukaryota;Viridiplantae;Streptophyta;Streptophytina;Embryophyta;Tracheophyta;Euphyllophyta;Spermatophyta;Magnoliopsida;Mesangiospermae;eudicotyledons;Gunneridae;Pentapetalae;asterids;lamiids;Solanales;Solanaceae;Solanoideae;Solaneae;Solanum;Solanum commersonii,2,224,77,364
1747,pore,AF-A0AAD7SRS3-F1-model_v6,1.0,9.22e-22,143900.0,cellular organisms;Eukaryota;Opisthokonta;Metazoa;Eumetazoa;Bilateria;Deuterostomia;Chordata;Craniata;Vertebrata;Gnathostomata;Teleostomi;Euteleostomi;Actinopterygii;Actinopteri;Neopterygii;Teleostei;Elopocephalai;Elopocephala;Elopomorpha;Notacanthiformes;Halosauridae;Aldrovandia;Aldrovandia affinis,2,219,148,364
1748,pore,AF-A0AAD4U4W4-F1-model_v6,1.0,3.17e-11,230172.0,cellular organisms;Eukaryota;Opisthokonta;Metazoa;Eumetazoa;Bilateria;Deuterostomia;Chordata;Craniata;Vertebrata;Gnathostomata;Teleostomi;Euteleostomi;Sarcopterygii;Dipnotetrapodomorpha;Tetrapoda;Amniota;Mammalia;Theria;Eutheria;Boreoeutheria;Laurasiatheria;Artiodactyla;Ruminantia;Pecora;Bovidae;Caprinae;Ovis;Ovis ammon;Ovis ammon polii,2,188,196,365
1749,pore,AF-A0A0S7EMA5-F1-model_v6,1.0,8.36e-26,188132.0,cellular organisms;Eukaryota;Opisthokonta;Metazoa;Eumetazoa;Bilateria;Deuterostomia;Chordata;Craniata;Vertebrata;Gnathostomata;Teleostomi;Euteleostomi;Actinopterygii;Actinopteri;Neopterygii;Teleostei;Osteoglossocephalai;Clupeocephala;Euteleosteomorpha;Neoteleostei;Eurypterygia;Ctenosquamata;Acanthomorphata;Euacanthomorphacea;Percomorphaceae;Ovalentaria;Atherinomorphae;Cyprinodontiformes;Cyprinodontoidei;Poeciliidae;Poeciliinae;Poeciliopsis;Poeciliopsis prolifica,1,215,78,292
1750,pore,AF-A0AA88H200-F1-model_v6,1.0,3.09e-12,6661.0,cellular organisms;Eukaryota;Opisthokonta;Metazoa;Eumetazoa;Bilateria;Protostomia;Ecdysozoa;Panarthropoda;Arthropoda;Mandibulata;Pancrustacea;Crustacea;Branchiopoda;Sarsostraca;Anostraca;Artemiidae;Artemia;Artemia franciscana,2,195,179,364
1751,pore,AF-A0A803RCE0-F1-model_v6,1.0,8.82e-12,3483.0,cellular organisms;Eukaryota;Viridiplantae;Streptophyta;Streptophytina;Embryophyta;Tracheophyta;Euphyllophyta;Spermatophyta;Magnoliopsida;Mesangiospermae;eudicotyledons;Gunneridae;Pentapetalae;rosids;fabids;Rosales;Cannabaceae;Cannabis;Cannabis sativa,6,215,144,364
1752,pore,AF-B7P8T0-F1-model_v6,1.0,8.39e-14,6945.0,cellular organisms;Eukaryota;Opisthokonta;Metazoa;Eumetazoa;Bilateria;Protostomia;Ecdysozoa;Panarthropoda;Arthropoda;Chelicerata;Arachnida;Acari;Parasitiformes;Ixodida;Ixodoidea;Ixodidae;Ixodinae;Ixodes;Ixodes scapularis,1,207,168,365
1753,pore,4pke-assembly1_A,1.0,1.31e-12,6239.0,cellular organisms;Eukaryota;Opisthokonta;Metazoa;Eumetazoa;Bilateria;Protostomia;Ecdysozoa;Nematoda;Chromadorea;Rhabditida;Rhabditina;Rhabditomorpha;Rhabditoidea;Rhabditidae;Peloderinae;Caenorhabditis;Caenorhabditis elegans,2,211,53,269
1754,pore,AF-A0A9W7AGJ4-F1-model_v6,1.0,2.18e-05,1714387.0,cellular organisms;Eukaryota;Sar;Stramenopiles;Ochrophyta;Bolidophyceae;Parmales;Triparmaceae;Triparma;Triparma laevis;Triparma laevis f. longispina,4,147,229,365
1755,pore,AF-A0A6J2Y317-F1-model_v6,1.0,4.8e-06,7048.0,cellular organisms;Eukaryota;Opisthokonta;Metazoa;Eumetazoa;Bilateria;Protostomia;Ecdysozoa;Panarthropoda;Arthropoda;Mandibulata;Pancrustacea;Hexapoda;Insecta;Dicondylia;Pterygota;Neoptera;Endopterygota;Coleoptera;Polyphaga;Cucujiformia;Curculionoidea;Curculionidae;Dryophthorinae;Sitophilus;Sitophilus oryzae,2,208,77,269
1756,pore,AF-A0AAW0MWR4-F1-model_v6,1.0,2.47e-14,88201.0,cellular organisms;Eukaryota;Opisthokonta;Metazoa;Eumetazoa;Bilateria;Deuterostomia;Chordata;Craniata;Vertebrata;Gnathostomata;Teleostomi;Euteleostomi;Actinopterygii;Actinopteri;Neopterygii;Teleostei;Osteoglossocephalai;Clupeocephala;Euteleosteomorpha;Neoteleostei;Eurypterygia;Ctenosquamata;Acanthomorphata;Euacanthomorphacea;Percomorphaceae;Gobiaria;Gobiiformes;Gobioidei;Gobiidae;Gobionellinae;Mugilogobius;Mugilogobius chulae,15,197,175,346
1757,pore,AF-A0A7S2I1K5-F1-model_v6,1.0,0.00776,327968.0,cellular organisms;Eukaryota;Sar;Alveolata;Dinophyceae;Gonyaulacales;Pyrocystaceae;Alexandrium;Alexandrium andersonii,49,135,272,364
1758,pore,AF-A0A091QV06-F1-model_v6,1.0,2.4399999999999997e-24,57421.0,cellular organisms;Eukaryota;Opisthokonta;Metazoa;Eumetazoa;Bilateria;Deuterostomia;Chordata;Craniata;Vertebrata;Gnathostomata;Teleostomi;Euteleostomi;Sarcopterygii;Dipnotetrapodomorpha;Tetrapoda;Amniota;Sauropsida;Sauria;Archelosauria;Archosauria;Dinosauria;Saurischia;Theropoda;Coelurosauria;Aves;Neognathae;Neoaves;Telluraves;Coraciimorphae;Coraciiformes;Meropidae;Merops;Merops nubicus,1,203,168,365
1759,pore,AF-A0A7N4P3P9-F1-model_v6,1.0,3.09e-12,9305.0,cellular organisms;Eukaryota;Opisthokonta;Metazoa;Eumetazoa;Bilateria;Deuterostomia;Chordata;Craniata;Vertebrata;Gnathostomata;Teleostomi;Euteleostomi;Sarcopterygii;Dipnotetrapodomorpha;Tetrapoda;Amniota;Mammalia;Theria;Metatheria;Dasyuromorphia;Dasyuridae;Sarcophilus;Sarcophilus harrisii,12,177,53,219
1760,pore,AF-A0A443SBJ2-F1-model_v6,1.0,4.28e-13,299467.0,cellular organisms;Eukaryota;Opisthokonta;Metazoa;Eumetazoa;Bilateria;Protostomia;Ecdysozoa;Panarthropoda;Arthropoda;Chelicerata;Arachnida;Acari;Acariformes;Trombidiformes;Prostigmata;Anystina;Parasitengona;Trombiculoidea;Trombiculidae;Leptotrombidium;Leptotrombidium deliense,4,190,187,365
1761,pore,AF-A0A150G5J1-F1-model_v6,1.0,4.64e-05,33097.0,cellular organisms;Eukaryota;Viridiplantae;Chlorophyta;core chlorophytes;Chlorophyceae;CS clade;Chlamydomonadales;Volvocaceae;Gonium;Gonium pectorale,68,197,229,364
1762,pore,AF-A0A7S3KJK1-F1-model_v6,1.0,4.38e-05,5936.0,cellular organisms;Eukaryota;Sar;Alveolata;Ciliophora;Intramacronucleata;Spirotrichea;Hypotrichia;Euplotida;Euplotidae;Moneuplotes;Moneuplotes crassus,2,199,54,255
1763,pore,AF-S4RWI9-F1-model_v6,1.0,4.78e-18,7757.0,cellular organisms;Eukaryota;Opisthokonta;Metazoa;Eumetazoa;Bilateria;Deuterostomia;Chordata;Craniata;Vertebrata;Cyclostomata;Hyperoartia;Petromyzontiformes;Petromyzontidae;Petromyzon;Petromyzon marinus,21,196,192,365
1764,pore,AF-F6QJB1-F1-model_v6,1.0,3.42e-15,7719.0,cellular organisms;Eukaryota;Opisthokonta;Metazoa;Eumetazoa;Bilateria;Deuterostomia;Chordata;Tunicata;Ascidiacea;Phlebobranchia;Cionidae;Ciona;Ciona intestinalis,5,194,175,365
1765,pore,AF-A0A9Q1E5P6-F1-model_v6,1.0,3.48e-12,118154.0,cellular organisms;Eukaryota;Opisthokonta;Metazoa;Eumetazoa;Bilateria;Deuterostomia;Chordata;Craniata;Vertebrata;Gnathostomata;Teleostomi;Euteleostomi;Actinopterygii;Actinopteri;Neopterygii;Teleostei;Elopocephalai;Elopocephala;Elopomorpha;Anguilliformes;Synaphobranchidae;Synaphobranchinae;Synaphobranchus;Synaphobranchus kaupii,43,193,226,365
1766,pore,AF-A0A8S2QAY5-F1-model_v6,1.0,6.21e-05,1234261.0,cellular organisms;Eukaryota;Opisthokonta;Metazoa;Eumetazoa;Bilateria;Protostomia;Spiralia;Gnathifera;Rotifera;Eurotatoria;Bdelloidea;Philodinida;Philodinidae;Didymodactylos;Didymodactylos carnosus,2,112,255,365
1767,pore,AF-A0A7S4IV47-F1-model_v6,1.0,0.00732,1487602.0,cellular organisms;Eukaryota;Amoebozoa;Discosea;Flabellinia;Vannellidae;Vannella;Vannella robusta,30,184,236,365
1768,pore,AF-A0A2J7ZQM2-F1-model_v6,1.0,0.0006,47790.0,cellular organisms;Eukaryota;Viridiplantae;Chlorophyta;core chlorophytes;Chlorophyceae;CS clade;Chlamydomonadales;Tetrabaenaceae;Tetrabaena;Tetrabaena socialis,65,191,234,365
1769,pore,AF-F6QJE4-F1-model_v6,1.0,1.39e-09,7719.0,cellular organisms;Eukaryota;Opisthokonta;Metazoa;Eumetazoa;Bilateria;Deuterostomia;Chordata;Tunicata;Ascidiacea;Phlebobranchia;Cionidae;Ciona;Ciona intestinalis,37,188,2,152
1770,pore,AF-A0A5N5SNE0-F1-model_v6,1.0,1.88e-11,96803.0,cellular organisms;Eukaryota;Opisthokonta;Metazoa;Eumetazoa;Bilateria;Protostomia;Ecdysozoa;Panarthropoda;Arthropoda;Mandibulata;Pancrustacea;Crustacea;Multicrustacea;Malacostraca;Eumalacostraca;Peracarida;Isopoda;Oniscidea;Crinocheta;Armadillidiidae;Armadillidium;Armadillidium nasatum,5,171,176,365
1771,pore,AF-A0A267FC37-F1-model_v6,1.0,9.1e-06,282301.0,cellular organisms;Eukaryota;Opisthokonta;Metazoa;Eumetazoa;Bilateria;Protostomia;Spiralia;Lophotrochozoa;Platyhelminthes;Rhabditophora;Macrostomorpha;Macrostomida;Macrostomidae;Macrostomum;Macrostomum lignano,6,154,230,363
1772,pore,AF-A0A7S3KJ93-F1-model_v6,1.0,3.3e-07,5936.0,cellular organisms;Eukaryota;Sar;Alveolata;Ciliophora;Intramacronucleata;Spirotrichea;Hypotrichia;Euplotida;Euplotidae;Moneuplotes;Moneuplotes crassus,1,167,196,363
1773,pore,AF-A0A6J2Y6G4-F1-model_v6,1.0,2.53e-06,7048.0,cellular organisms;Eukaryota;Opisthokonta;Metazoa;Eumetazoa;Bilateria;Protostomia;Ecdysozoa;Panarthropoda;Arthropoda;Mandibulata;Pancrustacea;Hexapoda;Insecta;Dicondylia;Pterygota;Neoptera;Endopterygota;Coleoptera;Polyphaga;Cucujiformia;Curculionoidea;Curculionidae;Dryophthorinae;Sitophilus;Sitophilus oryzae,9,178,202,365
1774,pore,AF-A0A3P6QUE0-F1-model_v6,1.0,1.73e-05,637853.0,cellular organisms;Eukaryota;Opisthokonta;Metazoa;Eumetazoa;Bilateria;Protostomia;Ecdysozoa;Nematoda;Chromadorea;Rhabditida;Spirurina;Spiruromorpha;Spiruroidea;Gongylonematidae;Gongylonema;Gongylonema pulchrum,2,158,146,281
1775,pore,AF-A0A3P6THS9-F1-model_v6,1.0,0.000449,42156.0,cellular organisms;Eukaryota;Opisthokonta;Metazoa;Eumetazoa;Bilateria;Protostomia;Ecdysozoa;Nematoda;Chromadorea;Rhabditida;Spirurina;Spiruromorpha;Filarioidea;Onchocercidae;Litomosoides;Litomosoides sigmodontis,23,171,229,364
1776,pore,AF-A0A8K0NZZ4-F1-model_v6,1.0,1.59e-06,123851.0,cellular organisms;Eukaryota;Opisthokonta;Metazoa;Eumetazoa;Bilateria;Protostomia;Ecdysozoa;Panarthropoda;Arthropoda;Mandibulata;Pancrustacea;Hexapoda;Insecta;Dicondylia;Pterygota;Palaeoptera;Odonata;Epiprocta;Anisoptera;Libelluloidea;Libellulidae;Ladona;Ladona fulva,2,149,232,364
1777,pore,AF-A0A096MIB4-F1-model_v6,1.0,1.18e-11,48698.0,cellular organisms;Eukaryota;Opisthokonta;Metazoa;Eumetazoa;Bilateria;Deuterostomia;Chordata;Craniata;Vertebrata;Gnathostomata;Teleostomi;Euteleostomi;Actinopterygii;Actinopteri;Neopterygii;Teleostei;Osteoglossocephalai;Clupeocephala;Euteleosteomorpha;Neoteleostei;Eurypterygia;Ctenosquamata;Acanthomorphata;Euacanthomorphacea;Percomorphaceae;Ovalentaria;Atherinomorphae;Cyprinodontiformes;Cyprinodontoidei;Poeciliidae;Poeciliinae;Poecilia;Poecilia formosa,21,172,219,365
1778,pore,AF-A0A7S4DUB5-F1-model_v6,1.0,0.000316,91324.0,cellular organisms;Eukaryota;Sar;Rhizaria;Cercozoa;Chlorarachniophyceae;Lotharella;Lotharella globosa,54,155,269,365
1779,pore,AF-A0A161M2S1-F1-model_v6,1.0,1.14e-10,30076.0,cellular organisms;Eukaryota;Opisthokonta;Metazoa;Eumetazoa;Bilateria;Protostomia;Ecdysozoa;Panarthropoda;Arthropoda;Mandibulata;Pancrustacea;Hexapoda;Insecta;Dicondylia;Pterygota;Neoptera;Paraneoptera;Hemiptera;Prosorrhyncha;Heteroptera;Euheteroptera;Neoheteroptera;Panheteroptera;Cimicomorpha;Reduvioidea;Reduviidae;Triatominae;Triatoma;Triatoma infestans,19,169,2,154
1780,pore,AF-A0A7S1A8D7-F1-model_v6,1.0,0.0561,2966.0,cellular organisms;Eukaryota;Sar;Alveolata;Dinophyceae;Noctilucales;Noctilucaceae;Noctiluca;Noctiluca scintillans,24,118,268,365
1781,pore,AF-A0A8T1Q1F0-F1-model_v6,1.0,7.34e-10,32201.0,cellular organisms;Eukaryota;Viridiplantae;Streptophyta;Streptophytina;Embryophyta;Tracheophyta;Euphyllophyta;Spermatophyta;Magnoliopsida;Mesangiospermae;eudicotyledons;Gunneridae;Pentapetalae;rosids;fabids;Fagales;Juglandaceae;Carya;Carya illinoinensis,3,169,193,364
1782,pore,AF-A0A1Y3BM33-F1-model_v6,1.0,1.02e-12,6958.0,cellular organisms;Eukaryota;Opisthokonta;Metazoa;Eumetazoa;Bilateria;Protostomia;Ecdysozoa;Panarthropoda;Arthropoda;Chelicerata;Arachnida;Acari;Acariformes;Sarcoptiformes;Astigmata;Psoroptidia;Analgoidea;Pyroglyphidae;Pyroglyphinae;Euroglyphus;Euroglyphus maynei,3,165,32,192
1783,pore,AF-A0A914XP34-F1-model_v6,1.0,2.94e-07,2011161.0,cellular organisms;Eukaryota;Opisthokonta;Metazoa;Eumetazoa;Bilateria;Protostomia;Ecdysozoa;Nematoda;Chromadorea;Plectida;Plectina;Plectoidea;Plectidae;Plectus;Plectus sambesii,13,164,229,365
1784,pore,AF-A0A9P9YD02-F1-model_v6,1.0,2.07e-07,103775.0,cellular organisms;Eukaryota;Opisthokonta;Metazoa;Eumetazoa;Bilateria;Protostomia;Ecdysozoa;Panarthropoda;Arthropoda;Mandibulata;Pancrustacea;Hexapoda;Insecta;Dicondylia;Pterygota;Neoptera;Endopterygota;Diptera;Brachycera;Muscomorpha;Eremoneura;Cyclorrhapha;Schizophora;Acalyptratae;Ephydroidea;Drosophilidae;Drosophilinae;Drosophilini;Drosophila;Sophophora;melanogaster group;elegans subgroup (in: flies);Drosophila gunungcola,3,144,233,365
1785,pore,AF-A0A6B2GAV7-F1-model_v6,1.0,5.71e-06,59785.0,cellular organisms;Eukaryota;Opisthokonta;Metazoa;Eumetazoa;Cnidaria;Myxozoa;Myxosporea;Bivalvulida;Platysporina;Myxobolidae;Myxobolus;Myxobolus squamalis,6,153,229,361
1786,pore,AF-A0A7S4CAP3-F1-model_v6,1.0,0.00434,73025.0,cellular organisms;Eukaryota;Discoba;Euglenozoa;Euglenida;Spirocuta;Euglenophyceae;Eutreptiales;Eutreptiaceae;Eutreptiella;Eutreptiella gymnastica,9,160,53,255
1787,pore,AF-A0A091M6A8-F1-model_v6,1.0,1.61e-15,54380.0,cellular organisms;Eukaryota;Opisthokonta;Metazoa;Eumetazoa;Bilateria;Deuterostomia;Chordata;Craniata;Vertebrata;Gnathostomata;Teleostomi;Euteleostomi;Sarcopterygii;Dipnotetrapodomorpha;Tetrapoda;Amniota;Sauropsida;Sauria;Archelosauria;Archosauria;Dinosauria;Saurischia;Theropoda;Coelurosauria;Aves;Neognathae;Neoaves;Telluraves;Australaves;Cariamiformes;Cariamidae;Cariama;Cariama cristata,1,164,199,364
1788,pore,AF-A0A059LP60-F1-model_v6,1.0,6.42e-06,1291522.0,cellular organisms;Eukaryota;Viridiplantae;Chlorophyta;core chlorophytes;Trebouxiophyceae;Chlorellales;Chlorellaceae;Helicosporidium;unclassified Helicosporidium;Helicosporidium sp. ATCC 50920,2,159,226,365
1789,pore,AF-A0A498LSV0-F1-model_v6,1.0,1.49e-11,84645.0,cellular organisms;Eukaryota;Opisthokonta;Metazoa;Eumetazoa;Bilateria;Deuterostomia;Chordata;Craniata;Vertebrata;Gnathostomata;Teleostomi;Euteleostomi;Actinopterygii;Actinopteri;Neopterygii;Teleostei;Osteoglossocephalai;Clupeocephala;Otomorpha;Ostariophysi;Otophysi;Cypriniphysae;Cypriniformes;Cyprinoidei;Cyprinidae;Labeoninae;Labeonini;Labeo;Labeo rohita,19,161,226,365
1790,pore,AF-A0A087UY54-F1-model_v6,1.0,2.87e-08,407821.0,cellular organisms;Eukaryota;Opisthokonta;Metazoa;Eumetazoa;Bilateria;Protostomia;Ecdysozoa;Panarthropoda;Arthropoda;Chelicerata;Arachnida;Araneae;Araneomorphae;Entelegynae;Eresoidea;Eresidae;Stegodyphus;Stegodyphus mimosarum,2,145,231,365
1791,pore,AF-A0A7S2DBT5-F1-model_v6,1.0,0.0221,327968.0,cellular organisms;Eukaryota;Sar;Alveolata;Dinophyceae;Gonyaulacales;Pyrocystaceae;Alexandrium;Alexandrium andersonii,2,106,236,364
1792,pore,AF-A0A914I828-F1-model_v6,1.0,4.92e-05,31243.0,cellular organisms;Eukaryota;Opisthokonta;Metazoa;Eumetazoa;Bilateria;Protostomia;Ecdysozoa;Nematoda;Chromadorea;Rhabditida;Tylenchina;Tylenchomorpha;Tylenchoidea;Heteroderidae;Heteroderinae;Globodera;Globodera rostochiensis,2,148,232,364
1793,pore,AF-A0A8D8ZF52-F1-model_v6,1.0,0.0147,428564.0,cellular organisms;Eukaryota;Opisthokonta;Metazoa;Eumetazoa;Bilateria;Protostomia;Ecdysozoa;Panarthropoda;Arthropoda;Mandibulata;Pancrustacea;Hexapoda;Insecta;Dicondylia;Pterygota;Neoptera;Paraneoptera;Hemiptera;Sternorrhyncha;Psylloidea;Psyllidae;Psyllinae;Cacopsylla;Cacopsylla melanoneura,57,145,276,363
1794,pore,AF-A0AAE0F9Y9-F1-model_v6,1.0,1.19e-06,36881.0,cellular organisms;Eukaryota;Viridiplantae;Chlorophyta;Pyramimonadophyceae;Pyramimonadales;Pyramimonadaceae;Cymbomonas;Cymbomonas tetramitiformis,7,149,229,364
1795,pore,AF-A0A8D0GHR1-F1-model_v6,1.0,2.39e-06,8508.0,cellular organisms;Eukaryota;Opisthokonta;Metazoa;Eumetazoa;Bilateria;Deuterostomia;Chordata;Craniata;Vertebrata;Gnathostomata;Teleostomi;Euteleostomi;Sarcopterygii;Dipnotetrapodomorpha;Tetrapoda;Amniota;Sauropsida;Sauria;Lepidosauria;Sphenodontia;Sphenodontidae;Sphenodon;Sphenodon punctatus,16,114,64,161
1796,pore,AF-A0AAD9UK12-F1-model_v6,1.0,8.1e-06,27915.0,cellular organisms;Eukaryota;Opisthokonta;Metazoa;Eumetazoa;Bilateria;Protostomia;Spiralia;Lophotrochozoa;Annelida;Polychaeta;Sedentaria;Canalipalpata;Sabellida;Siboglinidae;Ridgeia;Ridgeia piscesae,21,148,233,365
1797,pore,AF-A0A482WL91-F1-model_v6,1.0,6.8e-06,195883.0,cellular organisms;Eukaryota;Opisthokonta;Metazoa;Eumetazoa;Bilateria;Protostomia;Ecdysozoa;Panarthropoda;Arthropoda;Mandibulata;Pancrustacea;Hexapoda;Insecta;Dicondylia;Pterygota;Neoptera;Paraneoptera;Hemiptera;Auchenorrhyncha;Fulgoromorpha;Fulgoroidea;Delphacidae;Criomorphinae;Laodelphax;Laodelphax striatellus,3,137,84,218
1798,pore,AF-A0A2S2NL33-F1-model_v6,1.0,0.000125,13262.0,cellular organisms;Eukaryota;Opisthokonta;Metazoa;Eumetazoa;Bilateria;Protostomia;Ecdysozoa;Panarthropoda;Arthropoda;Mandibulata;Pancrustacea;Hexapoda;Insecta;Dicondylia;Pterygota;Neoptera;Paraneoptera;Hemiptera;Sternorrhyncha;Aphidomorpha;Aphidoidea;Aphididae;Aphidinae;Aphidini;Schizaphis;Schizaphis graminum,2,118,236,365
1799,pore,AF-A0A7S4DTE7-F1-model_v6,1.0,0.000715,91324.0,cellular organisms;Eukaryota;Sar;Rhizaria;Cercozoa;Chlorarachniophyceae;Lotharella;Lotharella globosa,1,117,235,364
1800,pore,AF-A0A177B9W8-F1-model_v6,1.0,3.38e-06,1819745.0,cellular organisms;Eukaryota;Opisthokonta;Metazoa;Eumetazoa;Bilateria;Protostomia;Spiralia;Lophotrochozoa;Mesozoa;Orthonectida;Rhopaluridae;Intoshia;Intoshia linei,1,120,237,365
1801,pore,AF-A0A1A8JTR3-F1-model_v6,1.0,4.84e-08,321403.0,cellular organisms;Eukaryota;Opisthokonta;Metazoa;Eumetazoa;Bilateria;Deuterostomia;Chordata;Craniata;Vertebrata;Gnathostomata;Teleostomi;Euteleostomi;Actinopterygii;Actinopteri;Neopterygii;Teleostei;Osteoglossocephalai;Clupeocephala;Euteleosteomorpha;Neoteleostei;Eurypterygia;Ctenosquamata;Acanthomorphata;Euacanthomorphacea;Percomorphaceae;Ovalentaria;Atherinomorphae;Cyprinodontiformes;Aplocheiloidei;Nothobranchiidae;Nothobranchius;Nothobranchius kuhntae,2,118,55,172
1802,pore,AF-A0A4U5LX48-F1-model_v6,1.0,2.25e-06,34508.0,cellular organisms;Eukaryota;Opisthokonta;Metazoa;Eumetazoa;Bilateria;Protostomia;Ecdysozoa;Nematoda;Chromadorea;Rhabditida;Tylenchina;Panagrolaimomorpha;Strongyloidoidea;Steinernematidae;Steinernema;Steinernema carpocapsae,25,122,267,364
1803,pore,AF-A0AAE0FF89-F1-model_v6,1.0,0.00121,36881.0,cellular organisms;Eukaryota;Viridiplantae;Chlorophyta;Pyramimonadophyceae;Pyramimonadales;Pyramimonadaceae;Cymbomonas;Cymbomonas tetramitiformis,17,111,272,365
1804,pore,AF-E0W4L6-F1-model_v6,1.0,8.88e-07,121224.0,cellular organisms;Eukaryota;Opisthokonta;Metazoa;Eumetazoa;Bilateria;Protostomia;Ecdysozoa;Panarthropoda;Arthropoda;Mandibulata;Pancrustacea;Hexapoda;Insecta;Dicondylia;Pterygota;Neoptera;Paraneoptera;Psocodea;Troctomorpha;Phthiraptera;Anoplura;Pediculidae;Pediculus;Pediculus humanus;Pediculus humanus corporis,4,102,267,365
1805,pore,AF-A0A8D9BQL1-F1-model_v6,1.0,0.0098,428564.0,cellular organisms;Eukaryota;Opisthokonta;Metazoa;Eumetazoa;Bilateria;Protostomia;Ecdysozoa;Panarthropoda;Arthropoda;Mandibulata;Pancrustacea;Hexapoda;Insecta;Dicondylia;Pterygota;Neoptera;Paraneoptera;Hemiptera;Sternorrhyncha;Psylloidea;Psyllidae;Psyllinae;Cacopsylla;Cacopsylla melanoneura,26,114,276,363
1806,pore,AF-A0A7S1QKX3-F1-model_v6,1.0,0.0221,2925.0,cellular organisms;Eukaryota;Sar;Alveolata;Dinophyceae;Gonyaulacales;Pyrocystaceae;Alexandrium;Alexandrium catenella,12,102,268,361
1807,pore,AF-A0A7S3IUA2-F1-model_v6,1.0,0.0131,197538.0,cellular organisms;Eukaryota;Sar;Alveolata;Ciliophora;Intramacronucleata;Spirotrichea;Oligotrichia;Strombidiidae;Strombidium;Strombidium inclinatum,13,109,269,365
1808,pore,AF-A0AAV4H0E3-F1-model_v6,1.0,0.0156,1093978.0,cellular organisms;Eukaryota;Opisthokonta;Metazoa;Eumetazoa;Bilateria;Protostomia;Spiralia;Lophotrochozoa;Mollusca;Gastropoda;Heterobranchia;Euthyneura;Panpulmonata;Sacoglossa;Placobranchoidea;Plakobranchidae;Elysia;Elysia marginata,2,80,288,365
1809,pore,AF-M5X4G2-F1-model_v6,1.0,0.00243,3760.0,cellular organisms;Eukaryota;Viridiplantae;Streptophyta;Streptophytina;Embryophyta;Tracheophyta;Euphyllophyta;Spermatophyta;Magnoliopsida;Mesangiospermae;eudicotyledons;Gunneridae;Pentapetalae;rosids;fabids;Rosales;Rosaceae;Amygdaloideae;Amygdaleae;Prunus;Prunus persica,2,115,234,364
1810,pore,AF-A0A433U414-F1-model_v6,1.0,0.00691,188477.0,cellular organisms;Eukaryota;Opisthokonta;Metazoa;Eumetazoa;Bilateria;Protostomia;Spiralia;Lophotrochozoa;Mollusca;Gastropoda;Heterobranchia;Euthyneura;Panpulmonata;Sacoglossa;Placobranchoidea;Plakobranchidae;Elysia;Elysia chlorotica,2,80,288,365
1811,pore,AF-A0A4Z2H620-F1-model_v6,1.0,8.58e-06,230148.0,cellular organisms;Eukaryota;Opisthokonta;Metazoa;Eumetazoa;Bilateria;Deuterostomia;Chordata;Craniata;Vertebrata;Gnathostomata;Teleostomi;Euteleostomi;Actinopterygii;Actinopteri;Neopterygii;Teleostei;Osteoglossocephalai;Clupeocephala;Euteleosteomorpha;Neoteleostei;Eurypterygia;Ctenosquamata;Acanthomorphata;Euacanthomorphacea;Percomorphaceae;Eupercaria;Perciformes;Cottioidei;Cottales;Liparidae;Liparis;Liparis tanakae,20,110,275,365
1812,pore,AF-A0A7S3CK08-F1-model_v6,1.0,0.000803,1082188.0,cellular organisms;Eukaryota;Sar;Alveolata;Ciliophora;Intramacronucleata;Spirotrichea;Oligotrichia;Strombidiidae;Strombidium;Strombidium rassoulzadegani,4,108,253,358
1813,pore,AF-A0A813L955-F1-model_v6,1.0,0.0373,89957.0,cellular organisms;Eukaryota;Sar;Alveolata;Dinophyceae;Suessiales;Suessiaceae;Polarella;Polarella glacialis,2,74,292,364
1814,pore,AF-D6WLT4-F1-model_v6,1.0,0.00776,7070.0,cellular organisms;Eukaryota;Opisthokonta;Metazoa;Eumetazoa;Bilateria;Protostomia;Ecdysozoa;Panarthropoda;Arthropoda;Mandibulata;Pancrustacea;Hexapoda;Insecta;Dicondylia;Pterygota;Neoptera;Endopterygota;Coleoptera;Polyphaga;Cucujiformia;Tenebrionoidea;Tenebrionidae;Tenebrionidae incertae sedis;Tribolium;Tribolium castaneum,4,88,282,365
1815,pore,AF-A0A6J2X2H2-F1-model_v6,1.0,0.00615,7048.0,cellular organisms;Eukaryota;Opisthokonta;Metazoa;Eumetazoa;Bilateria;Protostomia;Ecdysozoa;Panarthropoda;Arthropoda;Mandibulata;Pancrustacea;Hexapoda;Insecta;Dicondylia;Pterygota;Neoptera;Endopterygota;Coleoptera;Polyphaga;Cucujiformia;Curculionoidea;Curculionidae;Dryophthorinae;Sitophilus;Sitophilus oryzae,4,101,267,365
1816,pore,AF-A0A1B6CD97-F1-model_v6,1.0,0.000299,38151.0,cellular organisms;Eukaryota;Opisthokonta;Metazoa;Eumetazoa;Bilateria;Protostomia;Ecdysozoa;Panarthropoda;Arthropoda;Mandibulata;Pancrustacea;Hexapoda;Insecta;Dicondylia;Pterygota;Neoptera;Paraneoptera;Hemiptera;Auchenorrhyncha;Cicadomorpha;Cercopoidea;Clastopteridae;Clastoptera;Clastoptera arizonana,2,88,278,365
1817,pore,AF-A0A8K0GF05-F1-model_v6,1.0,1.94e-05,2038154.0,cellular organisms;Eukaryota;Opisthokonta;Metazoa;Eumetazoa;Bilateria;Protostomia;Ecdysozoa;Panarthropoda;Arthropoda;Mandibulata;Pancrustacea;Hexapoda;Insecta;Dicondylia;Pterygota;Neoptera;Endopterygota;Coleoptera;Polyphaga;Elateriformia;Elateroidea;Elateridae;Agrypninae;Pyrophorini;Ignelater;Ignelater luminosus,2,80,285,363
1818,pore,AF-A0A822FE32-F1-model_v6,1.0,0.000282,2762511.0,cellular organisms;Eukaryota;Opisthokonta;Metazoa;Eumetazoa;Bilateria;Protostomia;Spiralia;Gnathifera;Rotifera;Eurotatoria;Bdelloidea;Philodinida;Philodinidae;Rotaria;unclassified Rotaria;Rotaria sp. Silwood1,8,94,277,364
1819,pore,AF-K1S643-F1-model_v6,1.0,5.21e-05,29159.0,cellular organisms;Eukaryota;Opisthokonta;Metazoa;Eumetazoa;Bilateria;Protostomia;Spiralia;Lophotrochozoa;Mollusca;Bivalvia;Autobranchia;Pteriomorphia;Ostreida;Ostreoidea;Ostreidae;Magallana;Magallana gigas,1,92,270,364
1820,pore,AF-A0A482VXV0-F1-model_v6,1.0,0.00732,1661398.0,cellular organisms;Eukaryota;Opisthokonta;Metazoa;Eumetazoa;Bilateria;Protostomia;Ecdysozoa;Panarthropoda;Arthropoda;Mandibulata;Pancrustacea;Hexapoda;Insecta;Dicondylia;Pterygota;Neoptera;Endopterygota;Coleoptera;Polyphaga;Cucujiformia;Tenebrionoidea;Tenebrionidae;Pimeliinae;Asbolus;Asbolus verrucosus,2,72,295,364
1821,pore,AF-A0A0M3JQC5-F1-model_v6,1.0,0.00136,6269.0,cellular organisms;Eukaryota;Opisthokonta;Metazoa;Eumetazoa;Bilateria;Protostomia;Ecdysozoa;Nematoda;Chromadorea;Rhabditida;Spirurina;Ascaridomorpha;Ascaridoidea;Anisakidae;Anisakis;Anisakis simplex complex;Anisakis simplex,2,78,288,364
1822,pore,AF-A0A914GP09-F1-model_v6,1.0,0.000299,591445.0,cellular organisms;Eukaryota;Opisthokonta;Metazoa;Eumetazoa;Bilateria;Protostomia;Ecdysozoa;Nematoda;Chromadorea;Rhabditida;Tylenchina;Panagrolaimomorpha;Panagrolaimoidea;Panagrolaimidae;Panagrolaimus;unclassified Panagrolaimus;Panagrolaimus sp. ES5,2,78,288,364
1823,pore,AF-A0A6C0PN67-F1-model_v6,1.0,0.000125,6645.0,cellular organisms;Eukaryota;Opisthokonta;Metazoa;Eumetazoa;Bilateria;Protostomia;Spiralia;Lophotrochozoa;Mollusca;Cephalopoda;Coleoidea;Octopodiformes;Octopoda;Incirrata;Octopodidae;Octopus;Octopus vulgaris,2,75,292,365
1824,pore,AF-A0A7J7EWS4-F1-model_v6,1.0,0.000211,77932.0,cellular organisms;Eukaryota;Opisthokonta;Metazoa;Eumetazoa;Bilateria;Deuterostomia;Chordata;Craniata;Vertebrata;Gnathostomata;Teleostomi;Euteleostomi;Sarcopterygii;Dipnotetrapodomorpha;Tetrapoda;Amniota;Mammalia;Theria;Eutheria;Boreoeutheria;Laurasiatheria;Perissodactyla;Rhinocerotidae;Diceros;Diceros bicornis;Diceros bicornis minor,1,66,77,142
1825,pore,AF-A0A7J7EW53-F1-model_v6,1.0,6.42e-06,77932.0,cellular organisms;Eukaryota;Opisthokonta;Metazoa;Eumetazoa;Bilateria;Deuterostomia;Chordata;Craniata;Vertebrata;Gnathostomata;Teleostomi;Euteleostomi;Sarcopterygii;Dipnotetrapodomorpha;Tetrapoda;Amniota;Mammalia;Theria;Eutheria;Boreoeutheria;Laurasiatheria;Perissodactyla;Rhinocerotidae;Diceros;Diceros bicornis;Diceros bicornis minor,4,70,164,230
1826,pore,AF-A0A482WMF9-F1-model_v6,1.0,0.00324,195883.0,cellular organisms;Eukaryota;Opisthokonta;Metazoa;Eumetazoa;Bilateria;Protostomia;Ecdysozoa;Panarthropoda;Arthropoda;Mandibulata;Pancrustacea;Hexapoda;Insecta;Dicondylia;Pterygota;Neoptera;Paraneoptera;Hemiptera;Auchenorrhyncha;Fulgoromorpha;Fulgoroidea;Delphacidae;Criomorphinae;Laodelphax;Laodelphax striatellus,2,59,307,364
1827,pore,AF-R7T3Y4-F1-model_v6,1.0,0.0117,283909.0,cellular organisms;Eukaryota;Opisthokonta;Metazoa;Eumetazoa;Bilateria;Protostomia;Spiralia;Lophotrochozoa;Annelida;Polychaeta;Sedentaria;Scolecida;Capitellidae;Capitella;Capitella teleta,1,55,310,364
2109,cap,AF-A0A397EFC1-F1-model_v6,1.0,9.05e-09,112090.0,cellular organisms;Eukaryota;Sar;Stramenopiles;Oomycota;Saprolegniomycetes;Saprolegniales;Verrucalvaceae;Aphanomyces;Aphanomyces astaci,489,697,2,216
2145,cap,AF-A0A1I7VK44-F1-model_v6,1.0,0.00306,7209.0,cellular organisms;Eukaryota;Opisthokonta;Metazoa;Eumetazoa;Bilateria;Protostomia;Ecdysozoa;Nematoda;Chromadorea;Rhabditida;Spirurina;Spiruromorpha;Filarioidea;Onchocercidae;Loa;Loa loa,2,168,81,219
2214,cap,AF-M8B4B6-F1-model_v6,1.0,1.51e-09,37682.0,cellular organisms;Eukaryota;Viridiplantae;Streptophyta;Streptophytina;Embryophyta;Tracheophyta;Euphyllophyta;Spermatophyta;Magnoliopsida;Mesangiospermae;Liliopsida;Petrosaviidae;commelinids;Poales;Poaceae;BOP clade;Pooideae;Triticodae;Triticeae;Triticinae;Aegilops;Aegilops tauschii,18,220,1,217
2241,cap,AF-A0AAV1SA45-F1-model_v6,1.0,1.86e-10,77055.0,cellular organisms;Eukaryota;Viridiplantae;Streptophyta;Streptophytina;Embryophyta;Tracheophyta;Euphyllophyta;Spermatophyta;Magnoliopsida;Mesangiospermae;eudicotyledons;Gunneridae;Pentapetalae;rosids;fabids;Malpighiales;Salicaceae;Flacourtieae;Dovyalis;Dovyalis caffra,22,218,2,218
2254,cap,AF-A0A448WBR2-F1-model_v6,1.0,1.11e-07,117903.0,cellular organisms;Eukaryota;Opisthokonta;Metazoa;Eumetazoa;Bilateria;Protostomia;Spiralia;Lophotrochozoa;Platyhelminthes;Monogenea;Polyopisthocotylea;Polystomatidea;Polystomatidae;Protopolystoma;Protopolystoma xenopodis,6,187,44,205
2275,cap,AF-A0A7S2CIP9-F1-model_v6,0.97,0.0376,327968.0,cellular organisms;Eukaryota;Sar;Alveolata;Dinophyceae;Gonyaulacales;Pyrocystaceae;Alexandrium;Alexandrium andersonii,79,199,2,116
2280,cap,AF-A0A0L9VD02-F1-model_v6,1.0,1.26e-09,3914.0,cellular organisms;Eukaryota;Viridiplantae;Streptophyta;Streptophytina;Embryophyta;Tracheophyta;Euphyllophyta;Spermatophyta;Magnoliopsida;Mesangiospermae;eudicotyledons;Gunneridae;Pentapetalae;rosids;fabids;Fabales;Fabaceae;Papilionoideae;50 kb inversion clade;NPAAA clade;indigoferoid/millettioid clade;Phaseoleae;Vigna;Vigna angularis,20,214,2,218
2281,cap,AF-A0AAN8VWN9-F1-model_v6,1.0,7.76e-06,194707.0,cellular organisms;Eukaryota;Viridiplantae;Streptophyta;Streptophytina;Embryophyta;Tracheophyta;Euphyllophyta;Spermatophyta;Magnoliopsida;Mesangiospermae;eudicotyledons;Gunneridae;Pentapetalae;Dilleniales;Dilleniaceae;Dillenia;Dillenia turbinata,81,226,51,218
2304,cap,AF-A0A914XMB6-F1-model_v6,1.0,0.00241,2011161.0,cellular organisms;Eukaryota;Opisthokonta;Metazoa;Eumetazoa;Bilateria;Protostomia;Ecdysozoa;Nematoda;Chromadorea;Plectida;Plectina;Plectoidea;Plectidae;Plectus;Plectus sambesii,17,127,122,219
2306,cap,AF-A0A2I0AHD5-F1-model_v6,1.0,5.79e-10,1088818.0,cellular organisms;Eukaryota;Viridiplantae;Streptophyta;Streptophytina;Embryophyta;Tracheophyta;Euphyllophyta;Spermatophyta;Magnoliopsida;Mesangiospermae;Liliopsida;Petrosaviidae;Asparagales;Orchidaceae;Apostasioideae;Apostasia;Apostasia shenzhenica,43,235,2,218
2312,cap,AF-A0A0S7EG05-F1-model_v6,1.0,1.87e-14,188132.0,cellular organisms;Eukaryota;Opisthokonta;Metazoa;Eumetazoa;Bilateria;Deuterostomia;Chordata;Craniata;Vertebrata;Gnathostomata;Teleostomi;Euteleostomi;Actinopterygii;Actinopteri;Neopterygii;Teleostei;Osteoglossocephalai;Clupeocephala;Euteleosteomorpha;Neoteleostei;Eurypterygia;Ctenosquamata;Acanthomorphata;Euacanthomorphacea;Percomorphaceae;Ovalentaria;Atherinomorphae;Cyprinodontiformes;Cyprinodontoidei;Poeciliidae;Poeciliinae;Poeciliopsis;Poeciliopsis prolifica,1,191,35,219
2325,cap,AF-A0AAW0PND1-F1-model_v6,1.0,0.000196,88201.0,cellular organisms;Eukaryota;Opisthokonta;Metazoa;Eumetazoa;Bilateria;Deuterostomia;Chordata;Craniata;Vertebrata;Gnathostomata;Teleostomi;Euteleostomi;Actinopterygii;Actinopteri;Neopterygii;Teleostei;Osteoglossocephalai;Clupeocephala;Euteleosteomorpha;Neoteleostei;Eurypterygia;Ctenosquamata;Acanthomorphata;Euacanthomorphacea;Percomorphaceae;Gobiaria;Gobiiformes;Gobioidei;Gobiidae;Gobionellinae;Mugilogobius;Mugilogobius chulae,9,123,89,201
2333,cap,AF-A0A1S3QJI5-F1-model_v6,1.0,6.67e-05,8030.0,cellular organisms;Eukaryota;Opisthokonta;Metazoa;Eumetazoa;Bilateria;Deuterostomia;Chordata;Craniata;Vertebrata;Gnathostomata;Teleostomi;Euteleostomi;Actinopterygii;Actinopteri;Neopterygii;Teleostei;Osteoglossocephalai;Clupeocephala;Euteleosteomorpha;Protacanthopterygii;Salmoniformes;Salmonidae;Salmoninae;Salmo;Salmo salar,4,105,122,219
2334,cap,AF-A0A3P6PRU8-F1-model_v6,1.0,0.0173,6269.0,cellular organisms;Eukaryota;Opisthokonta;Metazoa;Eumetazoa;Bilateria;Protostomia;Ecdysozoa;Nematoda;Chromadorea;Rhabditida;Spirurina;Ascaridomorpha;Ascaridoidea;Anisakidae;Anisakis;Anisakis simplex complex;Anisakis simplex,2,104,93,219
